adm2_pcode,adm2_name,adm1_name,population,area_sqkm,Year,Month,COUNT_OBJECTID,FREQUENCY,Incidence_100k,Rainfall_mm,Temperature_C,Date,Outbreak_Risk,Population_Density,Cases_Lag1,Incidence_Lag1,Rainfall_Lag1,Temperature_Lag1,Cases_Prior3mo_Avg,Wet_Season,Predicted_Probability,Predicted_Class
LR0101,Dowein,Bomi,28371.0,315.7855126,2020,4,0,0,0.0,203.5109802246094,27.55246505737305,2020-04-01,0,89.84262693500145,0.0,0.0,107.76601333618164,27.498283004760747,0.0,0,0.004006598,0
LR0101,Dowein,Bomi,28371.0,315.7855126,2020,5,0,0,0.0,318.2847198486328,27.30362911224365,2020-05-01,0,89.84262693500145,0.0,0.0,203.5109802246094,27.55246505737305,0.0,1,0.01238105,0
LR0101,Dowein,Bomi,28371.0,315.7855126,2020,6,0,0,0.0,548.838702392578,26.21584815979004,2020-06-01,0,89.84262693500145,0.0,0.0,318.2847198486328,27.30362911224365,0.0,1,0.07788347,0
LR0101,Dowein,Bomi,28371.0,315.7855126,2020,7,0,0,0.0,640.2675415039062,25.113558197021483,2020-07-01,0,89.84262693500145,0.0,0.0,548.838702392578,26.21584815979004,0.0,1,0.0010989435,0
LR0101,Dowein,Bomi,28371.0,315.7855126,2020,8,0,0,0.0,384.0191223144532,24.655789756774904,2020-08-01,0,89.84262693500145,0.0,0.0,640.2675415039062,25.113558197021483,0.0,1,0.0033124888,0
LR0101,Dowein,Bomi,28371.0,315.7855126,2020,9,0,0,0.0,430.18207397460935,25.347360038757323,2020-09-01,0,89.84262693500145,0.0,0.0,384.0191223144532,24.655789756774904,0.0,1,0.0001657904,0
LR0101,Dowein,Bomi,28371.0,315.7855126,2020,10,0,0,0.0,322.4762817382813,26.109194946289065,2020-10-01,0,89.84262693500145,0.0,0.0,430.18207397460935,25.347360038757323,0.0,1,0.00032006658,0
LR0101,Dowein,Bomi,28371.0,315.7855126,2020,11,0,0,0.0,142.8794937133789,26.3536283493042,2020-11-01,0,89.84262693500145,0.0,0.0,322.4762817382813,26.109194946289065,0.0,0,5.2301024e-05,0
LR0101,Dowein,Bomi,28371.0,315.7855126,2020,12,0,0,0.0,80.07858047485352,26.57247295379639,2020-12-01,0,89.84262693500145,0.0,0.0,142.8794937133789,26.3536283493042,0.0,0,8.362624e-05,0
LR0101,Dowein,Bomi,28371.0,315.7855126,2021,1,0,0,0.0,33.20594024658203,26.697594261169435,2021-01-01,0,89.84262693500145,0.0,0.0,80.07858047485352,26.57247295379639,0.0,0,5.5201497e-05,0
LR0101,Dowein,Bomi,28371.0,315.7855126,2021,2,0,0,0.0,92.72333908081056,27.14889030456543,2021-02-01,0,89.84262693500145,0.0,0.0,33.20594024658203,26.697594261169435,0.0,0,3.0374915e-05,0
LR0101,Dowein,Bomi,28371.0,315.7855126,2021,3,0,0,0.0,109.46747055053712,26.775195884704587,2021-03-01,0,89.84262693500145,0.0,0.0,92.72333908081056,27.14889030456543,0.0,0,4.132712e-05,0
LR0101,Dowein,Bomi,28371.0,315.7855126,2021,4,0,0,0.0,137.4008499145508,27.28270435333252,2021-04-01,0,89.84262693500145,0.0,0.0,109.46747055053712,26.775195884704587,0.0,0,0.00018598708,0
LR0101,Dowein,Bomi,28371.0,315.7855126,2021,5,0,0,0.0,309.1953521728516,27.04913349151612,2021-05-01,0,89.84262693500145,0.0,0.0,137.4008499145508,27.28270435333252,0.0,1,0.0014234342,0
LR0101,Dowein,Bomi,28371.0,315.7855126,2021,6,0,0,0.0,666.7266967773437,26.293019104003907,2021-06-01,0,89.84262693500145,0.0,0.0,309.1953521728516,27.04913349151612,0.0,1,0.012342917,0
LR0101,Dowein,Bomi,28371.0,315.7855126,2021,7,0,0,0.0,600.7725402832032,25.39944515228272,2021-07-01,0,89.84262693500145,0.0,0.0,666.7266967773437,26.293019104003907,0.0,1,0.0053208517,0
LR0101,Dowein,Bomi,28371.0,315.7855126,2021,8,0,0,0.0,539.2371215820312,25.293534278869632,2021-08-01,0,89.84262693500145,0.0,0.0,600.7725402832032,25.39944515228272,0.0,1,0.00039899795,0
LR0101,Dowein,Bomi,28371.0,315.7855126,2021,9,0,0,0.0,507.22816772460936,25.62104110717773,2021-09-01,0,89.84262693500145,0.0,0.0,539.2371215820312,25.293534278869632,0.0,1,5.7495723e-05,0
LR0101,Dowein,Bomi,28371.0,315.7855126,2021,10,0,0,0.0,355.09263000488284,26.40881004333496,2021-10-01,0,89.84262693500145,0.0,0.0,507.22816772460936,25.62104110717773,0.0,1,0.00012896801,0
LR0101,Dowein,Bomi,28371.0,315.7855126,2021,11,0,0,0.0,135.08342971801758,26.587405014038083,2021-11-01,0,89.84262693500145,0.0,0.0,355.09263000488284,26.40881004333496,0.0,0,0.00017016324,0
LR0101,Dowein,Bomi,28371.0,315.7855126,2021,12,0,0,0.0,43.96623764038086,26.929655265808105,2021-12-01,0,89.84262693500145,0.0,0.0,135.08342971801758,26.587405014038083,0.0,0,0.042912446,0
LR0101,Dowein,Bomi,28371.0,315.7855126,2022,1,0,0,0.0,16.18411931991577,26.459982109069827,2022-01-01,0,89.84262693500145,0.0,0.0,43.96623764038086,26.929655265808105,0.0,0,6.8722424e-05,0
LR0101,Dowein,Bomi,28371.0,315.7855126,2022,2,0,0,0.0,49.58730964660644,27.00644626617432,2022-02-01,0,89.84262693500145,0.0,0.0,16.18411931991577,26.459982109069827,0.0,0,2.6224008e-05,0
LR0101,Dowein,Bomi,28371.0,315.7855126,2022,3,0,0,0.0,68.43909072875977,26.81663990020752,2022-03-01,0,89.84262693500145,0.0,0.0,49.58730964660644,27.00644626617432,0.0,0,3.59312e-05,0
LR0101,Dowein,Bomi,28371.0,315.7855126,2022,4,0,0,0.0,138.19885635375977,27.0240125656128,2022-04-01,0,89.84262693500145,0.0,0.0,68.43909072875977,26.81663990020752,0.0,0,3.9889546e-05,0
LR0101,Dowein,Bomi,28371.0,315.7855126,2022,5,0,0,0.0,238.08691558837893,26.88515491485596,2022-05-01,0,89.84262693500145,0.0,0.0,138.19885635375977,27.0240125656128,0.0,1,0.0003367863,0
LR0101,Dowein,Bomi,28371.0,315.7855126,2022,6,0,0,0.0,652.1117492675781,26.143310356140137,2022-06-01,0,89.84262693500145,0.0,0.0,238.08691558837893,26.88515491485596,0.0,1,0.010207262,0
LR0101,Dowein,Bomi,28371.0,315.7855126,2022,7,0,0,0.0,282.5908569335937,25.12741394042969,2022-07-01,0,89.84262693500145,0.0,0.0,652.1117492675781,26.143310356140137,0.0,1,0.003647678,0
LR0101,Dowein,Bomi,28371.0,315.7855126,2022,8,0,0,0.0,477.3987426757813,24.808968544006348,2022-08-01,0,89.84262693500145,0.0,0.0,282.5908569335937,25.12741394042969,0.0,1,0.0024377506,0
LR0101,Dowein,Bomi,28371.0,315.7855126,2022,9,0,0,0.0,476.5153564453125,25.188893699645995,2022-09-01,0,89.84262693500145,0.0,0.0,477.3987426757813,24.808968544006348,0.0,1,9.4382485e-05,0
LR0101,Dowein,Bomi,28371.0,315.7855126,2022,10,0,0,0.0,363.5664428710937,25.960292434692384,2022-10-01,0,89.84262693500145,0.0,0.0,476.5153564453125,25.188893699645995,0.0,1,9.707745e-05,0
LR0101,Dowein,Bomi,28371.0,315.7855126,2022,11,0,0,0.0,107.84282073974607,26.0933177947998,2022-11-01,0,89.84262693500145,0.0,0.0,363.5664428710937,25.960292434692384,0.0,0,3.760165e-05,0
LR0101,Dowein,Bomi,28371.0,315.7855126,2022,12,0,0,0.0,51.69172058105469,26.294113731384275,2022-12-01,0,89.84262693500145,0.0,0.0,107.84282073974607,26.0933177947998,0.0,0,0.000110802146,0
LR0101,Dowein,Bomi,28371.0,315.7855126,2023,1,0,0,0.0,15.630122661590576,26.24843902587891,2023-01-01,0,89.84262693500145,0.0,0.0,51.69172058105469,26.294113731384275,0.0,0,1.903894e-05,0
LR0101,Dowein,Bomi,28371.0,315.7855126,2023,2,0,0,0.0,26.870072746276858,26.94217433929444,2023-02-01,0,89.84262693500145,0.0,0.0,15.630122661590576,26.24843902587891,0.0,0,0.00010325373,0
LR0102,Klay,Bomi,25720.0,608.34817702,2020,4,0,0,0.0,213.54928080240884,27.30035331032493,2020-04-01,0,42.27842043677963,0.0,0.0,118.66286129421658,27.272518591447312,0.0,0,0.00038709605,0
LR0102,Klay,Bomi,25720.0,608.34817702,2020,5,0,0,0.0,286.5963007609049,27.013154550032176,2020-05-01,0,42.27842043677963,0.0,0.0,213.54928080240884,27.30035331032493,0.0,1,0.00078093325,0
LR0102,Klay,Bomi,25720.0,608.34817702,2020,6,0,0,0.0,493.4141845703125,25.92153393138539,2020-06-01,0,42.27842043677963,0.0,0.0,286.5963007609049,27.013154550032176,0.0,1,0.0008977734,0
LR0102,Klay,Bomi,25720.0,608.34817702,2020,7,0,0,0.0,592.3511081271702,24.77562548897484,2020-07-01,0,42.27842043677963,0.0,0.0,493.4141845703125,25.92153393138539,0.0,1,0.0009116951,0
LR0102,Klay,Bomi,25720.0,608.34817702,2020,8,0,0,0.0,396.8766564263238,24.314626693725582,2020-08-01,0,42.27842043677963,0.0,0.0,592.3511081271702,24.77562548897484,0.0,1,0.00015917046,0
LR0102,Klay,Bomi,25720.0,608.34817702,2020,9,0,0,0.0,423.7085215250651,25.08628819205544,2020-09-01,0,42.27842043677963,0.0,0.0,396.8766564263238,24.314626693725582,0.0,1,0.00029410687,0
LR0102,Klay,Bomi,25720.0,608.34817702,2020,10,0,0,0.0,318.4538658989801,25.851663416082207,2020-10-01,0,42.27842043677963,0.0,0.0,423.7085215250651,25.08628819205544,0.0,1,5.1058996e-05,0
LR0102,Klay,Bomi,25720.0,608.34817702,2020,11,0,0,0.0,139.37685097588434,26.0763712796298,2020-11-01,0,42.27842043677963,0.0,0.0,318.4538658989801,25.851663416082207,0.0,0,8.199639e-05,0
LR0102,Klay,Bomi,25720.0,608.34817702,2020,12,1,1,3.888024883359253,74.47644593980579,26.301030158996586,2020-12-01,0,42.27842043677963,0.0,0.0,139.37685097588434,26.0763712796298,0.0,0,1.5461106e-05,0
LR0102,Klay,Bomi,25720.0,608.34817702,2021,1,0,0,0.0,35.10210673014322,26.35371459614147,2021-01-01,0,42.27842043677963,1.0,3.888024883359253,74.47644593980579,26.301030158996586,0.3333333333333333,0,0.00077849545,0
LR0102,Klay,Bomi,25720.0,608.34817702,2021,2,0,0,0.0,98.67967224121094,26.89495051990857,2021-02-01,0,42.27842043677963,0.0,0.0,35.10210673014322,26.35371459614147,0.3333333333333333,0,2.1950287e-05,0
LR0102,Klay,Bomi,25720.0,608.34817702,2021,3,0,0,0.0,118.82300016615126,26.578105059537016,2021-03-01,0,42.27842043677963,0.0,0.0,98.67967224121094,26.89495051990857,0.3333333333333333,0,5.7995177e-05,0
LR0102,Klay,Bomi,25720.0,608.34817702,2021,4,0,0,0.0,156.84432644314234,27.05539460615678,2021-04-01,0,42.27842043677963,0.0,0.0,118.82300016615126,26.578105059537016,0.0,0,2.179491e-05,0
LR0102,Klay,Bomi,25720.0,608.34817702,2021,5,0,0,0.0,309.40731641981336,26.7750301361084,2021-05-01,0,42.27842043677963,0.0,0.0,156.84432644314234,27.05539460615678,0.0,1,4.6176116e-05,0
LR0102,Klay,Bomi,25720.0,608.34817702,2021,6,4,4,15.552099533437012,604.9657016330295,25.98936254327948,2021-06-01,0,42.27842043677963,0.0,0.0,309.40731641981336,26.7750301361084,0.0,1,0.0012081284,0
LR0102,Klay,Bomi,25720.0,608.34817702,2021,7,15,15,58.320373250388805,510.2865329318576,25.06393302570689,2021-07-01,1,42.27842043677963,4.0,15.552099533437012,604.9657016330295,25.98936254327948,1.3333333333333333,1,0.8912642,1
LR0102,Klay,Bomi,25720.0,608.34817702,2021,8,0,0,0.0,559.9732462565105,24.93243139440364,2021-08-01,0,42.27842043677963,15.0,58.320373250388805,510.2865329318576,25.06393302570689,6.333333333333333,1,0.015424711,0
LR0102,Klay,Bomi,25720.0,608.34817702,2021,9,0,0,0.0,483.8579491509331,25.342227155512035,2021-09-01,0,42.27842043677963,0.0,0.0,559.9732462565105,24.93243139440364,6.333333333333333,1,0.0015054424,0
LR0102,Klay,Bomi,25720.0,608.34817702,2021,10,0,0,0.0,331.30511135525177,26.132978179238066,2021-10-01,0,42.27842043677963,0.0,0.0,483.8579491509331,25.342227155512035,5.0,1,0.0018620321,0
LR0102,Klay,Bomi,25720.0,608.34817702,2021,11,0,0,0.0,144.87941148546005,26.309316288341176,2021-11-01,0,42.27842043677963,0.0,0.0,331.30511135525177,26.132978179238066,0.0,0,9.965512e-05,0
LR0102,Klay,Bomi,25720.0,608.34817702,2021,12,0,0,0.0,45.02066548665364,26.599636077880863,2021-12-01,0,42.27842043677963,0.0,0.0,144.87941148546005,26.309316288341176,0.0,0,0.00023281664,0
LR0102,Klay,Bomi,25720.0,608.34817702,2022,1,0,0,0.0,13.202509986029732,25.958931142633613,2022-01-01,0,42.27842043677963,0.0,0.0,45.02066548665364,26.599636077880863,0.0,0,0.00040074938,0
LR0102,Klay,Bomi,25720.0,608.34817702,2022,2,0,0,0.0,52.14772669474285,26.716475400057707,2022-02-01,0,42.27842043677963,0.0,0.0,13.202509986029732,25.958931142633613,0.0,0,9.702183e-06,0
LR0102,Klay,Bomi,25720.0,608.34817702,2022,3,0,0,0.0,77.01539866129558,26.64087260853161,2022-03-01,0,42.27842043677963,0.0,0.0,52.14772669474285,26.716475400057707,0.0,0,2.544697e-06,0
LR0102,Klay,Bomi,25720.0,608.34817702,2022,4,0,0,0.0,147.7608108520508,26.78585329922763,2022-04-01,0,42.27842043677963,0.0,0.0,77.01539866129558,26.64087260853161,0.0,0,5.3550025e-06,0
LR0102,Klay,Bomi,25720.0,608.34817702,2022,5,0,0,0.0,215.32240210639105,26.589369773864743,2022-05-01,0,42.27842043677963,0.0,0.0,147.7608108520508,26.78585329922763,0.0,1,8.0728714e-05,0
LR0102,Klay,Bomi,25720.0,608.34817702,2022,6,0,0,0.0,583.4894070095486,25.82534807378596,2022-06-01,0,42.27842043677963,0.0,0.0,215.32240210639105,26.589369773864743,0.0,1,0.000382433,0
LR0102,Klay,Bomi,25720.0,608.34817702,2022,7,0,0,0.0,265.22674475775824,24.78685075586493,2022-07-01,0,42.27842043677963,0.0,0.0,583.4894070095486,25.82534807378596,0.0,1,0.0011928924,0
LR0102,Klay,Bomi,25720.0,608.34817702,2022,8,0,0,0.0,477.5886806911893,24.4763332713734,2022-08-01,0,42.27842043677963,0.0,0.0,265.22674475775824,24.78685075586493,0.0,1,7.5854834e-05,0
LR0102,Klay,Bomi,25720.0,608.34817702,2022,9,0,0,0.0,436.2420010036892,24.88870377974077,2022-09-01,0,42.27842043677963,0.0,0.0,477.5886806911893,24.4763332713734,0.0,1,0.0029409132,0
LR0102,Klay,Bomi,25720.0,608.34817702,2022,10,0,0,0.0,339.2154897054036,25.71622276306153,2022-10-01,0,42.27842043677963,0.0,0.0,436.2420010036892,24.88870377974077,0.0,1,6.044043e-05,0
LR0102,Klay,Bomi,25720.0,608.34817702,2022,11,0,0,0.0,121.42214457194012,25.80573359402744,2022-11-01,0,42.27842043677963,0.0,0.0,339.2154897054036,25.71622276306153,0.0,0,2.7230528e-05,0
LR0102,Klay,Bomi,25720.0,608.34817702,2022,12,0,0,0.0,50.79387834337022,25.91795149716464,2022-12-01,0,42.27842043677963,0.0,0.0,121.42214457194012,25.80573359402744,0.0,0,6.0297025e-05,0
LR0102,Klay,Bomi,25720.0,608.34817702,2023,1,0,0,0.0,17.38177400165134,25.858906832608305,2023-01-01,0,42.27842043677963,0.0,0.0,50.79387834337022,25.91795149716464,0.0,0,6.257358e-05,0
LR0102,Klay,Bomi,25720.0,608.34817702,2023,2,0,0,0.0,29.612991968790688,26.80546725880016,2023-02-01,0,42.27842043677963,0.0,0.0,17.38177400165134,25.858906832608305,0.0,0,6.701392e-05,0
LR0103,Senjeh,Bomi,52740.0,534.69441875,2020,4,0,0,0.0,217.63165524131367,27.07870137691497,2020-04-01,0,98.63577802681151,0.0,0.0,109.22759929456208,27.058963298797607,0.0,0,0.00062398036,0
LR0103,Senjeh,Bomi,52740.0,534.69441875,2020,5,0,0,0.0,286.19326220060657,26.8008555173874,2020-05-01,0,98.63577802681151,0.0,0.0,217.63165524131367,27.07870137691497,0.0,1,0.0010366688,0
LR0103,Senjeh,Bomi,52740.0,534.69441875,2020,6,4,4,7.584376185058778,471.9056460731909,25.760556578636173,2020-06-01,0,98.63577802681151,0.0,0.0,286.19326220060657,26.8008555173874,0.0,1,0.027834008,0
LR0103,Senjeh,Bomi,52740.0,534.69441875,2020,7,10,10,18.960940462646946,616.7783203125,24.587926030159,2020-07-01,1,98.63577802681151,4.0,7.584376185058778,471.9056460731909,25.760556578636173,1.3333333333333333,1,0.92232424,1
LR0103,Senjeh,Bomi,52740.0,534.69441875,2020,8,5,5,9.480470231323473,411.06865330746297,24.13565135002136,2020-08-01,1,98.63577802681151,10.0,18.960940462646946,616.7783203125,24.587926030159,4.666666666666667,1,0.96828073,1
LR0103,Senjeh,Bomi,52740.0,534.69441875,2020,9,1,1,1.8960940462646945,438.4501535516037,24.94563615322113,2020-09-01,0,98.63577802681151,5.0,9.480470231323473,411.06865330746297,24.13565135002136,6.333333333333333,1,0.026019288,0
LR0103,Senjeh,Bomi,52740.0,534.69441875,2020,10,1,1,1.8960940462646945,319.56648655941615,25.70031464099884,2020-10-01,0,98.63577802681151,1.0,1.8960940462646945,438.4501535516037,24.94563615322113,5.333333333333333,1,0.0017333644,0
LR0103,Senjeh,Bomi,52740.0,534.69441875,2020,11,0,0,0.0,139.11857002659846,25.919176220893863,2020-11-01,0,98.63577802681151,1.0,1.8960940462646945,319.56648655941615,25.70031464099884,2.3333333333333335,0,0.0019118786,0
LR0103,Senjeh,Bomi,52740.0,534.69441875,2020,12,1,1,1.8960940462646945,71.5517658434416,26.10655212402344,2020-12-01,0,98.63577802681151,0.0,0.0,139.11857002659846,25.919176220893863,0.6666666666666666,0,0.008907926,0
LR0103,Senjeh,Bomi,52740.0,534.69441875,2021,1,0,0,0.0,33.676398427862864,26.06908524036407,2021-01-01,0,98.63577802681151,1.0,1.8960940462646945,71.5517658434416,26.10655212402344,0.6666666666666666,0,0.00024992687,0
LR0103,Senjeh,Bomi,52740.0,534.69441875,2021,2,0,0,0.0,84.1231834010074,26.63058578968048,2021-02-01,0,98.63577802681151,0.0,0.0,33.676398427862864,26.06908524036407,0.3333333333333333,0,9.310671e-06,0
LR0103,Senjeh,Bomi,52740.0,534.69441875,2021,3,0,0,0.0,108.3786062943308,26.4068615436554,2021-03-01,0,98.63577802681151,0.0,0.0,84.1231834010074,26.63058578968048,0.3333333333333333,0,5.008876e-05,0
LR0103,Senjeh,Bomi,52740.0,534.69441875,2021,4,0,0,0.0,161.4141412032278,26.90305876731873,2021-04-01,0,98.63577802681151,0.0,0.0,108.3786062943308,26.4068615436554,0.0,0,0.00011745796,0
LR0103,Senjeh,Bomi,52740.0,534.69441875,2021,5,0,0,0.0,296.3422417891653,26.62605845928192,2021-05-01,0,98.63577802681151,0.0,0.0,161.4141412032278,26.90305876731873,0.0,1,0.0011196219,0
LR0103,Senjeh,Bomi,52740.0,534.69441875,2021,6,16,16,30.33750474023511,578.8824848375822,25.823979854583737,2021-06-01,1,98.63577802681151,0.0,0.0,296.3422417891653,26.62605845928192,0.0,1,0.72619003,1
LR0103,Senjeh,Bomi,52740.0,534.69441875,2021,7,3,3,5.688282138794084,534.2719260767888,24.879486441612247,2021-07-01,0,98.63577802681151,16.0,30.33750474023511,578.8824848375822,25.823979854583737,5.333333333333333,1,0.078499325,0
LR0103,Senjeh,Bomi,52740.0,534.69441875,2021,8,0,0,0.0,546.4057520816201,24.71854555606842,2021-08-01,0,98.63577802681151,3.0,5.688282138794084,534.2719260767888,24.879486441612247,6.333333333333333,1,0.0128546925,0
LR0103,Senjeh,Bomi,52740.0,534.69441875,2021,9,0,0,0.0,479.02951692280016,25.186173200607296,2021-09-01,0,98.63577802681151,0.0,0.0,546.4057520816201,24.71854555606842,6.333333333333333,1,0.0030925237,0
LR0103,Senjeh,Bomi,52740.0,534.69441875,2021,10,0,0,0.0,307.8463150827508,25.983590960502628,2021-10-01,0,98.63577802681151,0.0,0.0,479.02951692280016,25.186173200607296,1.0,1,0.00029201026,0
LR0103,Senjeh,Bomi,52740.0,534.69441875,2021,11,0,0,0.0,154.5657147859272,26.14218032360077,2021-11-01,0,98.63577802681151,0.0,0.0,307.8463150827508,25.983590960502628,0.0,0,0.0002179661,0
LR0103,Senjeh,Bomi,52740.0,534.69441875,2021,12,1,1,1.8960940462646945,43.33837308381733,26.37815880775452,2021-12-01,0,98.63577802681151,0.0,0.0,154.5657147859272,26.14218032360077,0.0,0,0.002606105,0
LR0103,Senjeh,Bomi,52740.0,534.69441875,2022,1,1,1,1.8960940462646945,12.262678045975534,25.574889540672302,2022-01-01,0,98.63577802681151,1.0,1.8960940462646945,43.33837308381733,26.37815880775452,0.3333333333333333,0,0.0018290736,0
LR0103,Senjeh,Bomi,52740.0,534.69441875,2022,2,1,1,1.8960940462646945,50.71796196385434,26.40757250785828,2022-02-01,0,98.63577802681151,1.0,1.8960940462646945,12.262678045975534,25.574889540672302,0.6666666666666666,0,8.713047e-05,0
LR0103,Senjeh,Bomi,52740.0,534.69441875,2022,3,0,0,0.0,79.72797674881785,26.454888105392456,2022-03-01,0,98.63577802681151,1.0,1.8960940462646945,50.71796196385434,26.40757250785828,1.0,0,7.970763e-06,0
LR0103,Senjeh,Bomi,52740.0,534.69441875,2022,4,0,0,0.0,144.04774796335326,26.597519397735592,2022-04-01,0,98.63577802681151,0.0,0.0,79.72797674881785,26.454888105392456,0.6666666666666666,0,2.2864753e-05,0
LR0103,Senjeh,Bomi,52740.0,534.69441875,2022,5,0,0,0.0,206.907156693308,26.426079392433167,2022-05-01,0,98.63577802681151,0.0,0.0,144.04774796335326,26.597519397735592,0.3333333333333333,1,0.00030062525,0
LR0103,Senjeh,Bomi,52740.0,534.69441875,2022,6,0,0,0.0,584.4246119449014,25.654345512390137,2022-06-01,0,98.63577802681151,0.0,0.0,206.907156693308,26.426079392433167,0.0,1,0.017896052,0
LR0103,Senjeh,Bomi,52740.0,534.69441875,2022,7,0,0,0.0,295.45028284976354,24.59136247634888,2022-07-01,0,98.63577802681151,0.0,0.0,584.4246119449014,25.654345512390137,0.0,1,0.038778592,0
LR0103,Senjeh,Bomi,52740.0,534.69441875,2022,8,0,0,0.0,470.29373008326473,24.28824257850647,2022-08-01,0,98.63577802681151,0.0,0.0,295.45028284976354,24.59136247634888,0.0,1,0.0003523521,0
LR0103,Senjeh,Bomi,52740.0,534.69441875,2022,9,1,1,1.8960940462646945,412.35163156609786,24.72566092014313,2022-09-01,0,98.63577802681151,0.0,0.0,470.29373008326473,24.28824257850647,0.0,1,0.0004919169,0
LR0103,Senjeh,Bomi,52740.0,534.69441875,2022,10,0,0,0.0,338.08269781815386,25.572065114974976,2022-10-01,0,98.63577802681151,1.0,1.8960940462646945,412.35163156609786,24.72566092014313,0.3333333333333333,1,0.0019679498,0
LR0103,Senjeh,Bomi,52740.0,534.69441875,2022,11,0,0,0.0,123.55479029605264,25.62883222103119,2022-11-01,0,98.63577802681151,0.0,0.0,338.08269781815386,25.572065114974976,0.3333333333333333,0,0.00060029514,0
LR0103,Senjeh,Bomi,52740.0,534.69441875,2022,12,0,0,0.0,51.87922307064659,25.6802853345871,2022-12-01,0,98.63577802681151,0.0,0.0,123.55479029605264,25.62883222103119,0.3333333333333333,0,0.018350666,0
LR0103,Senjeh,Bomi,52740.0,534.69441875,2023,1,0,0,0.0,15.977540016174316,25.519930720329285,2023-01-01,0,98.63577802681151,0.0,0.0,51.87922307064659,25.6802853345871,0.0,0,0.0024605982,0
LR0103,Senjeh,Bomi,52740.0,534.69441875,2023,2,0,0,0.0,25.58179534109016,26.580374360084537,2023-02-01,0,98.63577802681151,0.0,0.0,15.977540016174316,25.519930720329285,0.0,0,0.00010487858,0
LR0104,Suehn Mecca,Bomi,16219.0,460.46633435,2020,4,0,0,0.0,227.22915056016708,27.2026857648577,2020-04-01,0,35.22298763251594,0.0,0.0,140.96720928615994,27.18388720921108,0.0,0,0.00035080998,0
LR0104,Suehn Mecca,Bomi,16219.0,460.46633435,2020,5,0,0,0.0,262.54755571153424,26.869249207632883,2020-05-01,0,35.22298763251594,0.0,0.0,227.22915056016708,27.2026857648577,0.0,1,0.00070354587,0
LR0104,Suehn Mecca,Bomi,16219.0,460.46633435,2020,6,0,0,0.0,458.2590738932292,25.74143614087785,2020-06-01,0,35.22298763251594,0.0,0.0,262.54755571153424,26.869249207632883,0.0,1,0.0009608063,0
LR0104,Suehn Mecca,Bomi,16219.0,460.46633435,2020,7,0,0,0.0,446.2697448730469,24.569076674325125,2020-07-01,0,35.22298763251594,0.0,0.0,458.2590738932292,25.74143614087785,0.0,1,0.02053088,0
LR0104,Suehn Mecca,Bomi,16219.0,460.46633435,2020,8,0,0,0.0,351.7705569797092,24.0964013508388,2020-08-01,0,35.22298763251594,0.0,0.0,446.2697448730469,24.569076674325125,0.0,1,0.0030519932,0
LR0104,Suehn Mecca,Bomi,16219.0,460.46633435,2020,9,0,0,0.0,416.1940578884549,24.923023496355327,2020-09-01,0,35.22298763251594,0.0,0.0,351.7705569797092,24.0964013508388,0.0,1,0.00116308,0
LR0104,Suehn Mecca,Bomi,16219.0,460.46633435,2020,10,0,0,0.0,279.9639612833659,25.69668565477644,2020-10-01,0,35.22298763251594,0.0,0.0,416.1940578884549,24.923023496355327,0.0,1,0.00016566146,0
LR0104,Suehn Mecca,Bomi,16219.0,460.46633435,2020,11,0,0,0.0,119.59452946980797,25.90468965257917,2020-11-01,0,35.22298763251594,0.0,0.0,279.9639612833659,25.69668565477644,0.0,0,3.0680887e-05,0
LR0104,Suehn Mecca,Bomi,16219.0,460.46633435,2020,12,0,0,0.0,72.48896577623155,26.16231359754289,2020-12-01,0,35.22298763251594,0.0,0.0,119.59452946980797,25.90468965257917,0.0,0,3.4501667e-05,0
LR0104,Suehn Mecca,Bomi,16219.0,460.46633435,2021,1,0,0,0.0,35.32831340365939,26.201868193490164,2021-01-01,0,35.22298763251594,0.0,0.0,72.48896577623155,26.16231359754289,0.0,0,4.3177122e-05,0
LR0104,Suehn Mecca,Bomi,16219.0,460.46633435,2021,2,0,0,0.0,104.80832290649414,26.81460530417306,2021-02-01,0,35.22298763251594,0.0,0.0,35.32831340365939,26.201868193490164,0.0,0,2.7254669e-06,0
LR0104,Suehn Mecca,Bomi,16219.0,460.46633435,2021,3,0,0,0.0,133.95069800482858,26.504817690168107,2021-03-01,0,35.22298763251594,0.0,0.0,104.80832290649414,26.81460530417306,0.0,0,1.0934827e-05,0
LR0104,Suehn Mecca,Bomi,16219.0,460.46633435,2021,4,0,0,0.0,163.3204430474175,26.945254053388325,2021-04-01,0,35.22298763251594,0.0,0.0,133.95069800482858,26.504817690168107,0.0,0,1.5667196e-05,0
LR0104,Suehn Mecca,Bomi,16219.0,460.46633435,2021,5,0,0,0.0,283.456303914388,26.60493251255581,2021-05-01,0,35.22298763251594,0.0,0.0,163.3204430474175,26.945254053388325,0.0,1,9.619703e-05,0
LR0104,Suehn Mecca,Bomi,16219.0,460.46633435,2021,6,2,2,12.331216474505208,555.2112596299912,25.800800051007947,2021-06-01,0,35.22298763251594,0.0,0.0,283.456303914388,26.60493251255581,0.0,1,0.0022902621,0
LR0104,Suehn Mecca,Bomi,16219.0,460.46633435,2021,7,0,0,0.0,417.08573235405817,24.85607038225446,2021-07-01,0,35.22298763251594,2.0,12.331216474505208,555.2112596299912,25.800800051007947,0.6666666666666666,1,0.0025615324,0
LR0104,Suehn Mecca,Bomi,16219.0,460.46633435,2021,8,0,0,0.0,543.6596611870659,24.715383802141464,2021-08-01,0,35.22298763251594,0.0,0.0,417.08573235405817,24.85607038225446,0.6666666666666666,1,0.004373576,0
LR0104,Suehn Mecca,Bomi,16219.0,460.46633435,2021,9,0,0,0.0,467.5891418457031,25.17107691083636,2021-09-01,0,35.22298763251594,0.0,0.0,543.6596611870659,24.715383802141464,0.6666666666666666,1,0.00024663485,0
LR0104,Suehn Mecca,Bomi,16219.0,460.46633435,2021,10,0,0,0.0,309.4854956732856,25.96165725163051,2021-10-01,0,35.22298763251594,0.0,0.0,467.5891418457031,25.17107691083636,0.0,1,6.0928676e-05,0
LR0104,Suehn Mecca,Bomi,16219.0,460.46633435,2021,11,0,0,0.0,139.99288092719183,26.1417773110526,2021-11-01,0,35.22298763251594,0.0,0.0,309.4854956732856,25.96165725163051,0.0,0,7.90305e-05,0
LR0104,Suehn Mecca,Bomi,16219.0,460.46633435,2021,12,0,0,0.0,43.60172441270616,26.415089879717147,2021-12-01,0,35.22298763251594,0.0,0.0,139.99288092719183,26.1417773110526,0.0,0,0.0006282706,0
LR0104,Suehn Mecca,Bomi,16219.0,460.46633435,2022,1,0,0,0.0,10.914231247372095,25.712896892002654,2022-01-01,0,35.22298763251594,0.0,0.0,43.60172441270616,26.415089879717147,0.0,0,0.0005773902,0
LR0104,Suehn Mecca,Bomi,16219.0,460.46633435,2022,2,0,0,0.0,57.70333099365234,26.62064852033343,2022-02-01,0,35.22298763251594,0.0,0.0,10.914231247372095,25.712896892002654,0.0,0,1.1039312e-05,0
LR0104,Suehn Mecca,Bomi,16219.0,460.46633435,2022,3,0,0,0.0,87.76362821790907,26.58529227120536,2022-03-01,0,35.22298763251594,0.0,0.0,57.70333099365234,26.62064852033343,0.0,0,2.181402e-06,0
LR0104,Suehn Mecca,Bomi,16219.0,460.46633435,2022,4,0,0,0.0,160.55052863226996,26.673581940787173,2022-04-01,0,35.22298763251594,0.0,0.0,87.76362821790907,26.58529227120536,0.0,0,3.2410521e-06,0
LR0104,Suehn Mecca,Bomi,16219.0,460.46633435,2022,5,0,0,0.0,215.0594262017144,26.40965529850551,2022-05-01,0,35.22298763251594,0.0,0.0,160.55052863226996,26.673581940787173,0.0,1,0.00011755522,0
LR0104,Suehn Mecca,Bomi,16219.0,460.46633435,2022,6,0,0,0.0,534.4616902669272,25.627773966108048,2022-06-01,0,35.22298763251594,0.0,0.0,215.0594262017144,26.40965529850551,0.0,1,0.0007163467,0
LR0104,Suehn Mecca,Bomi,16219.0,460.46633435,2022,7,0,0,0.0,234.7948362562392,24.5803793498448,2022-07-01,0,35.22298763251594,0.0,0.0,534.4616902669272,25.627773966108048,0.0,1,0.008576464,0
LR0104,Suehn Mecca,Bomi,16219.0,460.46633435,2022,8,0,0,0.0,446.58505079481336,24.27100276947022,2022-08-01,0,35.22298763251594,0.0,0.0,234.7948362562392,24.5803793498448,0.0,1,0.00028239298,0
LR0104,Suehn Mecca,Bomi,16219.0,460.46633435,2022,9,0,0,0.0,426.3517371283637,24.700927598135813,2022-09-01,0,35.22298763251594,0.0,0.0,446.58505079481336,24.27100276947022,0.0,1,0.0030962348,0
LR0104,Suehn Mecca,Bomi,16219.0,460.46633435,2022,10,0,0,0.0,330.8115251329209,25.569583211626323,2022-10-01,0,35.22298763251594,0.0,0.0,426.3517371283637,24.700927598135813,0.0,1,0.00058516144,0
LR0104,Suehn Mecca,Bomi,16219.0,460.46633435,2022,11,0,0,0.0,124.93315717909071,25.636320931570868,2022-11-01,0,35.22298763251594,0.0,0.0,330.8115251329209,25.569583211626323,0.0,0,4.191322e-05,0
LR0104,Suehn Mecca,Bomi,16219.0,460.46633435,2022,12,0,0,0.0,49.05039829678006,25.700713566371373,2022-12-01,0,35.22298763251594,0.0,0.0,124.93315717909071,25.636320931570868,0.0,0,0.000107103966,0
LR0104,Suehn Mecca,Bomi,16219.0,460.46633435,2023,1,0,0,0.0,17.818006515502926,25.681633131844656,2023-01-01,0,35.22298763251594,0.0,0.0,49.05039829678006,25.700713566371373,0.0,0,0.00012509,0
LR0104,Suehn Mecca,Bomi,16219.0,460.46633435,2023,2,0,0,0.0,27.119837019178604,26.806372506277903,2023-02-01,0,35.22298763251594,0.0,0.0,17.818006515502926,25.681633131844656,0.0,0,8.6748034e-05,0
LR0201,Boinsen,Bong,17254.0,270.34945175,2020,4,0,0,0.0,188.88827345106336,26.150712543063698,2020-04-01,0,63.82110223754134,0.0,0.0,219.6949174669054,26.4752909342448,0.0,0,0.0012332088,0
LR0201,Boinsen,Bong,17254.0,270.34945175,2020,5,0,0,0.0,209.66824849446616,26.011575910780167,2020-05-01,0,63.82110223754134,0.0,0.0,188.88827345106336,26.150712543063698,0.0,1,0.004580256,0
LR0201,Boinsen,Bong,17254.0,270.34945175,2020,6,0,0,0.0,242.4169921875,24.89030541314019,2020-06-01,0,63.82110223754134,0.0,0.0,209.66824849446616,26.011575910780167,0.0,1,0.073491365,0
LR0201,Boinsen,Bong,17254.0,270.34945175,2020,7,0,0,0.0,264.0086195203993,23.623683081732857,2020-07-01,0,63.82110223754134,0.0,0.0,242.4169921875,24.89030541314019,0.0,1,0.00045496708,0
LR0201,Boinsen,Bong,17254.0,270.34945175,2020,8,0,0,0.0,203.5986751980252,23.28451834784613,2020-08-01,0,63.82110223754134,0.0,0.0,264.0086195203993,23.623683081732857,0.0,1,0.00027068375,0
LR0201,Boinsen,Bong,17254.0,270.34945175,2020,9,0,0,0.0,331.40235392252606,24.23822614881728,2020-09-01,0,63.82110223754134,0.0,0.0,203.5986751980252,23.28451834784613,0.0,1,0.0010715532,0
LR0201,Boinsen,Bong,17254.0,270.34945175,2020,10,0,0,0.0,179.91591389973956,25.007152769300674,2020-10-01,0,63.82110223754134,0.0,0.0,331.40235392252606,24.23822614881728,0.0,1,0.00010133478,0
LR0201,Boinsen,Bong,17254.0,270.34945175,2020,11,0,0,0.0,31.43487040201823,25.10787836710612,2020-11-01,0,63.82110223754134,0.0,0.0,179.91591389973956,25.007152769300674,0.0,0,0.014108392,0
LR0201,Boinsen,Bong,17254.0,270.34945175,2020,12,0,0,0.0,65.64104588826497,25.17932913038466,2020-12-01,0,63.82110223754134,0.0,0.0,31.43487040201823,25.10787836710612,0.0,0,7.358979e-05,0
LR0201,Boinsen,Bong,17254.0,270.34945175,2021,1,6,6,34.77454503303582,12.295431772867838,24.933501773410374,2021-01-01,1,63.82110223754134,0.0,0.0,65.64104588826497,25.17932913038466,0.0,0,0.8444956,1
LR0201,Boinsen,Bong,17254.0,270.34945175,2021,2,0,0,0.0,122.87975226508246,25.974478191799587,2021-02-01,0,63.82110223754134,6.0,34.77454503303582,12.295431772867838,24.933501773410374,2.0,0,0.0011468247,0
LR0201,Boinsen,Bong,17254.0,270.34945175,2021,3,3,3,17.38727251651791,178.4946051703559,25.666804631551106,2021-03-01,0,63.82110223754134,0.0,0.0,122.87975226508246,25.974478191799587,2.0,0,0.00026101008,0
LR0201,Boinsen,Bong,17254.0,270.34945175,2021,4,0,0,0.0,149.44154188368054,25.85267045762804,2021-04-01,0,63.82110223754134,3.0,17.38727251651791,178.4946051703559,25.666804631551106,3.0,0,0.0024434994,0
LR0201,Boinsen,Bong,17254.0,270.34945175,2021,5,0,0,0.0,182.2083825005425,25.77954440646701,2021-05-01,0,63.82110223754134,0.0,0.0,149.44154188368054,25.85267045762804,1.0,1,0.00036775463,0
LR0201,Boinsen,Bong,17254.0,270.34945175,2021,6,2,2,11.59151501101194,309.7844712999132,24.99965582953559,2021-06-01,0,63.82110223754134,0.0,0.0,182.2083825005425,25.77954440646701,1.0,1,0.011349979,0
LR0201,Boinsen,Bong,17254.0,270.34945175,2021,7,4,4,23.18303002202388,195.26789347330728,24.025955624050564,2021-07-01,0,63.82110223754134,2.0,11.59151501101194,309.7844712999132,24.99965582953559,0.6666666666666666,1,0.037543695,0
LR0201,Boinsen,Bong,17254.0,270.34945175,2021,8,0,0,0.0,407.8391825358073,23.92680210537381,2021-08-01,0,63.82110223754134,4.0,23.18303002202388,195.26789347330728,24.025955624050564,2.0,1,0.05054224,0
LR0201,Boinsen,Bong,17254.0,270.34945175,2021,9,0,0,0.0,361.6443854437934,24.441267437405056,2021-09-01,0,63.82110223754134,0.0,0.0,407.8391825358073,23.92680210537381,2.0,1,0.012195408,0
LR0201,Boinsen,Bong,17254.0,270.34945175,2021,10,1,1,5.79575750550597,206.09271579318576,25.199226803249783,2021-10-01,0,63.82110223754134,0.0,0.0,361.6443854437934,24.441267437405056,1.3333333333333333,1,0.0017104335,0
LR0201,Boinsen,Bong,17254.0,270.34945175,2021,11,0,0,0.0,90.95418124728732,25.38579559326172,2021-11-01,0,63.82110223754134,1.0,5.79575750550597,206.09271579318576,25.199226803249783,0.3333333333333333,0,0.010559602,0
LR0201,Boinsen,Bong,17254.0,270.34945175,2021,12,14,14,81.14060507708358,19.81621021694607,25.236355039808487,2021-12-01,1,63.82110223754134,0.0,0.0,90.95418124728732,25.38579559326172,0.3333333333333333,0,0.882604,1
LR0201,Boinsen,Bong,17254.0,270.34945175,2022,1,10,10,57.9575750550597,9.396387841966416,24.18440776401096,2022-01-01,1,63.82110223754134,14.0,81.14060507708358,19.81621021694607,25.236355039808487,5.0,0,0.9678086,1
LR0201,Boinsen,Bong,17254.0,270.34945175,2022,2,0,0,0.0,32.972554736667206,25.69218974643283,2022-02-01,0,63.82110223754134,10.0,57.9575750550597,9.396387841966416,24.18440776401096,8.0,0,0.01786938,0
LR0201,Boinsen,Bong,17254.0,270.34945175,2022,3,0,0,0.0,122.5895529852973,26.1099124484592,2022-03-01,0,63.82110223754134,0.0,0.0,32.972554736667206,25.69218974643283,8.0,0,4.138482e-05,0
LR0201,Boinsen,Bong,17254.0,270.34945175,2022,4,0,0,0.0,173.6028035481771,26.07294527689616,2022-04-01,0,63.82110223754134,0.0,0.0,122.5895529852973,26.1099124484592,3.3333333333333335,0,0.0016628315,0
LR0201,Boinsen,Bong,17254.0,270.34945175,2022,5,0,0,0.0,191.0328572591146,25.619133631388348,2022-05-01,0,63.82110223754134,0.0,0.0,173.6028035481771,26.07294527689616,0.0,1,8.800215e-05,0
LR0201,Boinsen,Bong,17254.0,270.34945175,2022,6,0,0,0.0,284.1770494249132,24.757049136691624,2022-06-01,0,63.82110223754134,0.0,0.0,191.0328572591146,25.619133631388348,0.0,1,0.011455809,0
LR0201,Boinsen,Bong,17254.0,270.34945175,2022,7,0,0,0.0,232.9414299858941,23.78261799282497,2022-07-01,0,63.82110223754134,0.0,0.0,284.1770494249132,24.757049136691624,0.0,1,0.002788149,0
LR0201,Boinsen,Bong,17254.0,270.34945175,2022,8,0,0,0.0,260.7004564073351,23.47323905097113,2022-08-01,0,63.82110223754134,0.0,0.0,232.9414299858941,23.78261799282497,0.0,1,0.000115813826,0
LR0201,Boinsen,Bong,17254.0,270.34945175,2022,9,0,0,0.0,366.0001322428385,23.977834065755207,2022-09-01,0,63.82110223754134,0.0,0.0,260.7004564073351,23.47323905097113,0.0,1,0.0016910423,0
LR0201,Boinsen,Bong,17254.0,270.34945175,2022,10,0,0,0.0,276.65128580729163,24.922925949096683,2022-10-01,0,63.82110223754134,0.0,0.0,366.0001322428385,23.977834065755207,0.0,1,0.00094053557,0
LR0201,Boinsen,Bong,17254.0,270.34945175,2022,11,0,0,0.0,73.24412494235568,24.779985851711697,2022-11-01,0,63.82110223754134,0.0,0.0,276.65128580729163,24.922925949096683,0.0,0,0.00036981818,0
LR0201,Boinsen,Bong,17254.0,270.34945175,2022,12,0,0,0.0,33.415106455485024,24.382290310329857,2022-12-01,0,63.82110223754134,0.0,0.0,73.24412494235568,24.779985851711697,0.0,0,0.00013034653,0
LR0201,Boinsen,Bong,17254.0,270.34945175,2023,1,0,0,0.0,15.400255309210884,24.59838040669759,2023-01-01,0,63.82110223754134,0.0,0.0,33.415106455485024,24.382290310329857,0.0,0,0.001088751,0
LR0201,Boinsen,Bong,17254.0,270.34945175,2023,2,0,0,0.0,32.73279931810167,26.273013644748264,2023-02-01,0,63.82110223754134,0.0,0.0,15.400255309210884,24.59838040669759,0.0,0,5.9771934e-05,0
LR0202,Fuamah,Bong,35055.0,936.67898146,2020,4,0,0,0.0,224.88647174835208,26.6073731453188,2020-04-01,0,37.424774862952326,0.0,0.0,191.9388918876648,26.698020504366973,0.0,0,0.00016268645,0
LR0202,Fuamah,Bong,35055.0,936.67898146,2020,5,0,0,0.0,210.84423685073853,26.297084377657985,2020-05-01,0,37.424774862952326,0.0,0.0,224.88647174835208,26.6073731453188,0.0,1,0.0014383113,0
LR0202,Fuamah,Bong,35055.0,936.67898146,2020,6,0,0,0.0,324.8298282623292,25.249934288763225,2020-06-01,0,37.424774862952326,0.0,0.0,210.84423685073853,26.297084377657985,0.0,1,0.00059828087,0
LR0202,Fuamah,Bong,35055.0,936.67898146,2020,7,0,0,0.0,337.73324108123785,23.995893047701927,2020-07-01,0,37.424774862952326,0.0,0.0,324.8298282623292,25.249934288763225,0.0,1,0.0036274288,0
LR0202,Fuamah,Bong,35055.0,936.67898146,2020,8,0,0,0.0,341.3169240951538,23.5359078068887,2020-08-01,0,37.424774862952326,0.0,0.0,337.73324108123785,23.995893047701927,0.0,1,0.0011835914,0
LR0202,Fuamah,Bong,35055.0,936.67898146,2020,9,0,0,0.0,394.49615955352783,24.49473116474767,2020-09-01,0,37.424774862952326,0.0,0.0,341.3169240951538,23.5359078068887,0.0,1,0.0011189603,0
LR0202,Fuamah,Bong,35055.0,936.67898146,2020,10,0,0,0.0,233.944815158844,25.237679450742657,2020-10-01,0,37.424774862952326,0.0,0.0,394.49615955352783,24.49473116474767,0.0,1,8.288734e-05,0
LR0202,Fuamah,Bong,35055.0,936.67898146,2020,11,0,0,0.0,65.6560572385788,25.33436904415008,2020-11-01,0,37.424774862952326,0.0,0.0,233.944815158844,25.237679450742657,0.0,0,1.644436e-05,0
LR0202,Fuamah,Bong,35055.0,936.67898146,2020,12,0,0,0.0,64.88775098323822,25.51741033984769,2020-12-01,0,37.424774862952326,0.0,0.0,65.6560572385788,25.33436904415008,0.0,0,2.1899374e-05,0
LR0202,Fuamah,Bong,35055.0,936.67898146,2021,1,0,0,0.0,26.51441383361816,25.40846627758395,2021-01-01,0,37.424774862952326,0.0,0.0,64.88775098323822,25.51741033984769,0.0,0,0.0003614486,0
LR0202,Fuamah,Bong,35055.0,936.67898146,2021,2,0,0,0.0,101.52273750305176,26.23337567237116,2021-02-01,0,37.424774862952326,0.0,0.0,26.51441383361816,25.40846627758395,0.0,0,9.998129e-07,0
LR0202,Fuamah,Bong,35055.0,936.67898146,2021,3,0,0,0.0,157.9142813682556,26.057655703636907,2021-03-01,0,37.424774862952326,0.0,0.0,101.52273750305176,26.23337567237116,0.0,0,7.841018e-06,0
LR0202,Fuamah,Bong,35055.0,936.67898146,2021,4,0,0,0.0,152.04017496109012,26.391488229074785,2021-04-01,0,37.424774862952326,0.0,0.0,157.9142813682556,26.057655703636907,0.0,0,3.0696792e-06,0
LR0202,Fuamah,Bong,35055.0,936.67898146,2021,5,0,0,0.0,234.58408117294312,26.10851958490188,2021-05-01,0,37.424774862952326,0.0,0.0,152.04017496109012,26.391488229074785,0.0,1,7.565257e-05,0
LR0202,Fuamah,Bong,35055.0,936.67898146,2021,6,0,0,0.0,387.2618312835694,25.28583680429766,2021-06-01,0,37.424774862952326,0.0,0.0,234.58408117294312,26.10851958490188,0.0,1,0.00037406708,0
LR0202,Fuamah,Bong,35055.0,936.67898146,2021,7,0,0,0.0,241.13519382476807,24.301953284971177,2021-07-01,0,37.424774862952326,0.0,0.0,387.2618312835694,25.28583680429766,0.0,1,0.00057380775,0
LR0202,Fuamah,Bong,35055.0,936.67898146,2021,8,0,0,0.0,515.4959726333618,24.141121156754032,2021-08-01,0,37.424774862952326,0.0,0.0,241.13519382476807,24.301953284971177,0.0,1,1.6132733e-05,0
LR0202,Fuamah,Bong,35055.0,936.67898146,2021,9,0,0,0.0,454.9854917526245,24.704442485686272,2021-09-01,0,37.424774862952326,0.0,0.0,515.4959726333618,24.141121156754032,0.0,1,0.00089517114,0
LR0202,Fuamah,Bong,35055.0,936.67898146,2021,10,0,0,0.0,251.486264705658,25.48142377791866,2021-10-01,0,37.424774862952326,0.0,0.0,454.9854917526245,24.704442485686272,0.0,1,2.5483263e-05,0
LR0202,Fuamah,Bong,35055.0,936.67898146,2021,11,0,0,0.0,123.43960595130922,25.612381596719068,2021-11-01,0,37.424774862952326,0.0,0.0,251.486264705658,25.48142377791866,0.0,0,1.1577206e-05,0
LR0202,Fuamah,Bong,35055.0,936.67898146,2021,12,0,0,0.0,37.312308609485626,25.67701739649619,2021-12-01,0,37.424774862952326,0.0,0.0,123.43960595130922,25.612381596719068,0.0,0,0.0020388812,0
LR0202,Fuamah,Bong,35055.0,936.67898146,2022,1,0,0,0.0,8.631796002388,24.69656599721601,2022-01-01,0,37.424774862952326,0.0,0.0,37.312308609485626,25.67701739649619,0.0,0,0.00591201,0
LR0202,Fuamah,Bong,35055.0,936.67898146,2022,2,0,0,0.0,52.58128309249878,25.91265106201172,2022-02-01,0,37.424774862952326,0.0,0.0,8.631796002388,24.69656599721601,0.0,0,3.134674e-06,0
LR0202,Fuamah,Bong,35055.0,936.67898146,2022,3,0,0,0.0,115.78091788291935,26.14998417515908,2022-03-01,0,37.424774862952326,0.0,0.0,52.58128309249878,25.91265106201172,0.0,0,3.9063925e-06,0
LR0202,Fuamah,Bong,35055.0,936.67898146,2022,4,0,0,0.0,158.39060258865354,26.1926388894358,2022-04-01,0,37.424774862952326,0.0,0.0,115.78091788291935,26.14998417515908,0.0,0,7.2946327e-06,0
LR0202,Fuamah,Bong,35055.0,936.67898146,2022,5,0,0,0.0,181.0508465766908,25.883960600822206,2022-05-01,0,37.424774862952326,0.0,0.0,158.39060258865354,26.1926388894358,0.0,1,3.5687417e-06,0
LR0202,Fuamah,Bong,35055.0,936.67898146,2022,6,0,0,0.0,375.86674213409424,25.08107646819084,2022-06-01,0,37.424774862952326,0.0,0.0,181.0508465766908,25.883960600822206,0.0,1,0.00017626213,0
LR0202,Fuamah,Bong,35055.0,936.67898146,2022,7,0,0,0.0,210.5825090408325,24.03197909939674,2022-07-01,0,37.424774862952326,0.0,0.0,375.86674213409424,25.08107646819084,0.0,1,0.000786327,0
LR0202,Fuamah,Bong,35055.0,936.67898146,2022,8,0,0,0.0,403.141863822937,23.72130221705284,2022-08-01,0,37.424774862952326,0.0,0.0,210.5825090408325,24.03197909939674,0.0,1,1.6385578e-05,0
LR0202,Fuamah,Bong,35055.0,936.67898146,2022,9,0,0,0.0,410.9844493865967,24.21412904800908,2022-09-01,0,37.424774862952326,0.0,0.0,403.141863822937,23.72130221705284,0.0,1,0.0002575871,0
LR0202,Fuamah,Bong,35055.0,936.67898146,2022,10,0,0,0.0,282.89416790008534,25.122571760608302,2022-10-01,0,37.424774862952326,0.0,0.0,410.9844493865967,24.21412904800908,0.0,1,0.00014632312,0
LR0202,Fuamah,Bong,35055.0,936.67898146,2022,11,0,0,0.0,110.1840410232544,25.03219807532525,2022-11-01,0,37.424774862952326,0.0,0.0,282.89416790008534,25.122571760608302,0.0,0,2.7652844e-05,0
LR0202,Fuamah,Bong,35055.0,936.67898146,2022,12,0,0,0.0,40.93432343006133,24.899309589016823,2022-12-01,0,37.424774862952326,0.0,0.0,110.1840410232544,25.03219807532525,0.0,0,0.00016181807,0
LR0202,Fuamah,Bong,35055.0,936.67898146,2023,1,0,0,0.0,19.914565265178684,24.920018965198143,2023-01-01,0,37.424774862952326,0.0,0.0,40.93432343006133,24.899309589016823,0.0,0,1.2187131e-05,0
LR0202,Fuamah,Bong,35055.0,936.67898146,2023,2,0,0,0.0,28.70916014909744,26.420170261013894,2023-02-01,0,37.424774862952326,0.0,0.0,19.914565265178684,24.920018965198143,0.0,0,6.2300724e-06,0
LR0203,Jorquelleh,Bong,145235.0,1302.37485039,2020,4,0,0,0.0,197.21174136075103,26.03802534250113,2020-04-01,0,111.51551333819826,0.0,0.0,201.49777568470344,26.30742063277808,0.0,0,0.0015141187,0
LR0203,Jorquelleh,Bong,145235.0,1302.37485039,2020,5,0,0,0.0,204.60156492753453,25.91949457999988,2020-05-01,0,111.51551333819826,0.0,0.0,197.21174136075103,26.03802534250113,0.0,1,0.00056244934,0
LR0203,Jorquelleh,Bong,145235.0,1302.37485039,2020,6,17,17,11.705167487175956,227.5167090676048,24.878757623525765,2020-06-01,1,111.51551333819826,0.0,0.0,204.60156492753453,25.91949457999988,0.0,1,0.8440207,1
LR0203,Jorquelleh,Bong,145235.0,1302.37485039,2020,7,1,1,0.6885392639515269,229.18861944025213,23.598366859631664,2020-07-01,0,111.51551333819826,17.0,11.705167487175956,227.5167090676048,24.878757623525765,5.666666666666667,1,0.081569254,0
LR0203,Jorquelleh,Bong,145235.0,1302.37485039,2020,8,0,0,0.0,200.27750812877304,23.24159211378831,2020-08-01,0,111.51551333819826,1.0,0.6885392639515269,229.18861944025213,23.598366859631664,6.0,1,0.00030639087,0
LR0203,Jorquelleh,Bong,145235.0,1302.37485039,2020,9,0,0,0.0,329.2768665660512,24.22504425048828,2020-09-01,0,111.51551333819826,0.0,0.0,200.27750812877304,23.24159211378831,6.0,1,0.00092646823,0
LR0203,Jorquelleh,Bong,145235.0,1302.37485039,2020,10,0,0,0.0,199.6664435646751,24.9334154862624,2020-10-01,0,111.51551333819826,0.0,0.0,329.2768665660512,24.22504425048828,0.3333333333333333,1,0.0014000175,0
LR0203,Jorquelleh,Bong,145235.0,1302.37485039,2020,11,0,0,0.0,26.255930813876063,24.95780221009866,2020-11-01,0,111.51551333819826,0.0,0.0,199.6664435646751,24.9334154862624,0.0,0,0.0017072676,0
LR0203,Jorquelleh,Bong,145235.0,1302.37485039,2020,12,0,0,0.0,60.964794939214535,25.029365392831654,2020-12-01,0,111.51551333819826,0.0,0.0,26.255930813876063,24.95780221009866,0.0,0,2.8494807e-05,0
LR0203,Jorquelleh,Bong,145235.0,1302.37485039,2021,1,0,0,0.0,14.590707908977164,24.722162637955105,2021-01-01,0,111.51551333819826,0.0,0.0,60.964794939214535,25.029365392831654,0.0,0,0.0017894615,0
LR0203,Jorquelleh,Bong,145235.0,1302.37485039,2021,2,0,0,0.0,105.67150514776056,25.7706302740635,2021-02-01,0,111.51551333819826,0.0,0.0,14.590707908977164,24.722162637955105,0.0,0,3.3010951e-06,0
LR0203,Jorquelleh,Bong,145235.0,1302.37485039,2021,3,0,0,0.0,168.04062513871628,25.59965573824369,2021-03-01,0,111.51551333819826,0.0,0.0,105.67150514776056,25.7706302740635,0.0,0,8.463145e-05,0
LR0203,Jorquelleh,Bong,145235.0,1302.37485039,2021,4,0,0,0.0,154.12704883922223,25.82658973106971,2021-04-01,0,111.51551333819826,0.0,0.0,168.04062513871628,25.59965573824369,0.0,0,8.444007e-05,0
LR0203,Jorquelleh,Bong,145235.0,1302.37485039,2021,5,1,1,0.6885392639515269,193.18525938554245,25.715331395467125,2021-05-01,0,111.51551333819826,0.0,0.0,154.12704883922223,25.82658973106971,0.0,1,0.0004084218,0
LR0203,Jorquelleh,Bong,145235.0,1302.37485039,2021,6,22,22,15.14786380693359,292.9967204007235,24.92816660954402,2021-06-01,1,111.51551333819826,1.0,0.6885392639515269,193.18525938554245,25.715331395467125,0.3333333333333333,1,0.90947735,1
LR0203,Jorquelleh,Bong,145235.0,1302.37485039,2021,7,14,14,9.639549695321376,190.2424829656428,23.98001797993977,2021-07-01,1,111.51551333819826,22.0,15.14786380693359,292.9967204007235,24.92816660954402,7.666666666666667,1,0.96044344,1
LR0203,Jorquelleh,Bong,145235.0,1302.37485039,2021,8,0,0,0.0,316.61956370960587,23.847881268232296,2021-08-01,0,111.51551333819826,14.0,9.639549695321376,190.2424829656428,23.98001797993977,12.333333333333334,1,0.014323459,0
LR0203,Jorquelleh,Bong,145235.0,1302.37485039,2021,9,0,0,0.0,374.9706178144975,24.3950686332507,2021-09-01,0,111.51551333819826,0.0,0.0,316.61956370960587,23.847881268232296,12.0,1,0.00089455215,0
LR0203,Jorquelleh,Bong,145235.0,1302.37485039,2021,10,0,0,0.0,212.59851802479136,25.138928340031548,2021-10-01,0,111.51551333819826,0.0,0.0,374.9706178144975,24.3950686332507,4.666666666666667,1,0.00041064728,0
LR0203,Jorquelleh,Bong,145235.0,1302.37485039,2021,11,0,0,0.0,99.3313270915638,25.269710442958736,2021-11-01,0,111.51551333819826,0.0,0.0,212.59851802479136,25.138928340031548,0.0,0,8.824685e-05,0
LR0203,Jorquelleh,Bong,145235.0,1302.37485039,2021,12,0,0,0.0,24.33416080474853,25.082916651016635,2021-12-01,0,111.51551333819826,0.0,0.0,99.3313270915638,25.269710442958736,0.0,0,0.0027068844,0
LR0203,Jorquelleh,Bong,145235.0,1302.37485039,2022,1,0,0,0.0,8.689101067456333,23.96717937176044,2022-01-01,0,111.51551333819826,0.0,0.0,24.33416080474853,25.082916651016635,0.0,0,0.006078827,0
LR0203,Jorquelleh,Bong,145235.0,1302.37485039,2022,2,0,0,0.0,33.34211015701294,25.343008090288208,2022-02-01,0,111.51551333819826,0.0,0.0,8.689101067456333,23.96717937176044,0.0,0,8.638359e-05,0
LR0203,Jorquelleh,Bong,145235.0,1302.37485039,2022,3,0,0,0.0,141.52954188260162,25.86633022014912,2022-03-01,0,111.51551333819826,0.0,0.0,33.34211015701294,25.343008090288208,0.0,0,1.5679678e-05,0
LR0203,Jorquelleh,Bong,145235.0,1302.37485039,2022,4,0,0,0.0,171.2314740961248,25.89838120876215,2022-04-01,0,111.51551333819826,0.0,0.0,141.52954188260162,25.86633022014912,0.0,0,0.00020890599,0
LR0203,Jorquelleh,Bong,145235.0,1302.37485039,2022,5,0,0,0.0,178.90359462391245,25.538514895316887,2022-05-01,0,111.51551333819826,0.0,0.0,171.2314740961248,25.89838120876215,0.0,1,0.0022276677,0
LR0203,Jorquelleh,Bong,145235.0,1302.37485039,2022,6,0,0,0.0,252.6830579584295,24.713015434069515,2022-06-01,0,111.51551333819826,0.0,0.0,178.90359462391245,25.538514895316887,0.0,1,0.01467362,0
LR0203,Jorquelleh,Bong,145235.0,1302.37485039,2022,7,0,0,0.0,228.3578456531872,23.75359442295172,2022-07-01,0,111.51551333819826,0.0,0.0,252.6830579584295,24.713015434069515,0.0,1,0.00042844054,0
LR0203,Jorquelleh,Bong,145235.0,1302.37485039,2022,8,0,0,0.0,263.75316827947444,23.418321413871563,2022-08-01,0,111.51551333819826,0.0,0.0,228.3578456531872,23.75359442295172,0.0,1,0.00021471876,0
LR0203,Jorquelleh,Bong,145235.0,1302.37485039,2022,9,0,0,0.0,339.8012494173918,23.94028932620317,2022-09-01,0,111.51551333819826,0.0,0.0,263.75316827947444,23.418321413871563,0.0,1,0.005476199,0
LR0203,Jorquelleh,Bong,145235.0,1302.37485039,2022,10,0,0,0.0,258.25190665505147,24.840077473567085,2022-10-01,0,111.51551333819826,0.0,0.0,339.8012494173918,23.94028932620317,0.0,1,0.00026181812,0
LR0203,Jorquelleh,Bong,145235.0,1302.37485039,2022,11,0,0,0.0,76.45395920493388,24.64092699686686,2022-11-01,0,111.51551333819826,0.0,0.0,258.25190665505147,24.840077473567085,0.0,0,0.000101660946,0
LR0203,Jorquelleh,Bong,145235.0,1302.37485039,2022,12,0,0,0.0,31.401819272474818,24.211371984237285,2022-12-01,0,111.51551333819826,0.0,0.0,76.45395920493388,24.64092699686686,0.0,0,2.7375923e-05,0
LR0203,Jorquelleh,Bong,145235.0,1302.37485039,2023,1,0,0,0.0,14.244972835887562,24.336572989439343,2023-01-01,0,111.51551333819826,0.0,0.0,31.401819272474818,24.211371984237285,0.0,0,0.00019243895,0
LR0203,Jorquelleh,Bong,145235.0,1302.37485039,2023,2,0,0,0.0,27.49846978621049,26.05458391629732,2023-02-01,0,111.51551333819826,0.0,0.0,14.244972835887562,24.336572989439343,0.0,0,9.079927e-05,0
LR0204,Kokoyah,Bong,4012.0,263.31916637,2020,4,0,0,0.0,201.7193891737196,26.35204482078552,2020-04-01,0,15.23626272750151,0.0,0.0,218.2259623209636,26.678722620010376,0.0,0,6.897289e-05,0
LR0204,Kokoyah,Bong,4012.0,263.31916637,2020,5,0,0,0.0,233.50377909342447,26.160377740859985,2020-05-01,0,15.23626272750151,0.0,0.0,201.7193891737196,26.35204482078552,0.0,1,0.0004906305,0
LR0204,Kokoyah,Bong,4012.0,263.31916637,2020,6,0,0,0.0,280.1325751410591,25.01412916183472,2020-06-01,0,15.23626272750151,0.0,0.0,233.50377909342447,26.160377740859985,0.0,1,0.00046319442,0
LR0204,Kokoyah,Bong,4012.0,263.31916637,2020,7,0,0,0.0,267.3587239583333,23.7577006816864,2020-07-01,0,15.23626272750151,0.0,0.0,280.1325751410591,25.01412916183472,0.0,1,0.0017943905,0
LR0204,Kokoyah,Bong,4012.0,263.31916637,2020,8,0,0,0.0,206.5303649902344,23.40147638320923,2020-08-01,0,15.23626272750151,0.0,0.0,267.3587239583333,23.7577006816864,0.0,1,0.00015120087,0
LR0204,Kokoyah,Bong,4012.0,263.31916637,2020,9,0,0,0.0,375.3029446072048,24.342134714126587,2020-09-01,0,15.23626272750151,0.0,0.0,206.5303649902344,23.40147638320923,0.0,1,0.00036117662,0
LR0204,Kokoyah,Bong,4012.0,263.31916637,2020,10,0,0,0.0,217.2054935031467,25.15115642547608,2020-10-01,0,15.23626272750151,0.0,0.0,375.3029446072048,24.342134714126587,0.0,1,3.970756e-05,0
LR0204,Kokoyah,Bong,4012.0,263.31916637,2020,11,1,1,24.92522432701894,45.013251834445526,25.275924682617188,2020-11-01,0,15.23626272750151,0.0,0.0,217.2054935031467,25.15115642547608,0.0,0,0.00014270646,0
LR0204,Kokoyah,Bong,4012.0,263.31916637,2020,12,2,2,49.85044865403788,80.25021277533637,25.366511583328247,2020-12-01,0,15.23626272750151,1.0,24.92522432701894,45.013251834445526,25.275924682617188,0.3333333333333333,0,1.0229605e-05,0
LR0204,Kokoyah,Bong,4012.0,263.31916637,2021,1,0,0,0.0,18.753853903876408,25.14774417877197,2021-01-01,0,15.23626272750151,2.0,49.85044865403788,80.25021277533637,25.366511583328247,1.0,0,0.007373793,0
LR0204,Kokoyah,Bong,4012.0,263.31916637,2021,2,0,0,0.0,108.75319247775607,26.172731637954712,2021-02-01,0,15.23626272750151,0.0,0.0,18.753853903876408,25.14774417877197,1.0,0,2.895547e-06,0
LR0204,Kokoyah,Bong,4012.0,263.31916637,2021,3,0,0,0.0,207.027587890625,25.819430589675903,2021-03-01,0,15.23626272750151,0.0,0.0,108.75319247775607,26.172731637954712,0.6666666666666666,0,5.97607e-06,0
LR0204,Kokoyah,Bong,4012.0,263.31916637,2021,4,0,0,0.0,154.53892856174045,26.01890230178833,2021-04-01,0,15.23626272750151,0.0,0.0,207.027587890625,25.819430589675903,0.0,0,9.863529e-05,0
LR0204,Kokoyah,Bong,4012.0,263.31916637,2021,5,0,0,0.0,222.7180701361762,25.92571759223938,2021-05-01,0,15.23626272750151,0.0,0.0,154.53892856174045,26.01890230178833,0.0,1,1.2325284e-05,0
LR0204,Kokoyah,Bong,4012.0,263.31916637,2021,6,2,2,49.85044865403788,343.93888007269965,25.13339614868164,2021-06-01,0,15.23626272750151,0.0,0.0,222.7180701361762,25.92571759223938,0.0,1,0.00039475303,0
LR0204,Kokoyah,Bong,4012.0,263.31916637,2021,7,0,0,0.0,220.1306440565321,24.15014100074768,2021-07-01,0,15.23626272750151,2.0,49.85044865403788,343.93888007269965,25.13339614868164,0.6666666666666666,1,0.0008573139,0
LR0204,Kokoyah,Bong,4012.0,263.31916637,2021,8,1,1,24.92522432701894,397.3951144748264,24.065507411956787,2021-08-01,0,15.23626272750151,0.0,0.0,220.1306440565321,24.15014100074768,0.6666666666666666,1,4.8802554e-05,0
LR0204,Kokoyah,Bong,4012.0,263.31916637,2021,9,0,0,0.0,393.1424730088976,24.563782930374146,2021-09-01,0,15.23626272750151,1.0,24.92522432701894,397.3951144748264,24.065507411956787,1.0,1,0.0035715068,0
LR0204,Kokoyah,Bong,4012.0,263.31916637,2021,10,0,0,0.0,249.4752434624566,25.33113741874695,2021-10-01,0,15.23626272750151,0.0,0.0,393.1424730088976,24.563782930374146,0.3333333333333333,1,3.856349e-05,0
LR0204,Kokoyah,Bong,4012.0,263.31916637,2021,11,0,0,0.0,95.60719553629558,25.54983782768249,2021-11-01,0,15.23626272750151,0.0,0.0,249.4752434624566,25.33113741874695,0.3333333333333333,0,0.00023986655,0
LR0204,Kokoyah,Bong,4012.0,263.31916637,2021,12,1,1,24.92522432701894,28.824564827813045,25.48263502120972,2021-12-01,0,15.23626272750151,0.0,0.0,95.60719553629558,25.54983782768249,0.0,0,0.0008954318,0
LR0204,Kokoyah,Bong,4012.0,263.31916637,2022,1,0,0,0.0,9.589893129136827,24.481327295303345,2022-01-01,0,15.23626272750151,1.0,24.92522432701894,28.824564827813045,25.48263502120972,0.3333333333333333,0,0.022769546,0
LR0204,Kokoyah,Bong,4012.0,263.31916637,2022,2,0,0,0.0,37.34634060329861,25.944816112518307,2022-02-01,0,15.23626272750151,0.0,0.0,9.589893129136827,24.481327295303345,0.3333333333333333,0,2.993257e-05,0
LR0204,Kokoyah,Bong,4012.0,263.31916637,2022,3,0,0,0.0,140.73912048339844,26.278383255004883,2022-03-01,0,15.23626272750151,0.0,0.0,37.34634060329861,25.944816112518307,0.3333333333333333,0,1.488839e-05,0
LR0204,Kokoyah,Bong,4012.0,263.31916637,2022,4,0,0,0.0,179.53475613064236,26.231889724731445,2022-04-01,0,15.23626272750151,0.0,0.0,140.73912048339844,26.278383255004883,0.0,0,7.474046e-06,0
LR0204,Kokoyah,Bong,4012.0,263.31916637,2022,5,0,0,0.0,193.67321268717447,25.75585389137268,2022-05-01,0,15.23626272750151,0.0,0.0,179.53475613064236,26.231889724731445,0.0,1,1.0063581e-05,0
LR0204,Kokoyah,Bong,4012.0,263.31916637,2022,6,0,0,0.0,341.1347045898437,24.885110139846805,2022-06-01,0,15.23626272750151,0.0,0.0,193.67321268717447,25.75585389137268,0.0,1,0.00024841618,0
LR0204,Kokoyah,Bong,4012.0,263.31916637,2022,7,0,0,0.0,207.93888007269965,23.895924091339108,2022-07-01,0,15.23626272750151,0.0,0.0,341.1347045898437,24.885110139846805,0.0,1,0.00047964367,0
LR0204,Kokoyah,Bong,4012.0,263.31916637,2022,8,0,0,0.0,267.03597683376734,23.60504961013794,2022-08-01,0,15.23626272750151,0.0,0.0,207.93888007269965,23.895924091339108,0.0,1,0.00012754118,0
LR0204,Kokoyah,Bong,4012.0,263.31916637,2022,9,0,0,0.0,405.2507697211372,24.090819120407104,2022-09-01,0,15.23626272750151,0.0,0.0,267.03597683376734,23.60504961013794,0.0,1,6.890821e-05,0
LR0204,Kokoyah,Bong,4012.0,263.31916637,2022,10,0,0,0.0,307.9320780436198,25.062829732894897,2022-10-01,0,15.23626272750151,0.0,0.0,405.2507697211372,24.090819120407104,0.0,1,0.00017510093,0
LR0204,Kokoyah,Bong,4012.0,263.31916637,2022,11,0,0,0.0,105.21792517768012,24.96503233909607,2022-11-01,0,15.23626272750151,0.0,0.0,307.9320780436198,25.062829732894897,0.0,0,1.1874692e-05,0
LR0204,Kokoyah,Bong,4012.0,263.31916637,2022,12,0,0,0.0,45.9762085808648,24.65659117698669,2022-12-01,0,15.23626272750151,0.0,0.0,105.21792517768012,24.96503233909607,0.0,0,4.8018956e-05,0
LR0204,Kokoyah,Bong,4012.0,263.31916637,2023,1,0,0,0.0,16.113217883639866,24.89631128311157,2023-01-01,0,15.23626272750151,0.0,0.0,45.9762085808648,24.65659117698669,0.0,0,1.4420644e-05,0
LR0204,Kokoyah,Bong,4012.0,263.31916637,2023,2,0,0,0.0,29.79542011684841,26.51406168937683,2023-02-01,0,15.23626272750151,0.0,0.0,16.113217883639866,24.89631128311157,0.0,0,6.215687e-06,0
LR0205,Kpaai,Bong,29806.0,670.76568542,2020,4,0,0,0.0,184.2283601306733,26.007579222969383,2020-04-01,0,44.43578532395701,0.0,0.0,194.9608001708984,26.287296958591625,0.0,0,3.045192e-05,0
LR0205,Kpaai,Bong,29806.0,670.76568542,2020,5,0,0,0.0,204.5740668887184,25.8965195365574,2020-05-01,0,44.43578532395701,0.0,0.0,184.2283601306733,26.007579222969383,0.0,1,8.713693e-06,0
LR0205,Kpaai,Bong,29806.0,670.76568542,2020,6,0,0,0.0,244.11366562616257,24.841632511304773,2020-06-01,0,44.43578532395701,0.0,0.0,204.5740668887184,25.8965195365574,0.0,1,0.0020742717,0
LR0205,Kpaai,Bong,29806.0,670.76568542,2020,7,0,0,0.0,253.3576485770089,23.56492672795835,2020-07-01,0,44.43578532395701,0.0,0.0,244.11366562616257,24.841632511304773,0.0,1,4.180548e-05,0
LR0205,Kpaai,Bong,29806.0,670.76568542,2020,8,0,0,0.0,223.3701019287109,23.217657338018004,2020-08-01,0,44.43578532395701,0.0,0.0,253.3576485770089,23.56492672795835,0.0,1,0.00018889326,0
LR0205,Kpaai,Bong,29806.0,670.76568542,2020,9,0,0,0.0,326.51042247953865,24.19572598001232,2020-09-01,0,44.43578532395701,0.0,0.0,223.3701019287109,23.217657338018004,0.0,1,0.00038222416,0
LR0205,Kpaai,Bong,29806.0,670.76568542,2020,10,0,0,0.0,202.80357578822543,24.889907919842265,2020-10-01,0,44.43578532395701,0.0,0.0,326.51042247953865,24.19572598001232,0.0,1,9.4748866e-05,0
LR0205,Kpaai,Bong,29806.0,670.76568542,2020,11,0,0,0.0,27.73527663094657,24.92113942685334,2020-11-01,0,44.43578532395701,0.0,0.0,202.80357578822543,24.889907919842265,0.0,0,0.00010025599,0
LR0205,Kpaai,Bong,29806.0,670.76568542,2020,12,0,0,0.0,61.1363765171596,24.994506172511887,2020-12-01,0,44.43578532395701,0.0,0.0,27.73527663094657,24.92113942685334,0.0,0,2.0883822e-06,0
LR0205,Kpaai,Bong,29806.0,670.76568542,2021,1,0,0,0.0,15.59483255658831,24.72966865871264,2021-01-01,0,44.43578532395701,0.0,0.0,61.1363765171596,24.994506172511887,0.0,0,0.00025126917,0
LR0205,Kpaai,Bong,29806.0,670.76568542,2021,2,0,0,0.0,103.23824019659132,25.77989412390668,2021-02-01,0,44.43578532395701,0.0,0.0,15.59483255658831,24.72966865871264,0.0,0,8.2418876e-07,0
LR0205,Kpaai,Bong,29806.0,670.76568542,2021,3,0,0,0.0,161.00155203683033,25.581782465395715,2021-03-01,0,44.43578532395701,0.0,0.0,103.23824019659132,25.77989412390668,0.0,0,3.92673e-06,0
LR0205,Kpaai,Bong,29806.0,670.76568542,2021,4,0,0,0.0,151.82449486142116,25.78428517217221,2021-04-01,0,44.43578532395701,0.0,0.0,161.00155203683033,25.581782465395715,0.0,0,3.4521777e-06,0
LR0205,Kpaai,Bong,29806.0,670.76568542,2021,5,0,0,0.0,178.84956505185082,25.678763679836106,2021-05-01,0,44.43578532395701,0.0,0.0,151.82449486142116,25.78428517217221,0.0,1,4.52372e-06,0
LR0205,Kpaai,Bong,29806.0,670.76568542,2021,6,0,0,0.0,309.8001243954613,24.896735813306726,2021-06-01,0,44.43578532395701,0.0,0.0,178.84956505185082,25.678763679836106,0.0,1,0.00036529163,0
LR0205,Kpaai,Bong,29806.0,670.76568542,2021,7,1,1,3.3550291887539423,209.51115199497764,23.951714308365528,2021-07-01,0,44.43578532395701,0.0,0.0,309.8001243954613,24.896735813306726,0.0,1,0.0011673166,0
LR0205,Kpaai,Bong,29806.0,670.76568542,2021,8,0,0,0.0,349.257053920201,23.8194289000138,2021-08-01,0,44.43578532395701,1.0,3.3550291887539423,209.51115199497764,23.951714308365528,0.3333333333333333,1,0.011545033,0
LR0205,Kpaai,Bong,29806.0,670.76568542,2021,9,0,0,0.0,379.0825108119419,24.362670732581098,2021-09-01,0,44.43578532395701,0.0,0.0,349.257053920201,23.8194289000138,0.3333333333333333,1,0.00016563319,0
LR0205,Kpaai,Bong,29806.0,670.76568542,2021,10,0,0,0.0,183.8079964773996,25.102391947870668,2021-10-01,0,44.43578532395701,0.0,0.0,379.0825108119419,24.362670732581098,0.3333333333333333,1,4.7672645e-05,0
LR0205,Kpaai,Bong,29806.0,670.76568542,2021,11,0,0,0.0,101.50431678408668,25.229849442191743,2021-11-01,0,44.43578532395701,0.0,0.0,183.8079964773996,25.102391947870668,0.0,0,7.5797925e-06,0
LR0205,Kpaai,Bong,29806.0,670.76568542,2021,12,0,0,0.0,23.58914802187965,25.02597493710725,2021-12-01,0,44.43578532395701,0.0,0.0,101.50431678408668,25.229849442191743,0.0,0,0.00011927058,0
LR0205,Kpaai,Bong,29806.0,670.76568542,2022,1,0,0,0.0,8.947780881609235,23.931902678116508,2022-01-01,0,44.43578532395701,0.0,0.0,23.58914802187965,25.02597493710725,0.0,0,0.0029414783,0
LR0205,Kpaai,Bong,29806.0,670.76568542,2022,2,0,0,0.0,33.777085531325575,25.36926335873812,2022-02-01,0,44.43578532395701,0.0,0.0,8.947780881609235,23.931902678116508,0.0,0,8.486246e-06,0
LR0205,Kpaai,Bong,29806.0,670.76568542,2022,3,0,0,0.0,134.81860024588448,25.87122751318889,2022-03-01,0,44.43578532395701,0.0,0.0,33.777085531325575,25.36926335873812,0.0,0,2.0648238e-06,0
LR0205,Kpaai,Bong,29806.0,670.76568542,2022,4,0,0,0.0,173.59268551781068,25.8908346424932,2022-04-01,0,44.43578532395701,0.0,0.0,134.81860024588448,25.87122751318889,0.0,0,9.867015e-06,0
LR0205,Kpaai,Bong,29806.0,670.76568542,2022,5,0,0,0.0,180.17539396740136,25.5117653556492,2022-05-01,0,44.43578532395701,0.0,0.0,173.59268551781068,25.8908346424932,0.0,1,6.957888e-05,0
LR0205,Kpaai,Bong,29806.0,670.76568542,2022,6,0,0,0.0,242.31696137927827,24.684035093887992,2022-06-01,0,44.43578532395701,0.0,0.0,180.17539396740136,25.5117653556492,0.0,1,0.00014450589,0
LR0205,Kpaai,Bong,29806.0,670.76568542,2022,7,0,0,0.0,258.9838685535249,23.72865345167077,2022-07-01,0,44.43578532395701,0.0,0.0,242.31696137927827,24.684035093887992,0.0,1,4.4656368e-05,0
LR0205,Kpaai,Bong,29806.0,670.76568542,2022,8,2,2,6.710058377507885,274.1409505208334,23.38937303294306,2022-08-01,0,44.43578532395701,0.0,0.0,258.9838685535249,23.72865345167077,0.0,1,0.00019718897,0
LR0205,Kpaai,Bong,29806.0,670.76568542,2022,9,0,0,0.0,361.9110194614955,23.913139757902723,2022-09-01,0,44.43578532395701,2.0,6.710058377507885,274.1409505208334,23.38937303294306,0.6666666666666666,1,0.0019650233,0
LR0205,Kpaai,Bong,29806.0,670.76568542,2022,10,0,0,0.0,267.6182774135045,24.802053285681684,2022-10-01,0,44.43578532395701,0.0,0.0,361.9110194614955,23.913139757902723,0.6666666666666666,1,0.00015644859,0
LR0205,Kpaai,Bong,29806.0,670.76568542,2022,11,0,0,0.0,73.15934262956891,24.596111380535625,2022-11-01,0,44.43578532395701,0.0,0.0,267.6182774135045,24.802053285681684,0.6666666666666666,0,0.000107440916,0
LR0205,Kpaai,Bong,29806.0,670.76568542,2022,12,0,0,0.0,27.94621485755557,24.14466045213783,2022-12-01,0,44.43578532395701,0.0,0.0,73.15934262956891,24.596111380535625,0.0,0,2.1861564e-05,0
LR0205,Kpaai,Bong,29806.0,670.76568542,2023,1,0,0,0.0,13.68623638153076,24.30312704003376,2023-01-01,0,44.43578532395701,0.0,0.0,27.94621485755557,24.14466045213783,0.0,0,0.00028273108,0
LR0205,Kpaai,Bong,29806.0,670.76568542,2023,2,0,0,0.0,31.33069928487142,26.029588782269023,2023-02-01,0,44.43578532395701,0.0,0.0,13.68623638153076,24.30312704003376,0.0,0,2.3309127e-05,0
LR0206,Panta,Bong,19853.0,447.41249515,2020,4,0,0,0.0,179.95406436920163,25.814797914945167,2020-04-01,0,44.372922560743554,0.0,0.0,175.52763652801514,26.154555394099308,0.0,0,4.6657556e-06,0
LR0206,Panta,Bong,19853.0,447.41249515,2020,5,0,0,0.0,210.1527576446533,25.66511227534368,2020-05-01,0,44.372922560743554,0.0,0.0,179.95406436920163,25.814797914945167,0.0,1,3.229131e-05,0
LR0206,Panta,Bong,19853.0,447.41249515,2020,6,0,0,0.0,235.8820009231568,24.644748394305893,2020-06-01,0,44.372922560743554,0.0,0.0,210.1527576446533,25.66511227534368,0.0,1,0.0007963755,0
LR0206,Panta,Bong,19853.0,447.41249515,2020,7,0,0,0.0,229.6130514144897,23.37005365811861,2020-07-01,0,44.372922560743554,0.0,0.0,235.8820009231568,24.644748394305893,0.0,1,0.0010663585,0
LR0206,Panta,Bong,19853.0,447.41249515,2020,8,0,0,0.0,245.70493888854983,23.032781307513897,2020-08-01,0,44.372922560743554,0.0,0.0,229.6130514144897,23.37005365811861,0.0,1,0.0003594077,0
LR0206,Panta,Bong,19853.0,447.41249515,2020,9,0,0,0.0,327.1361427307129,24.00736016493577,2020-09-01,0,44.372922560743554,0.0,0.0,245.70493888854983,23.032781307513897,0.0,1,0.00033903294,0
LR0206,Panta,Bong,19853.0,447.41249515,2020,10,0,0,0.0,224.6536903381348,24.62100293086125,2020-10-01,0,44.372922560743554,0.0,0.0,327.1361427307129,24.00736016493577,0.0,1,0.0002767636,0
LR0206,Panta,Bong,19853.0,447.41249515,2020,11,0,0,0.0,29.5272843837738,24.59659092242901,2020-11-01,0,44.372922560743554,0.0,0.0,224.6536903381348,24.62100293086125,0.0,0,5.0703577e-05,0
LR0206,Panta,Bong,19853.0,447.41249515,2020,12,0,0,0.0,58.817124843597405,24.71524840134841,2020-12-01,0,44.372922560743554,0.0,0.0,29.5272843837738,24.59659092242901,0.0,0,2.5368488e-06,0
LR0206,Panta,Bong,19853.0,447.41249515,2021,1,0,0,0.0,15.533625185489653,24.595138403085564,2021-01-01,0,44.372922560743554,0.0,0.0,58.817124843597405,24.71524840134841,0.0,0,6.666571e-05,0
LR0206,Panta,Bong,19853.0,447.41249515,2021,2,0,0,0.0,92.41737318038942,25.65921739431528,2021-02-01,0,44.372922560743554,0.0,0.0,15.533625185489653,24.595138403085564,0.0,0,8.213554e-07,0
LR0206,Panta,Bong,19853.0,447.41249515,2021,3,0,0,0.0,148.8480682373047,25.45373887282152,2021-03-01,0,44.372922560743554,0.0,0.0,92.41737318038942,25.65921739431528,0.0,0,1.3697269e-05,0
LR0206,Panta,Bong,19853.0,447.41249515,2021,4,0,0,0.0,158.97179985046387,25.628327002892124,2021-04-01,0,44.372922560743554,0.0,0.0,148.8480682373047,25.45373887282152,0.0,0,3.28221e-06,0
LR0206,Panta,Bong,19853.0,447.41249515,2021,5,0,0,0.0,175.4960021972656,25.455133731548607,2021-05-01,0,44.372922560743554,0.0,0.0,158.97179985046387,25.628327002892124,0.0,1,1.4729272e-05,0
LR0206,Panta,Bong,19853.0,447.41249515,2021,6,0,0,0.0,309.1682434082032,24.67893981933593,2021-06-01,0,44.372922560743554,0.0,0.0,175.4960021972656,25.455133731548607,0.0,1,0.0003415061,0
LR0206,Panta,Bong,19853.0,447.41249515,2021,7,0,0,0.0,235.1157827377319,23.74480056762696,2021-07-01,0,44.372922560743554,0.0,0.0,309.1682434082032,24.67893981933593,0.0,1,0.00033207232,0
LR0206,Panta,Bong,19853.0,447.41249515,2021,8,0,0,0.0,356.2577209472656,23.6045403113732,2021-08-01,0,44.372922560743554,0.0,0.0,235.1157827377319,23.74480056762696,0.0,1,0.000102974984,0
LR0206,Panta,Bong,19853.0,447.41249515,2021,9,0,0,0.0,394.7175769805908,24.1622738471398,2021-09-01,0,44.372922560743554,0.0,0.0,356.2577209472656,23.6045403113732,0.0,1,3.1297513e-05,0
LR0206,Panta,Bong,19853.0,447.41249515,2021,10,0,0,0.0,222.15543460845947,24.88112801771897,2021-10-01,0,44.372922560743554,0.0,0.0,394.7175769805908,24.1622738471398,0.0,1,0.00037062712,0
LR0206,Panta,Bong,19853.0,447.41249515,2021,11,0,0,0.0,117.90959787368776,24.95562025216909,2021-11-01,0,44.372922560743554,0.0,0.0,222.15543460845947,24.88112801771897,0.0,0,7.977745e-06,0
LR0206,Panta,Bong,19853.0,447.41249515,2021,12,0,0,0.0,21.65748703479767,24.663017859825725,2021-12-01,0,44.372922560743554,0.0,0.0,117.90959787368776,24.95562025216909,0.0,0,0.00018447683,0
LR0206,Panta,Bong,19853.0,447.41249515,2022,1,0,0,0.0,8.457857698202135,23.609879126915565,2022-01-01,0,44.372922560743554,0.0,0.0,21.65748703479767,24.663017859825725,0.0,0,0.00046484006,0
LR0206,Panta,Bong,19853.0,447.41249515,2022,2,0,0,0.0,31.14559006690979,25.228226001446068,2022-02-01,0,44.372922560743554,0.0,0.0,8.457857698202135,23.609879126915565,0.0,0,7.994874e-06,0
LR0206,Panta,Bong,19853.0,447.41249515,2022,3,0,0,0.0,148.3529806137085,25.69042073763333,2022-03-01,0,44.372922560743554,0.0,0.0,31.14559006690979,25.228226001446068,0.0,0,1.3207788e-06,0
LR0206,Panta,Bong,19853.0,447.41249515,2022,4,0,0,0.0,179.10766887664798,25.65604914151705,2022-04-01,0,44.372922560743554,0.0,0.0,148.3529806137085,25.69042073763333,0.0,0,4.8970464e-06,0
LR0206,Panta,Bong,19853.0,447.41249515,2022,5,0,0,0.0,170.46413421630862,25.286030255831207,2022-05-01,0,44.372922560743554,0.0,0.0,179.10766887664798,25.65604914151705,0.0,1,2.7650447e-05,0
LR0206,Panta,Bong,19853.0,447.41249515,2022,6,0,0,0.0,227.5081777572632,24.477775133573093,2022-06-01,0,44.372922560743554,0.0,0.0,170.46413421630862,25.286030255831207,0.0,1,9.3087154e-05,0
LR0206,Panta,Bong,19853.0,447.41249515,2022,7,0,0,0.0,277.80937767028814,23.549055979802056,2022-07-01,0,44.372922560743554,0.0,0.0,227.5081777572632,24.477775133573093,0.0,1,0.00011920566,0
LR0206,Panta,Bong,19853.0,447.41249515,2022,8,0,0,0.0,310.96304893493647,23.19211196899414,2022-08-01,0,44.372922560743554,0.0,0.0,277.80937767028814,23.549055979802056,0.0,1,0.0016856068,0
LR0206,Panta,Bong,19853.0,447.41249515,2022,9,0,0,0.0,410.3102359771729,23.737668404212364,2022-09-01,0,44.372922560743554,0.0,0.0,310.96304893493647,23.19211196899414,0.0,1,4.4820794e-05,0
LR0206,Panta,Bong,19853.0,447.41249515,2022,10,0,0,0.0,235.68550300598145,24.5445682819073,2022-10-01,0,44.372922560743554,0.0,0.0,410.3102359771729,23.737668404212364,0.0,1,0.00019933018,0
LR0206,Panta,Bong,19853.0,447.41249515,2022,11,0,0,0.0,86.78367328643799,24.270682408259468,2022-11-01,0,44.372922560743554,0.0,0.0,235.68550300598145,24.5445682819073,0.0,0,1.3751796e-05,0
LR0206,Panta,Bong,19853.0,447.41249515,2022,12,0,0,0.0,27.329354763031,23.781539623553936,2022-12-01,0,44.372922560743554,0.0,0.0,86.78367328643799,24.270682408259468,0.0,0,3.3702912e-05,0
LR0206,Panta,Bong,19853.0,447.41249515,2023,1,0,0,0.0,13.854424834251404,24.01341761075533,2023-01-01,0,44.372922560743554,0.0,0.0,27.329354763031,23.781539623553936,0.0,0,0.000113433016,0
LR0206,Panta,Bong,19853.0,447.41249515,2023,2,0,0,0.0,41.564260482788086,25.76483799861028,2023-02-01,0,44.372922560743554,0.0,0.0,13.854424834251404,24.01341761075533,0.0,0,4.1364124e-06,0
LR0207,Salala,Bong,52928.0,886.70680665,2020,4,0,0,0.0,219.3397892543248,26.56451286588397,2020-04-01,0,59.69053085310496,0.0,0.0,205.12338747297017,26.771571636199955,0.0,0,0.00038713202,0
LR0207,Salala,Bong,52928.0,886.70680665,2020,5,0,0,0.0,204.7104181562152,26.23948362895421,2020-05-01,0,59.69053085310496,0.0,0.0,219.3397892543248,26.56451286588397,0.0,1,0.00022267649,0
LR0207,Salala,Bong,52928.0,886.70680665,2020,6,0,0,0.0,272.10152871268133,25.13808080128261,2020-06-01,0,59.69053085310496,0.0,0.0,204.7104181562152,26.23948362895421,0.0,1,0.00030569147,0
LR0207,Salala,Bong,52928.0,886.70680665,2020,7,0,0,0.0,302.85590962001254,23.869395392281668,2020-07-01,0,59.69053085310496,0.0,0.0,272.10152871268133,25.13808080128261,0.0,1,0.0014779937,0
LR0207,Salala,Bong,52928.0,886.70680665,2020,8,0,0,0.0,301.65956061226973,23.42440979821341,2020-08-01,0,59.69053085310496,0.0,0.0,302.85590962001254,23.869395392281668,0.0,1,0.0015882524,0
LR0207,Salala,Bong,52928.0,886.70680665,2020,9,0,0,0.0,396.0938153948102,24.412729740142822,2020-09-01,0,59.69053085310496,0.0,0.0,301.65956061226973,23.42440979821341,0.0,1,0.00081626896,0
LR0207,Salala,Bong,52928.0,886.70680665,2020,10,0,0,0.0,242.0946895054408,25.17761509759085,2020-10-01,0,59.69053085310496,0.0,0.0,396.0938153948102,24.412729740142822,0.0,1,7.301806e-05,0
LR0207,Salala,Bong,52928.0,886.70680665,2020,11,0,0,0.0,48.237479891095845,25.25364576067244,2020-11-01,0,59.69053085310496,0.0,0.0,242.0946895054408,25.17761509759085,0.0,0,0.00030779678,0
LR0207,Salala,Bong,52928.0,886.70680665,2020,12,0,0,0.0,82.05449431283132,25.42662198202951,2020-12-01,0,59.69053085310496,0.0,0.0,48.237479891095845,25.25364576067244,0.0,0,4.7552744e-06,0
LR0207,Salala,Bong,52928.0,886.70680665,2021,1,0,0,0.0,22.788264138357977,25.34173352377756,2021-01-01,0,59.69053085310496,0.0,0.0,82.05449431283132,25.42662198202951,0.0,0,0.00078125927,0
LR0207,Salala,Bong,52928.0,886.70680665,2021,2,0,0,0.0,103.2929744720459,26.30534328733172,2021-02-01,0,59.69053085310496,0.0,0.0,22.788264138357977,25.34173352377756,0.0,0,2.9217408e-06,0
LR0207,Salala,Bong,52928.0,886.70680665,2021,3,0,0,0.0,177.42655072893416,26.0389917237418,2021-03-01,0,59.69053085310496,0.0,0.0,103.2929744720459,26.30534328733172,0.0,0,1.0787417e-05,0
LR0207,Salala,Bong,52928.0,886.70680665,2021,4,0,0,0.0,159.2227919442313,26.25300550460816,2021-04-01,0,59.69053085310496,0.0,0.0,177.42655072893416,26.0389917237418,0.0,0,7.693343e-06,0
LR0207,Salala,Bong,52928.0,886.70680665,2021,5,0,0,0.0,220.9512552533831,26.008939743042,2021-05-01,0,59.69053085310496,0.0,0.0,159.2227919442313,26.25300550460816,0.0,1,0.00014447187,0
LR0207,Salala,Bong,52928.0,886.70680665,2021,6,1,1,1.8893591293833127,322.2815987723215,25.187350409371515,2021-06-01,0,59.69053085310496,0.0,0.0,220.9512552533831,26.008939743042,0.0,1,0.0008299474,0
LR0207,Salala,Bong,52928.0,886.70680665,2021,7,1,1,1.8893591293833127,246.93006079537528,24.194618838174005,2021-07-01,0,59.69053085310496,1.0,1.8893591293833127,322.2815987723215,25.187350409371515,0.3333333333333333,1,0.04606167,0
LR0207,Salala,Bong,52928.0,886.70680665,2021,8,0,0,0.0,491.8395571027482,24.06708254132952,2021-08-01,0,59.69053085310496,1.0,1.8893591293833127,246.93006079537528,24.194618838174005,0.6666666666666666,1,0.0021924304,0
LR0207,Salala,Bong,52928.0,886.70680665,2021,9,0,0,0.0,450.180395943778,24.62005233764648,2021-09-01,0,59.69053085310496,0.0,0.0,491.8395571027482,24.06708254132952,0.6666666666666666,1,0.019906588,0
LR0207,Salala,Bong,52928.0,886.70680665,2021,10,0,0,0.0,270.6621409824915,25.388159751892083,2021-10-01,0,59.69053085310496,0.0,0.0,450.180395943778,24.62005233764648,0.3333333333333333,1,0.00033302532,0
LR0207,Salala,Bong,52928.0,886.70680665,2021,11,0,0,0.0,113.81646646772111,25.556939942496165,2021-11-01,0,59.69053085310496,0.0,0.0,270.6621409824915,25.388159751892083,0.0,0,4.9401537e-05,0
LR0207,Salala,Bong,52928.0,886.70680665,2021,12,0,0,0.0,34.947417463575086,25.57603427342006,2021-12-01,0,59.69053085310496,0.0,0.0,113.81646646772111,25.556939942496165,0.0,0,0.0015942878,0
LR0207,Salala,Bong,52928.0,886.70680665,2022,1,0,0,0.0,8.493995649474007,24.624045303889687,2022-01-01,0,59.69053085310496,0.0,0.0,34.947417463575086,25.57603427342006,0.0,0,0.010170872,0
LR0207,Salala,Bong,52928.0,886.70680665,2022,2,0,0,0.0,45.866110665457576,26.022387981414795,2022-02-01,0,59.69053085310496,0.0,0.0,8.493995649474007,24.624045303889687,0.0,0,3.4467303e-05,0
LR0207,Salala,Bong,52928.0,886.70680665,2022,3,0,0,0.0,134.07128306797574,26.24787160328456,2022-03-01,0,59.69053085310496,0.0,0.0,45.866110665457576,26.022387981414795,0.0,0,1.9991137e-06,0
LR0207,Salala,Bong,52928.0,886.70680665,2022,4,0,0,0.0,172.997501373291,26.22123295920236,2022-04-01,0,59.69053085310496,0.0,0.0,134.07128306797574,26.24787160328456,0.0,0,9.80721e-06,0
LR0207,Salala,Bong,52928.0,886.70680665,2022,5,0,0,0.0,187.5051879882812,25.79542473384312,2022-05-01,0,59.69053085310496,0.0,0.0,172.997501373291,26.22123295920236,0.0,1,6.608874e-06,0
LR0207,Salala,Bong,52928.0,886.70680665,2022,6,0,0,0.0,308.2052045549665,24.9673775264195,2022-06-01,0,59.69053085310496,0.0,0.0,187.5051879882812,25.79542473384312,0.0,1,0.0001366053,0
LR0207,Salala,Bong,52928.0,886.70680665,2022,7,0,0,0.0,199.304245540074,23.93932213102068,2022-07-01,0,59.69053085310496,0.0,0.0,308.2052045549665,24.9673775264195,0.0,1,0.003781491,0
LR0207,Salala,Bong,52928.0,886.70680665,2022,8,0,0,0.0,329.684090750558,23.63781711033412,2022-08-01,0,59.69053085310496,0.0,0.0,199.304245540074,23.93932213102068,0.0,1,0.00022635149,0
LR0207,Salala,Bong,52928.0,886.70680665,2022,9,0,0,0.0,413.9516045706612,24.131125382014687,2022-09-01,0,59.69053085310496,0.0,0.0,329.684090750558,23.63781711033412,0.0,1,0.000108768945,0
LR0207,Salala,Bong,52928.0,886.70680665,2022,10,0,0,0.0,312.7285930088589,25.07195200238909,2022-10-01,0,59.69053085310496,0.0,0.0,413.9516045706612,24.131125382014687,0.0,1,0.00035312487,0
LR0207,Salala,Bong,52928.0,886.70680665,2022,11,0,0,0.0,98.01842417035786,24.953980309622622,2022-11-01,0,59.69053085310496,0.0,0.0,312.7285930088589,25.07195200238909,0.0,0,1.267808e-05,0
LR0207,Salala,Bong,52928.0,886.70680665,2022,12,0,0,0.0,47.55597455160959,24.78033018112183,2022-12-01,0,59.69053085310496,0.0,0.0,98.01842417035786,24.953980309622622,0.0,0,7.22817e-05,0
LR0207,Salala,Bong,52928.0,886.70680665,2023,1,0,0,0.0,17.661551305225917,25.00562947137016,2023-01-01,0,59.69053085310496,0.0,0.0,47.55597455160959,24.78033018112183,0.0,0,2.5403095e-05,0
LR0207,Salala,Bong,52928.0,886.70680665,2023,2,0,0,0.0,23.690751211983816,26.61663382393973,2023-02-01,0,59.69053085310496,0.0,0.0,17.661551305225917,25.00562947137016,0.0,0,5.3104493e-05,0
LR0208,Sanoyeah,Bong,39467.0,1101.88512757,2020,4,0,0,0.0,215.1395123130397,26.238089826371937,2020-04-01,0,35.8177082279321,0.0,0.0,223.16614130923625,26.399255752563484,0.0,0,0.00091306603,0
LR0208,Sanoyeah,Bong,39467.0,1101.88512757,2020,5,0,0,0.0,201.81061594109784,25.957252131568065,2020-05-01,0,35.8177082279321,0.0,0.0,215.1395123130397,26.238089826371937,0.0,1,0.00011914816,0
LR0208,Sanoyeah,Bong,39467.0,1101.88512757,2020,6,0,0,0.0,263.63819925408603,24.94932307137384,2020-06-01,0,35.8177082279321,0.0,0.0,201.81061594109784,25.957252131568065,0.0,1,0.0006838659,0
LR0208,Sanoyeah,Bong,39467.0,1101.88512757,2020,7,1,1,2.5337623837636505,270.11703732139193,23.650519000159367,2020-07-01,0,35.8177082279321,0.0,0.0,263.63819925408603,24.94932307137384,0.0,1,0.0006792581,0
LR0208,Sanoyeah,Bong,39467.0,1101.88512757,2020,8,0,0,0.0,272.04852857087786,23.19766097598606,2020-08-01,0,35.8177082279321,1.0,2.5337623837636505,270.11703732139193,23.650519000159367,0.3333333333333333,1,0.07043895,0
LR0208,Sanoyeah,Bong,39467.0,1101.88512757,2020,9,0,0,0.0,353.91538278680093,24.23859511481392,2020-09-01,0,35.8177082279321,0.0,0.0,272.04852857087786,23.19766097598606,0.3333333333333333,1,0.0011400474,0
LR0208,Sanoyeah,Bong,39467.0,1101.88512757,2020,10,0,0,0.0,212.9857683683697,24.945963912540016,2020-10-01,0,35.8177082279321,0.0,0.0,353.91538278680093,24.23859511481392,0.3333333333333333,1,0.00028405068,0
LR0208,Sanoyeah,Bong,39467.0,1101.88512757,2020,11,0,0,0.0,38.32499739998265,24.950836340586346,2020-11-01,0,35.8177082279321,0.0,0.0,212.9857683683697,24.945963912540016,0.0,0,0.00012974584,0
LR0208,Sanoyeah,Bong,39467.0,1101.88512757,2020,12,0,0,0.0,62.29875012447962,25.10009076860216,2020-12-01,0,35.8177082279321,0.0,0.0,38.32499739998265,24.950836340586346,0.0,0,8.499991e-06,0
LR0208,Sanoyeah,Bong,39467.0,1101.88512757,2021,1,0,0,0.0,16.474323900122396,24.92769538031684,2021-01-01,0,35.8177082279321,0.0,0.0,62.29875012447962,25.10009076860216,0.0,0,3.4633726e-05,0
LR0208,Sanoyeah,Bong,39467.0,1101.88512757,2021,2,0,0,0.0,100.79294285021332,25.892816861470543,2021-02-01,0,35.8177082279321,0.0,0.0,16.474323900122396,24.92769538031684,0.0,0,1.0169164e-06,0
LR0208,Sanoyeah,Bong,39467.0,1101.88512757,2021,3,0,0,0.0,182.4491376374897,25.78497250874837,2021-03-01,0,35.8177082279321,0.0,0.0,100.79294285021332,25.892816861470543,0.0,0,7.061678e-06,0
LR0208,Sanoyeah,Bong,39467.0,1101.88512757,2021,4,0,0,0.0,163.3779353091591,26.02677382363213,2021-04-01,0,35.8177082279321,0.0,0.0,182.4491376374897,25.78497250874837,0.0,0,2.8218732e-05,0
LR0208,Sanoyeah,Bong,39467.0,1101.88512757,2021,5,0,0,0.0,215.7011381450453,25.78636248906453,2021-05-01,0,35.8177082279321,0.0,0.0,163.3779353091591,26.02677382363213,0.0,1,2.1516154e-05,0
LR0208,Sanoyeah,Bong,39467.0,1101.88512757,2021,6,0,0,0.0,297.1953221371299,24.966756343841546,2021-06-01,0,35.8177082279321,0.0,0.0,215.7011381450453,25.78636248906453,0.0,1,0.0008155641,0
LR0208,Sanoyeah,Bong,39467.0,1101.88512757,2021,7,0,0,0.0,189.40308500591075,23.96654060151842,2021-07-01,0,35.8177082279321,0.0,0.0,297.1953221371299,24.966756343841546,0.0,1,0.0044399053,0
LR0208,Sanoyeah,Bong,39467.0,1101.88512757,2021,8,0,0,0.0,435.7901619359067,23.804284943474663,2021-08-01,0,35.8177082279321,0.0,0.0,189.40308500591075,23.96654060151842,0.0,1,3.0696192e-05,0
LR0208,Sanoyeah,Bong,39467.0,1101.88512757,2021,9,0,0,0.0,417.268385234632,24.42104249530368,2021-09-01,0,35.8177082279321,0.0,0.0,435.7901619359067,23.804284943474663,0.0,1,0.00017956838,0
LR0208,Sanoyeah,Bong,39467.0,1101.88512757,2021,10,0,0,0.0,234.70596835487768,25.175699869791668,2021-10-01,0,35.8177082279321,0.0,0.0,417.268385234632,24.42104249530368,0.0,1,9.171561e-05,0
LR0208,Sanoyeah,Bong,39467.0,1101.88512757,2021,11,0,0,0.0,107.11896956594366,25.27072180642022,2021-11-01,0,35.8177082279321,0.0,0.0,234.70596835487768,25.175699869791668,0.0,0,1.4581114e-05,0
LR0208,Sanoyeah,Bong,39467.0,1101.88512757,2021,12,0,0,0.0,28.57630789907355,25.183171537187366,2021-12-01,0,35.8177082279321,0.0,0.0,107.11896956594366,25.27072180642022,0.0,0,0.0002329741,0
LR0208,Sanoyeah,Bong,39467.0,1101.88512757,2022,1,0,0,0.0,9.028823375701904,24.07763327492608,2022-01-01,0,35.8177082279321,0.0,0.0,28.57630789907355,25.183171537187366,0.0,0,0.038587514,0
LR0208,Sanoyeah,Bong,39467.0,1101.88512757,2022,2,0,0,0.0,31.67286546606767,25.46088075637817,2022-02-01,0,35.8177082279321,0.0,0.0,9.028823375701904,24.07763327492608,0.0,0,1.1084516e-05,0
LR0208,Sanoyeah,Bong,39467.0,1101.88512757,2022,3,0,0,0.0,154.87101263748974,25.85610606935289,2022-03-01,0,35.8177082279321,0.0,0.0,31.67286546606767,25.46088075637817,0.0,0,1.2633369e-06,0
LR0208,Sanoyeah,Bong,39467.0,1101.88512757,2022,4,0,0,0.0,160.916155363384,25.8903931511773,2022-04-01,0,35.8177082279321,0.0,0.0,154.87101263748974,25.85610606935289,0.0,0,7.246997e-06,0
LR0208,Sanoyeah,Bong,39467.0,1101.88512757,2022,5,0,0,0.0,174.82414446379008,25.559764862060543,2022-05-01,0,35.8177082279321,0.0,0.0,160.916155363384,25.8903931511773,0.0,1,2.7896209e-05,0
LR0208,Sanoyeah,Bong,39467.0,1101.88512757,2022,6,0,0,0.0,279.2898800498561,24.747391965654163,2022-06-01,0,35.8177082279321,0.0,0.0,174.82414446379008,25.559764862060543,0.0,1,0.00093265466,0
LR0208,Sanoyeah,Bong,39467.0,1101.88512757,2022,7,0,0,0.0,270.447280482242,23.71594911151461,2022-07-01,0,35.8177082279321,0.0,0.0,279.2898800498561,24.747391965654163,0.0,1,0.00070265506,0
LR0208,Sanoyeah,Bong,39467.0,1101.88512757,2022,8,0,0,0.0,336.11903381347656,23.392132388220887,2022-08-01,0,35.8177082279321,0.0,0.0,270.447280482242,23.71594911151461,0.0,1,0.0024767406,0
LR0208,Sanoyeah,Bong,39467.0,1101.88512757,2022,9,0,0,0.0,372.9253788998253,23.92362207836575,2022-09-01,0,35.8177082279321,0.0,0.0,336.11903381347656,23.392132388220887,0.0,1,0.0005863975,0
LR0208,Sanoyeah,Bong,39467.0,1101.88512757,2022,10,0,0,0.0,269.82879598517167,24.83852232827081,2022-10-01,0,35.8177082279321,0.0,0.0,372.9253788998253,23.92362207836575,0.0,1,0.00021158192,0
LR0208,Sanoyeah,Bong,39467.0,1101.88512757,2022,11,0,0,0.0,91.6162372388338,24.630404737260605,2022-11-01,0,35.8177082279321,0.0,0.0,269.82879598517167,24.83852232827081,0.0,0,1.8683417e-05,0
LR0208,Sanoyeah,Bong,39467.0,1101.88512757,2022,12,0,0,0.0,35.30060953842967,24.361215803358288,2022-12-01,0,35.8177082279321,0.0,0.0,91.6162372388338,24.630404737260605,0.0,0,1.3599546e-05,0
LR0208,Sanoyeah,Bong,39467.0,1101.88512757,2023,1,0,0,0.0,16.28741312026978,24.43299256430732,2023-01-01,0,35.8177082279321,0.0,0.0,35.30060953842967,24.361215803358288,0.0,0,1.0260381e-05,0
LR0208,Sanoyeah,Bong,39467.0,1101.88512757,2023,2,0,0,0.0,27.193564465171416,26.162938064999054,2023-02-01,0,35.8177082279321,0.0,0.0,16.28741312026978,24.43299256430732,0.0,0,9.712894e-06,0
LR0209,Suakoko,Bong,44930.0,621.71338263,2020,4,0,0,0.0,208.431220676588,25.99583344232468,2020-04-01,0,72.26802776857575,0.0,0.0,225.98515983249828,26.25067211332776,0.0,0,0.0013632481,0
LR0209,Suakoko,Bong,44930.0,621.71338263,2020,5,0,0,0.0,210.92255368440047,25.82467878432501,2020-05-01,0,72.26802776857575,0.0,0.0,208.431220676588,25.99583344232468,0.0,1,0.006011657,0
LR0209,Suakoko,Bong,44930.0,621.71338263,2020,6,10,10,22.256843979523705,195.40214737601903,24.817252204531712,2020-06-01,1,72.26802776857575,0.0,0.0,210.92255368440047,25.82467878432501,0.0,1,0.8211435,1
LR0209,Suakoko,Bong,44930.0,621.71338263,2020,7,6,6,13.354106387714223,214.73830977730128,23.530906586419967,2020-07-01,1,72.26802776857575,10.0,22.256843979523705,195.40214737601903,24.817252204531712,3.3333333333333335,1,0.97651607,1
LR0209,Suakoko,Bong,44930.0,621.71338263,2020,8,0,0,0.0,194.4369871720024,23.155033838181268,2020-08-01,0,72.26802776857575,6.0,13.354106387714223,214.73830977730128,23.530906586419967,5.333333333333333,1,0.015328599,0
LR0209,Suakoko,Bong,44930.0,621.71338263,2020,9,0,0,0.0,319.6170176630435,24.150541850498744,2020-09-01,0,72.26802776857575,0.0,0.0,194.4369871720024,23.155033838181268,5.333333333333333,1,0.005091845,0
LR0209,Suakoko,Bong,44930.0,621.71338263,2020,10,0,0,0.0,192.6332715905231,24.825820014590303,2020-10-01,0,72.26802776857575,0.0,0.0,319.6170176630435,24.150541850498744,2.0,1,0.0039654933,0
LR0209,Suakoko,Bong,44930.0,621.71338263,2020,11,1,1,2.2256843979523704,22.398091772328254,24.82127661932083,2020-11-01,0,72.26802776857575,0.0,0.0,192.6332715905231,24.825820014590303,0.0,0,0.0032953154,0
LR0209,Suakoko,Bong,44930.0,621.71338263,2020,12,0,0,0.0,54.78823222284732,24.915233430408296,2020-12-01,0,72.26802776857575,1.0,2.2256843979523704,22.398091772328254,24.82127661932083,0.3333333333333333,0,0.0052452045,0
LR0209,Suakoko,Bong,44930.0,621.71338263,2021,1,0,0,0.0,14.637725871542228,24.687303452264697,2021-01-01,0,72.26802776857575,0.0,0.0,54.78823222284732,24.915233430408296,0.3333333333333333,0,0.0039767493,0
LR0209,Suakoko,Bong,44930.0,621.71338263,2021,2,1,1,2.2256843979523704,104.94783451246178,25.720157169160384,2021-02-01,0,72.26802776857575,0.0,0.0,14.637725871542228,24.687303452264697,0.3333333333333333,0,3.9233633e-05,0
LR0209,Suakoko,Bong,44930.0,621.71338263,2021,3,1,1,2.2256843979523704,184.8156579059104,25.579795564923963,2021-03-01,0,72.26802776857575,1.0,2.2256843979523704,104.94783451246178,25.720157169160384,0.3333333333333333,0,0.0014103088,0
LR0209,Suakoko,Bong,44930.0,621.71338263,2021,4,0,0,0.0,161.48465496560803,25.810766038440526,2021-04-01,0,72.26802776857575,1.0,2.2256843979523704,184.8156579059104,25.579795564923963,0.6666666666666666,0,0.0006747873,0
LR0209,Suakoko,Bong,44930.0,621.71338263,2021,5,0,0,0.0,207.4212341308593,25.63944707598005,2021-05-01,0,72.26802776857575,0.0,0.0,161.48465496560803,25.810766038440526,0.6666666666666666,1,0.0017271807,0
LR0209,Suakoko,Bong,44930.0,621.71338263,2021,6,11,11,24.48252837747608,239.4011064612347,24.84698095775786,2021-06-01,1,72.26802776857575,0.0,0.0,207.4212341308593,25.63944707598005,0.3333333333333333,1,0.9434002,1
LR0209,Suakoko,Bong,44930.0,621.71338263,2021,7,6,6,13.354106387714223,174.5112165368122,23.89083816891625,2021-07-01,1,72.26802776857575,11.0,24.48252837747608,239.4011064612347,24.84698095775786,3.6666666666666665,1,0.9463627,1
LR0209,Suakoko,Bong,44930.0,621.71338263,2021,8,0,0,0.0,306.24945930812675,23.74441010611398,2021-08-01,0,72.26802776857575,6.0,13.354106387714223,174.5112165368122,23.89083816891625,5.666666666666667,1,0.0044771726,0
LR0209,Suakoko,Bong,44930.0,621.71338263,2021,9,0,0,0.0,364.1900037682575,24.319706689743768,2021-09-01,0,72.26802776857575,0.0,0.0,306.24945930812675,23.74441010611398,5.666666666666667,1,0.0012068105,0
LR0209,Suakoko,Bong,44930.0,621.71338263,2021,10,0,0,0.0,213.7565805186396,25.057781401134672,2021-10-01,0,72.26802776857575,0.0,0.0,364.1900037682575,24.319706689743768,2.0,1,0.0029232455,0
LR0209,Suakoko,Bong,44930.0,621.71338263,2021,11,0,0,0.0,97.3937756082286,25.15167490641276,2021-11-01,0,72.26802776857575,0.0,0.0,213.7565805186396,25.057781401134672,0.0,0,0.00061295147,0
LR0209,Suakoko,Bong,44930.0,621.71338263,2021,12,2,2,4.451368795904741,24.41491467019786,24.951215925670805,2021-12-01,0,72.26802776857575,0.0,0.0,97.3937756082286,25.15167490641276,0.0,0,0.001527336,0
LR0209,Suakoko,Bong,44930.0,621.71338263,2022,1,0,0,0.0,8.600435816723367,23.83372388567243,2022-01-01,0,72.26802776857575,2.0,4.451368795904741,24.41491467019786,24.951215925670805,0.6666666666666666,0,0.07600096,0
LR0209,Suakoko,Bong,44930.0,621.71338263,2022,2,0,0,0.0,29.962765320487645,25.268614087785995,2022-02-01,0,72.26802776857575,0.0,0.0,8.600435816723367,23.83372388567243,0.6666666666666666,0,0.00022400571,0
LR0209,Suakoko,Bong,44930.0,621.71338263,2022,3,0,0,0.0,163.4248929231063,25.76507813589913,2022-03-01,0,72.26802776857575,0.0,0.0,29.962765320487645,25.268614087785995,0.6666666666666666,0,2.5887915e-05,0
LR0209,Suakoko,Bong,44930.0,621.71338263,2022,4,0,0,0.0,169.04414168648097,25.785834448678155,2022-04-01,0,72.26802776857575,0.0,0.0,163.4248929231063,25.76507813589913,0.0,0,0.00014621392,0
LR0209,Suakoko,Bong,44930.0,621.71338263,2022,5,0,0,0.0,179.45681032927138,25.4430350349063,2022-05-01,0,72.26802776857575,0.0,0.0,169.04414168648097,25.785834448678155,0.0,1,0.0008181164,0
LR0209,Suakoko,Bong,44930.0,621.71338263,2022,6,0,0,0.0,219.1939796779467,24.63277517046248,2022-06-01,0,72.26802776857575,0.0,0.0,179.45681032927138,25.4430350349063,0.0,1,0.018364552,0
LR0209,Suakoko,Bong,44930.0,621.71338263,2022,7,0,0,0.0,232.01379195503563,23.66670799255371,2022-07-01,0,72.26802776857575,0.0,0.0,219.1939796779467,24.63277517046248,0.0,1,0.0014068097,0
LR0209,Suakoko,Bong,44930.0,621.71338263,2022,8,0,0,0.0,244.0168987771739,23.32668749491373,2022-08-01,0,72.26802776857575,0.0,0.0,232.01379195503563,23.66670799255371,0.0,1,0.0003154865,0
LR0209,Suakoko,Bong,44930.0,621.71338263,2022,9,0,0,0.0,332.30187059485394,23.858703613281246,2022-09-01,0,72.26802776857575,0.0,0.0,244.0168987771739,23.32668749491373,0.0,1,0.0012273829,0
LR0209,Suakoko,Bong,44930.0,621.71338263,2022,10,1,1,2.2256843979523704,239.47219384234887,24.73110680353074,2022-10-01,0,72.26802776857575,0.0,0.0,332.30187059485394,23.858703613281246,0.0,1,0.00022592371,0
LR0209,Suakoko,Bong,44930.0,621.71338263,2022,11,0,0,0.0,75.95693986312203,24.49997829255604,2022-11-01,0,72.26802776857575,1.0,2.2256843979523704,239.47219384234887,24.73110680353074,0.3333333333333333,0,0.008990185,0
LR0209,Suakoko,Bong,44930.0,621.71338263,2022,12,0,0,0.0,29.869522592295773,24.093624659946983,2022-12-01,0,72.26802776857575,0.0,0.0,75.95693986312203,24.49997829255604,0.3333333333333333,0,0.00059858605,0
LR0209,Suakoko,Bong,44930.0,621.71338263,2023,1,0,0,0.0,14.498421088508938,24.21443221682594,2023-01-01,0,72.26802776857575,0.0,0.0,29.869522592295773,24.093624659946983,0.3333333333333333,0,0.0058072763,0
LR0209,Suakoko,Bong,44930.0,621.71338263,2023,2,0,0,0.0,27.686249857363496,25.941731135050457,2023-02-01,0,72.26802776857575,0.0,0.0,14.498421088508938,24.21443221682594,0.0,0,8.060233e-05,0
LR0210,Tukpahblee,Bong,13120.0,369.88163064,2020,4,0,0,0.0,195.3494529724121,26.1944786418568,2020-04-01,0,35.47080718039088,0.0,0.0,207.9500503540039,26.53768244656649,0.0,0,6.0318136e-05,0
LR0210,Tukpahblee,Bong,13120.0,369.88163064,2020,5,0,0,0.0,222.6511548360189,26.04459710554644,2020-05-01,0,35.47080718039088,0.0,0.0,195.3494529724121,26.1944786418568,0.0,1,0.00027760133,0
LR0210,Tukpahblee,Bong,13120.0,369.88163064,2020,6,3,3,22.865853658536587,259.7149836222331,24.916919881647285,2020-06-01,0,35.47080718039088,0.0,0.0,222.6511548360189,26.04459710554644,0.0,1,0.011025086,0
LR0210,Tukpahblee,Bong,13120.0,369.88163064,2020,7,0,0,0.0,243.0769449869792,23.64669435674494,2020-07-01,0,35.47080718039088,3.0,22.865853658536587,259.7149836222331,24.916919881647285,1.0,1,0.011236362,0
LR0210,Tukpahblee,Bong,13120.0,369.88163064,2020,8,0,0,0.0,200.69737243652344,23.30093574523925,2020-08-01,0,35.47080718039088,0.0,0.0,243.0769449869792,23.64669435674494,1.0,1,0.00055937545,0
LR0210,Tukpahblee,Bong,13120.0,369.88163064,2020,9,0,0,0.0,349.7000096638998,24.257718519731,2020-09-01,0,35.47080718039088,0.0,0.0,200.69737243652344,23.30093574523925,1.0,1,0.0026937975,0
LR0210,Tukpahblee,Bong,13120.0,369.88163064,2020,10,0,0,0.0,183.50890223185223,25.0547121221369,2020-10-01,0,35.47080718039088,0.0,0.0,349.7000096638998,24.257718519731,0.0,1,4.4378387e-05,0
LR0210,Tukpahblee,Bong,13120.0,369.88163064,2020,11,0,0,0.0,34.022893587748214,25.160023775967684,2020-11-01,0,35.47080718039088,0.0,0.0,183.50890223185223,25.0547121221369,0.0,0,0.00064880966,0
LR0210,Tukpahblee,Bong,13120.0,369.88163064,2020,12,0,0,0.0,69.48720836639404,25.230084679343488,2020-12-01,0,35.47080718039088,0.0,0.0,34.022893587748214,25.160023775967684,0.0,0,8.004242e-06,0
LR0210,Tukpahblee,Bong,13120.0,369.88163064,2021,1,0,0,0.0,14.646498759587605,24.95365004106001,2021-01-01,0,35.47080718039088,0.0,0.0,69.48720836639404,25.230084679343488,0.0,0,0.0040616533,0
LR0210,Tukpahblee,Bong,13120.0,369.88163064,2021,2,0,0,0.0,118.64315605163574,26.0105204148726,2021-02-01,0,35.47080718039088,0.0,0.0,14.646498759587605,24.95365004106001,0.0,0,1.1651061e-05,0
LR0210,Tukpahblee,Bong,13120.0,369.88163064,2021,3,0,0,0.0,179.7434171040853,25.69821999289773,2021-03-01,0,35.47080718039088,0.0,0.0,118.64315605163574,26.0105204148726,0.0,0,4.420513e-06,0
LR0210,Tukpahblee,Bong,13120.0,369.88163064,2021,4,0,0,0.0,148.67664845784506,25.886275898326527,2021-04-01,0,35.47080718039088,0.0,0.0,179.7434171040853,25.69821999289773,0.0,0,8.625714e-06,0
LR0210,Tukpahblee,Bong,13120.0,369.88163064,2021,5,0,0,0.0,198.07015736897787,25.817995591597125,2021-05-01,0,35.47080718039088,0.0,0.0,148.67664845784506,25.886275898326527,0.0,1,2.2263332e-05,0
LR0210,Tukpahblee,Bong,13120.0,369.88163064,2021,6,0,0,0.0,341.45618947347003,25.0307072726163,2021-06-01,0,35.47080718039088,0.0,0.0,198.07015736897787,25.817995591597125,0.0,1,0.0047807912,0
LR0210,Tukpahblee,Bong,13120.0,369.88163064,2021,7,0,0,0.0,202.8631477355957,24.049759604714133,2021-07-01,0,35.47080718039088,0.0,0.0,341.45618947347003,25.0307072726163,0.0,1,0.003504674,0
LR0210,Tukpahblee,Bong,13120.0,369.88163064,2021,8,0,0,0.0,394.9697443644205,23.954818032004614,2021-08-01,0,35.47080718039088,0.0,0.0,202.8631477355957,24.049759604714133,0.0,1,8.5907704e-05,0
LR0210,Tukpahblee,Bong,13120.0,369.88163064,2021,9,0,0,0.0,374.7112325032552,24.46833471818404,2021-09-01,0,35.47080718039088,0.0,0.0,394.9697443644205,23.954818032004614,0.0,1,0.0054740673,0
LR0210,Tukpahblee,Bong,13120.0,369.88163064,2021,10,0,0,0.0,228.2584711710612,25.234391645951707,2021-10-01,0,35.47080718039088,0.0,0.0,374.7112325032552,24.46833471818404,0.0,1,3.3626922e-05,0
LR0210,Tukpahblee,Bong,13120.0,369.88163064,2021,11,0,0,0.0,91.14698473612468,25.437739805741742,2021-11-01,0,35.47080718039088,0.0,0.0,228.2584711710612,25.234391645951707,0.0,0,2.3538742e-05,0
LR0210,Tukpahblee,Bong,13120.0,369.88163064,2021,12,0,0,0.0,23.867131392161053,25.305450439453125,2021-12-01,0,35.47080718039088,0.0,0.0,91.14698473612468,25.437739805741742,0.0,0,0.0012408403,0
LR0210,Tukpahblee,Bong,13120.0,369.88163064,2022,1,6,6,45.73170731707317,8.93339769045512,24.241758173162285,2022-01-01,1,35.47080718039088,0.0,0.0,23.867131392161053,25.305450439453125,0.0,0,0.7880954,1
LR0210,Tukpahblee,Bong,13120.0,369.88163064,2022,2,0,0,0.0,35.46001847585042,25.745902321555395,2022-02-01,0,35.47080718039088,6.0,45.73170731707317,8.93339769045512,24.241758173162285,2.0,0,0.0010426278,0
LR0210,Tukpahblee,Bong,13120.0,369.88163064,2022,3,0,0,0.0,129.93171246846515,26.16686300797896,2022-03-01,0,35.47080718039088,0.0,0.0,35.46001847585042,25.745902321555395,2.0,0,1.022311e-05,0
LR0210,Tukpahblee,Bong,13120.0,369.88163064,2022,4,0,0,0.0,181.6737887064616,26.121546311811965,2022-04-01,0,35.47080718039088,0.0,0.0,129.93171246846515,26.16686300797896,2.0,0,9.617145e-05,0
LR0210,Tukpahblee,Bong,13120.0,369.88163064,2022,5,0,0,0.0,189.8436139424642,25.65264025601473,2022-05-01,0,35.47080718039088,0.0,0.0,181.6737887064616,26.121546311811965,0.0,1,1.5375545e-05,0
LR0210,Tukpahblee,Bong,13120.0,369.88163064,2022,6,0,0,0.0,306.6499786376953,24.78247174349698,2022-06-01,0,35.47080718039088,0.0,0.0,189.8436139424642,25.65264025601473,0.0,1,0.0037123903,0
LR0210,Tukpahblee,Bong,13120.0,369.88163064,2022,7,0,0,0.0,209.4235382080078,23.799429806795985,2022-07-01,0,35.47080718039088,0.0,0.0,306.6499786376953,24.78247174349698,0.0,1,0.0023566016,0
LR0210,Tukpahblee,Bong,13120.0,369.88163064,2022,8,0,0,0.0,264.286875406901,23.499650435014207,2022-08-01,0,35.47080718039088,0.0,0.0,209.4235382080078,23.799429806795985,0.0,1,0.00028519012,0
LR0210,Tukpahblee,Bong,13120.0,369.88163064,2022,9,0,0,0.0,375.0552241007487,24.000076293945312,2022-09-01,0,35.47080718039088,0.0,0.0,264.286875406901,23.499650435014207,0.0,1,0.00036099798,0
LR0210,Tukpahblee,Bong,13120.0,369.88163064,2022,10,0,0,0.0,283.1041615804037,24.96670324152166,2022-10-01,0,35.47080718039088,0.0,0.0,375.0552241007487,24.000076293945312,0.0,1,6.708405e-05,0
LR0210,Tukpahblee,Bong,13120.0,369.88163064,2022,11,0,0,0.0,78.62752914428711,24.83960290388628,2022-11-01,0,35.47080718039088,0.0,0.0,283.1041615804037,24.96670324152166,0.0,0,0.00047121977,0
LR0210,Tukpahblee,Bong,13120.0,369.88163064,2022,12,0,0,0.0,34.442644913991295,24.46523250233044,2022-12-01,0,35.47080718039088,0.0,0.0,78.62752914428711,24.83960290388628,0.0,0,3.4443216e-05,0
LR0210,Tukpahblee,Bong,13120.0,369.88163064,2023,1,0,0,0.0,15.652990579605104,24.68286514282227,2023-01-01,0,35.47080718039088,0.0,0.0,34.442644913991295,24.46523250233044,0.0,0,1.3879466e-05,0
LR0210,Tukpahblee,Bong,13120.0,369.88163064,2023,2,0,0,0.0,29.398681163787845,26.357587294145063,2023-02-01,0,35.47080718039088,0.0,0.0,15.652990579605104,24.68286514282227,0.0,0,9.332406e-06,0
LR0211,Yeallequelleh,Bong,43695.0,983.9449001,2020,4,0,0,0.0,199.54402414957684,26.28943986603708,2020-04-01,0,44.40797446641494,0.0,0.0,214.0899434407552,26.53564742117218,0.0,0,8.644811e-05,0
LR0211,Yeallequelleh,Bong,43695.0,983.9449001,2020,5,0,0,0.0,193.2170288085937,26.065816937070903,2020-05-01,0,44.40797446641494,0.0,0.0,199.54402414957684,26.28943986603708,0.0,1,6.9424386e-05,0
LR0211,Yeallequelleh,Bong,43695.0,983.9449001,2020,6,0,0,0.0,226.21746266682945,24.988811666315257,2020-06-01,0,44.40797446641494,0.0,0.0,193.2170288085937,26.065816937070903,0.0,1,0.00030480186,0
LR0211,Yeallequelleh,Bong,43695.0,983.9449001,2020,7,0,0,0.0,221.2449564615885,23.715467048413828,2020-07-01,0,44.40797446641494,0.0,0.0,226.21746266682945,24.988811666315257,0.0,1,0.00031962292,0
LR0211,Yeallequelleh,Bong,43695.0,983.9449001,2020,8,0,0,0.0,215.86017252604168,23.31758030978116,2020-08-01,0,44.40797446641494,0.0,0.0,221.2449564615885,23.715467048413828,0.0,1,0.00033665256,0
LR0211,Yeallequelleh,Bong,43695.0,983.9449001,2020,9,0,0,0.0,360.3390889485678,24.302455208518293,2020-09-01,0,44.40797446641494,0.0,0.0,215.86017252604168,23.31758030978116,0.0,1,0.00015810541,0
LR0211,Yeallequelleh,Bong,43695.0,983.9449001,2020,10,0,0,0.0,213.3753835042317,25.044138185905688,2020-10-01,0,44.40797446641494,0.0,0.0,360.3390889485678,24.302455208518293,0.0,1,4.3746422e-05,0
LR0211,Yeallequelleh,Bong,43695.0,983.9449001,2020,11,0,0,0.0,34.013517570495615,25.10329893863562,2020-11-01,0,44.40797446641494,0.0,0.0,213.3753835042317,25.044138185905688,0.0,0,0.00035773136,0
LR0211,Yeallequelleh,Bong,43695.0,983.9449001,2020,12,0,0,0.0,66.14500007629395,25.22146698922822,2020-12-01,0,44.40797446641494,0.0,0.0,34.013517570495615,25.10329893863562,0.0,0,4.756944e-06,0
LR0211,Yeallequelleh,Bong,43695.0,983.9449001,2021,1,0,0,0.0,17.035014216105136,25.032114086729106,2021-01-01,0,44.40797446641494,0.0,0.0,66.14500007629395,25.22146698922822,0.0,0,0.000107300344,0
LR0211,Yeallequelleh,Bong,43695.0,983.9449001,2021,2,0,0,0.0,103.82372182210288,26.0365973963882,2021-02-01,0,44.40797446641494,0.0,0.0,17.035014216105136,25.032114086729106,0.0,0,4.7365643e-06,0
LR0211,Yeallequelleh,Bong,43695.0,983.9449001,2021,3,0,0,0.0,171.49277852376304,25.805999293471825,2021-03-01,0,44.40797446641494,0.0,0.0,103.82372182210288,26.0365973963882,0.0,0,2.1094738e-06,0
LR0211,Yeallequelleh,Bong,43695.0,983.9449001,2021,4,0,0,0.0,153.28675994873043,26.02202964551521,2021-04-01,0,44.40797446641494,0.0,0.0,171.49277852376304,25.805999293471825,0.0,0,1.6029277e-05,0
LR0211,Yeallequelleh,Bong,43695.0,983.9449001,2021,5,0,0,0.0,204.1738530476888,25.85126275727243,2021-05-01,0,44.40797446641494,0.0,0.0,153.28675994873043,26.02202964551521,0.0,1,4.6060663e-06,0
LR0211,Yeallequelleh,Bong,43695.0,983.9449001,2021,6,0,0,0.0,282.6637151082356,25.048655423251063,2021-06-01,0,44.40797446641494,0.0,0.0,204.1738530476888,25.85126275727243,0.0,1,0.00016518007,0
LR0211,Yeallequelleh,Bong,43695.0,983.9449001,2021,7,3,3,6.865774116031583,192.8452560424805,24.071749947287824,2021-07-01,0,44.40797446641494,0.0,0.0,282.6637151082356,25.048655423251063,0.0,1,0.0038324308,0
LR0211,Yeallequelleh,Bong,43695.0,983.9449001,2021,8,0,0,0.0,334.38906962076817,23.945678132953063,2021-08-01,0,44.40797446641494,3.0,6.865774116031583,192.8452560424805,24.071749947287824,1.0,1,0.028990164,0
LR0211,Yeallequelleh,Bong,43695.0,983.9449001,2021,9,0,0,0.0,383.3361796061197,24.495461955215,2021-09-01,0,44.40797446641494,0.0,0.0,334.38906962076817,23.945678132953063,1.0,1,0.0013633702,0
LR0211,Yeallequelleh,Bong,43695.0,983.9449001,2021,10,0,0,0.0,222.7428217569987,25.25142062794077,2021-10-01,0,44.40797446641494,0.0,0.0,383.3361796061197,24.495461955215,1.0,1,4.2570467e-05,0
LR0211,Yeallequelleh,Bong,43695.0,983.9449001,2021,11,0,0,0.0,97.063658396403,25.405536420417555,2021-11-01,0,44.40797446641494,0.0,0.0,222.7428217569987,25.25142062794077,0.0,0,1.8805185e-05,0
LR0211,Yeallequelleh,Bong,43695.0,983.9449001,2021,12,0,0,0.0,25.122856648763022,25.32180346864643,2021-12-01,0,44.40797446641494,0.0,0.0,97.063658396403,25.405536420417555,0.0,0,0.00074049964,0
LR0211,Yeallequelleh,Bong,43695.0,983.9449001,2022,1,0,0,0.0,8.604661719004312,24.28187537915779,2022-01-01,0,44.40797446641494,0.0,0.0,25.122856648763022,25.32180346864643,0.0,0,0.06604499,0
LR0211,Yeallequelleh,Bong,43695.0,983.9449001,2022,2,0,0,0.0,35.98589515686035,25.6960462512392,2022-02-01,0,44.40797446641494,0.0,0.0,8.604661719004312,24.28187537915779,0.0,0,1.0086371e-05,0
LR0211,Yeallequelleh,Bong,43695.0,983.9449001,2022,3,0,0,0.0,136.01634445190427,26.064069343335703,2022-03-01,0,44.40797446641494,0.0,0.0,35.98589515686035,25.6960462512392,0.0,0,5.222177e-06,0
LR0211,Yeallequelleh,Bong,43695.0,983.9449001,2022,4,0,0,0.0,164.55296478271487,26.06038203383937,2022-04-01,0,44.40797446641494,0.0,0.0,136.01634445190427,26.064069343335703,0.0,0,7.3670262e-06,0
LR0211,Yeallequelleh,Bong,43695.0,983.9449001,2022,5,0,0,0.0,181.40890197753907,25.657447930538293,2022-05-01,0,44.40797446641494,0.0,0.0,164.55296478271487,26.06038203383937,0.0,1,2.6904536e-06,0
LR0211,Yeallequelleh,Bong,43695.0,983.9449001,2022,6,0,0,0.0,259.5032272338868,24.825134855328177,2022-06-01,0,44.40797446641494,0.0,0.0,181.40890197753907,25.657447930538293,0.0,1,0.00024846927,0
LR0211,Yeallequelleh,Bong,43695.0,983.9449001,2022,7,0,0,0.0,214.45971984863283,23.826875397653293,2022-07-01,0,44.40797446641494,0.0,0.0,259.5032272338868,24.825134855328177,0.0,1,0.00012813654,0
LR0211,Yeallequelleh,Bong,43695.0,983.9449001,2022,8,0,0,0.0,266.0603251139322,23.512292977535363,2022-08-01,0,44.40797446641494,0.0,0.0,214.45971984863283,23.826875397653293,0.0,1,9.722188e-05,0
LR0211,Yeallequelleh,Bong,43695.0,983.9449001,2022,9,0,0,0.0,364.2486948649088,24.019801631118312,2022-09-01,0,44.40797446641494,0.0,0.0,266.0603251139322,23.512292977535363,0.0,1,9.078941e-05,0
LR0211,Yeallequelleh,Bong,43695.0,983.9449001,2022,10,0,0,0.0,265.95939331054694,24.94602209148985,2022-10-01,0,44.40797446641494,0.0,0.0,364.2486948649088,24.019801631118312,0.0,1,1.8776997e-05,0
LR0211,Yeallequelleh,Bong,43695.0,983.9449001,2022,11,0,0,0.0,77.72830657958984,24.79065137920957,2022-11-01,0,44.40797446641494,0.0,0.0,265.95939331054694,24.94602209148985,0.0,0,1.1840361e-05,0
LR0211,Yeallequelleh,Bong,43695.0,983.9449001,2022,12,0,0,0.0,37.021849060058585,24.48896436980276,2022-12-01,0,44.40797446641494,0.0,0.0,77.72830657958984,24.79065137920957,0.0,0,8.068674e-06,0
LR0211,Yeallequelleh,Bong,43695.0,983.9449001,2023,1,0,0,0.0,15.10110813776652,24.66550971522476,2023-01-01,0,44.40797446641494,0.0,0.0,37.021849060058585,24.48896436980276,0.0,0,6.932013e-05,0
LR0211,Yeallequelleh,Bong,43695.0,983.9449001,2023,2,0,0,0.0,23.108990987141937,26.33102983416933,2023-02-01,0,44.40797446641494,0.0,0.0,15.10110813776652,24.66550971522476,0.0,0,6.2086547e-06,0
LR0212,Zota,Bong,22206.0,847.27125799,2020,4,0,0,0.0,181.22714111328125,25.734399203596443,2020-04-01,0,26.20884373285573,0.0,0.0,187.67861572265628,26.044058898399616,0.0,0,5.039574e-06,0
LR0212,Zota,Bong,22206.0,847.27125799,2020,5,0,0,0.0,234.3126959228516,25.59152123023724,2020-05-01,0,26.20884373285573,0.0,0.0,181.22714111328125,25.734399203596443,0.0,1,4.835016e-05,0
LR0212,Zota,Bong,22206.0,847.27125799,2020,6,0,0,0.0,251.80340148925788,24.632310933080213,2020-06-01,0,26.20884373285573,0.0,0.0,234.3126959228516,25.59152123023724,0.0,1,0.010952467,0
LR0212,Zota,Bong,22206.0,847.27125799,2020,7,0,0,0.0,225.75436096191407,23.34768735951391,2020-07-01,0,26.20884373285573,0.0,0.0,251.80340148925788,24.632310933080213,0.0,1,0.008082166,0
LR0212,Zota,Bong,22206.0,847.27125799,2020,8,0,0,0.0,270.5146850585937,23.00249888979156,2020-08-01,0,26.20884373285573,0.0,0.0,225.75436096191407,23.34768735951391,0.0,1,0.041964453,0
LR0212,Zota,Bong,22206.0,847.27125799,2020,9,0,0,0.0,336.6821948242188,23.99058072320346,2020-09-01,0,26.20884373285573,0.0,0.0,270.5146850585937,23.00249888979156,0.0,1,0.023433974,0
LR0212,Zota,Bong,22206.0,847.27125799,2020,10,0,0,0.0,221.2265539550781,24.59665212960079,2020-10-01,0,26.20884373285573,0.0,0.0,336.6821948242188,23.99058072320346,0.0,1,0.020277498,0
LR0212,Zota,Bong,22206.0,847.27125799,2020,11,0,0,0.0,21.81896553039551,24.537605285644528,2020-11-01,0,26.20884373285573,0.0,0.0,221.2265539550781,24.59665212960079,0.0,0,0.00060819363,0
LR0212,Zota,Bong,22206.0,847.27125799,2020,12,0,0,0.0,56.23136932373047,24.625779974049536,2020-12-01,0,26.20884373285573,0.0,0.0,21.81896553039551,24.537605285644528,0.0,0,3.927912e-05,0
LR0212,Zota,Bong,22206.0,847.27125799,2021,1,0,0,0.0,15.308065299987792,24.42877381423424,2021-01-01,0,26.20884373285573,0.0,0.0,56.23136932373047,24.625779974049536,0.0,0,0.001225205,0
LR0212,Zota,Bong,22206.0,847.27125799,2021,2,0,0,0.0,96.24378967285156,25.49541999553812,2021-02-01,0,26.20884373285573,0.0,0.0,15.308065299987792,24.42877381423424,0.0,0,4.8011343e-06,0
LR0212,Zota,Bong,22206.0,847.27125799,2021,3,0,0,0.0,169.22063171386716,25.374829193641403,2021-03-01,0,26.20884373285573,0.0,0.0,96.24378967285156,25.49541999553812,0.0,0,1.8238272e-05,0
LR0212,Zota,Bong,22206.0,847.27125799,2021,4,0,0,0.0,156.49972045898437,25.60888494294265,2021-04-01,0,26.20884373285573,0.0,0.0,169.22063171386716,25.374829193641403,0.0,0,5.682186e-06,0
LR0212,Zota,Bong,22206.0,847.27125799,2021,5,0,0,0.0,199.5518725585937,25.42462006930647,2021-05-01,0,26.20884373285573,0.0,0.0,156.49972045898437,25.60888494294265,0.0,1,3.719841e-05,0
LR0212,Zota,Bong,22206.0,847.27125799,2021,6,1,1,4.503287399801856,296.42896240234376,24.64993029627307,2021-06-01,0,26.20884373285573,0.0,0.0,199.5518725585937,25.42462006930647,0.0,1,0.009741954,0
LR0212,Zota,Bong,22206.0,847.27125799,2021,7,0,0,0.0,208.49902404785155,23.709496202140016,2021-07-01,0,26.20884373285573,1.0,4.503287399801856,296.42896240234376,24.64993029627307,0.3333333333333333,1,0.069285154,0
LR0212,Zota,Bong,22206.0,847.27125799,2021,8,0,0,0.0,426.31630859375,23.57060083849677,2021-08-01,0,26.20884373285573,0.0,0.0,208.49902404785155,23.709496202140016,0.3333333333333333,1,0.0008949238,0
LR0212,Zota,Bong,22206.0,847.27125799,2021,9,0,0,0.0,395.0670214843751,24.14668070036789,2021-09-01,0,26.20884373285573,0.0,0.0,426.31630859375,23.57060083849677,0.3333333333333333,1,0.0010558175,0
LR0212,Zota,Bong,22206.0,847.27125799,2021,10,0,0,0.0,251.8998223876953,24.860239357783875,2021-10-01,0,26.20884373285573,0.0,0.0,395.0670214843751,24.14668070036789,0.0,1,0.0028458026,0
LR0212,Zota,Bong,22206.0,847.27125799,2021,11,0,0,0.0,113.18066986083984,24.913953583816003,2021-11-01,0,26.20884373285573,0.0,0.0,251.8998223876953,24.860239357783875,0.0,0,5.8769998e-05,0
LR0212,Zota,Bong,22206.0,847.27125799,2021,12,0,0,0.0,21.685328369140628,24.603708924918337,2021-12-01,0,26.20884373285573,0.0,0.0,113.18066986083984,24.913953583816003,0.0,0,0.00047545123,0
LR0212,Zota,Bong,22206.0,847.27125799,2022,1,0,0,0.0,8.63866205215454,23.463296627176216,2022-01-01,0,26.20884373285573,0.0,0.0,21.685328369140628,24.603708924918337,0.0,0,0.0043899976,0
LR0212,Zota,Bong,22206.0,847.27125799,2022,2,0,0,0.0,25.46724029541016,24.98716117595804,2022-02-01,0,26.20884373285573,0.0,0.0,8.63866205215454,23.463296627176216,0.0,0,5.0256607e-05,0
LR0212,Zota,Bong,22206.0,847.27125799,2022,3,0,0,0.0,163.71919372558597,25.529991610296847,2022-03-01,0,26.20884373285573,0.0,0.0,25.46724029541016,24.98716117595804,0.0,0,1.2438311e-05,0
LR0212,Zota,Bong,22206.0,847.27125799,2022,4,0,0,0.0,178.661792602539,25.53737673266181,2022-04-01,0,26.20884373285573,0.0,0.0,163.71919372558597,25.529991610296847,0.0,0,4.3928234e-05,0
LR0212,Zota,Bong,22206.0,847.27125799,2022,5,0,0,0.0,182.7005364990235,25.23278959866228,2022-05-01,0,26.20884373285573,0.0,0.0,178.661792602539,25.53737673266181,0.0,1,5.5379922e-05,0
LR0212,Zota,Bong,22206.0,847.27125799,2022,6,0,0,0.0,258.3771124267579,24.439650568468814,2022-06-01,0,26.20884373285573,0.0,0.0,182.7005364990235,25.23278959866228,0.0,1,0.0033857601,0
LR0212,Zota,Bong,22206.0,847.27125799,2022,7,0,0,0.0,281.3685180664063,23.51429623570936,2022-07-01,0,26.20884373285573,0.0,0.0,258.3771124267579,24.439650568468814,0.0,1,0.009503525,0
LR0212,Zota,Bong,22206.0,847.27125799,2022,8,19,19,85.56246059623525,350.9944384765625,23.156260128678948,2022-08-01,1,26.20884373285573,0.0,0.0,281.3685180664063,23.51429623570936,0.0,1,0.7649381,1
LR0212,Zota,Bong,22206.0,847.27125799,2022,9,0,0,0.0,403.81408569335935,23.711072461358427,2022-09-01,0,26.20884373285573,19.0,85.56246059623525,350.9944384765625,23.156260128678948,6.333333333333333,1,0.05397357,0
LR0212,Zota,Bong,22206.0,847.27125799,2022,10,0,0,0.0,255.05921447753903,24.51265690244478,2022-10-01,0,26.20884373285573,0.0,0.0,403.81408569335935,23.711072461358427,6.333333333333333,1,0.005402051,0
LR0212,Zota,Bong,22206.0,847.27125799,2022,11,0,0,0.0,90.2052099609375,24.215573935673152,2022-11-01,0,26.20884373285573,0.0,0.0,255.05921447753903,24.51265690244478,6.333333333333333,0,0.00038160954,0
LR0212,Zota,Bong,22206.0,847.27125799,2022,12,0,0,0.0,28.882216491699225,23.72578114476697,2022-12-01,0,26.20884373285573,0.0,0.0,90.2052099609375,24.215573935673152,0.0,0,0.0001985288,0
LR0212,Zota,Bong,22206.0,847.27125799,2023,1,0,0,0.0,13.830695114135745,23.848341777406883,2023-01-01,0,26.20884373285573,0.0,0.0,28.882216491699225,23.72578114476697,0.0,0,0.00056699483,0
LR0212,Zota,Bong,22206.0,847.27125799,2023,2,0,0,0.0,36.59250907897948,25.59087687525256,2023-02-01,0,26.20884373285573,0.0,0.0,13.830695114135745,23.848341777406883,0.0,0,1.6109349e-05,0
LR0301,Belleh,Gbarpolu,15214.0,2381.57052515,2020,4,0,0,0.0,241.2337315877279,25.727406103399737,2020-04-01,0,6.3882214863411475,0.0,0.0,170.7037439590846,25.929151969619934,0.0,0,3.0147196e-05,0
LR0301,Belleh,Gbarpolu,15214.0,2381.57052515,2020,5,0,0,0.0,213.9388470771985,25.47238238853744,2020-05-01,0,6.3882214863411475,0.0,0.0,241.2337315877279,25.727406103399737,0.0,1,0.0027636203,0
LR0301,Belleh,Gbarpolu,15214.0,2381.57052515,2020,6,0,0,0.0,286.78171245868384,24.60013029846964,2020-06-01,0,6.3882214863411475,0.0,0.0,213.9388470771985,25.47238238853744,0.0,1,0.005684729,0
LR0301,Belleh,Gbarpolu,15214.0,2381.57052515,2020,7,0,0,0.0,304.46594394781664,23.293430762954905,2020-07-01,0,6.3882214863411475,0.0,0.0,286.78171245868384,24.60013029846964,0.0,1,0.0110092135,0
LR0301,Belleh,Gbarpolu,15214.0,2381.57052515,2020,8,0,0,0.0,356.8225958408453,22.917840523055844,2020-08-01,0,6.3882214863411475,0.0,0.0,304.46594394781664,23.293430762954905,0.0,1,0.0011657681,0
LR0301,Belleh,Gbarpolu,15214.0,2381.57052515,2020,9,0,0,0.0,351.32229379507214,23.905090573467778,2020-09-01,0,6.3882214863411475,0.0,0.0,356.8225958408453,22.917840523055844,0.0,1,0.0005828531,0
LR0301,Belleh,Gbarpolu,15214.0,2381.57052515,2020,10,0,0,0.0,235.55024777925928,24.50620310819601,2020-10-01,0,6.3882214863411475,0.0,0.0,351.32229379507214,23.905090573467778,0.0,1,0.0012500671,0
LR0301,Belleh,Gbarpolu,15214.0,2381.57052515,2020,11,0,0,0.0,38.47546161749423,24.43456142763548,2020-11-01,0,6.3882214863411475,0.0,0.0,235.55024777925928,24.50620310819601,0.0,0,0.00011786265,0
LR0301,Belleh,Gbarpolu,15214.0,2381.57052515,2020,12,0,0,0.0,52.68025574317345,24.439638982845256,2020-12-01,0,6.3882214863411475,0.0,0.0,38.47546161749423,24.43456142763548,0.0,0,1.7081848e-05,0
LR0301,Belleh,Gbarpolu,15214.0,2381.57052515,2021,1,0,0,0.0,17.811561718965184,24.274832882458647,2021-01-01,0,6.3882214863411475,0.0,0.0,52.68025574317345,24.439638982845256,0.0,0,4.049683e-05,0
LR0301,Belleh,Gbarpolu,15214.0,2381.57052515,2021,2,0,0,0.0,71.5627650236472,25.28281103206586,2021-02-01,0,6.3882214863411475,0.0,0.0,17.811561718965184,24.274832882458647,0.0,0,4.4654367e-05,0
LR0301,Belleh,Gbarpolu,15214.0,2381.57052515,2021,3,0,0,0.0,160.25503285725915,25.38881383968305,2021-03-01,0,6.3882214863411475,0.0,0.0,71.5627650236472,25.28281103206586,0.0,0,1.0944049e-05,0
LR0301,Belleh,Gbarpolu,15214.0,2381.57052515,2021,4,0,0,0.0,172.84131915752707,25.701266397403764,2021-04-01,0,6.3882214863411475,0.0,0.0,160.25503285725915,25.38881383968305,0.0,0,1.3297142e-05,0
LR0301,Belleh,Gbarpolu,15214.0,2381.57052515,2021,5,0,0,0.0,212.51275204389523,25.40588675873189,2021-05-01,0,6.3882214863411475,0.0,0.0,172.84131915752707,25.701266397403764,0.0,1,0.00016774054,0
LR0301,Belleh,Gbarpolu,15214.0,2381.57052515,2021,6,0,0,0.0,282.36486796843707,24.59870309467557,2021-06-01,0,6.3882214863411475,0.0,0.0,212.51275204389523,25.40588675873189,0.0,1,0.005684729,0
LR0301,Belleh,Gbarpolu,15214.0,2381.57052515,2021,7,0,0,0.0,245.36064304449624,23.61418581612503,2021-07-01,0,6.3882214863411475,0.0,0.0,282.36486796843707,24.59870309467557,0.0,1,0.00066860166,0
LR0301,Belleh,Gbarpolu,15214.0,2381.57052515,2021,8,0,0,0.0,509.93448188977385,23.434149947347528,2021-08-01,0,6.3882214863411475,0.0,0.0,245.36064304449624,23.61418581612503,0.0,1,5.2326115e-05,0
LR0301,Belleh,Gbarpolu,15214.0,2381.57052515,2021,9,0,0,0.0,413.4743311955379,24.085170190545576,2021-09-01,0,6.3882214863411475,0.0,0.0,509.93448188977385,23.434149947347528,0.0,1,0.00029168025,0
LR0301,Belleh,Gbarpolu,15214.0,2381.57052515,2021,10,0,0,0.0,260.59344658484827,24.80433770674693,2021-10-01,0,6.3882214863411475,0.0,0.0,413.4743311955379,24.085170190545576,0.0,1,0.0002369954,0
LR0301,Belleh,Gbarpolu,15214.0,2381.57052515,2021,11,0,0,0.0,123.32439256325746,24.75673248194441,2021-11-01,0,6.3882214863411475,0.0,0.0,260.59344658484827,24.80433770674693,0.0,0,3.4865498e-05,0
LR0301,Belleh,Gbarpolu,15214.0,2381.57052515,2021,12,0,0,0.0,21.939402947059047,24.449723400647123,2021-12-01,0,6.3882214863411475,0.0,0.0,123.32439256325746,24.75673248194441,0.0,0,0.0001719433,0
LR0301,Belleh,Gbarpolu,15214.0,2381.57052515,2022,1,0,0,0.0,7.9557617138593635,23.16883333423469,2022-01-01,0,6.3882214863411475,0.0,0.0,21.939402947059047,24.449723400647123,0.0,0,0.0029593995,0
LR0301,Belleh,Gbarpolu,15214.0,2381.57052515,2022,2,0,0,0.0,24.506082241351788,24.697324269934544,2022-02-01,0,6.3882214863411475,0.0,0.0,7.9557617138593635,23.16883333423469,0.0,0,1.7687284e-05,0
LR0301,Belleh,Gbarpolu,15214.0,2381.57052515,2022,3,0,0,0.0,133.28655595045825,25.35664155211629,2022-03-01,0,6.3882214863411475,0.0,0.0,24.506082241351788,24.697324269934544,0.0,0,5.2275736e-06,0
LR0301,Belleh,Gbarpolu,15214.0,2381.57052515,2022,4,0,0,0.0,180.08046037722855,25.404972052272367,2022-04-01,0,6.3882214863411475,0.0,0.0,133.28655595045825,25.35664155211629,0.0,0,3.4614048e-05,0
LR0301,Belleh,Gbarpolu,15214.0,2381.57052515,2022,5,0,0,0.0,180.51469382261607,25.125681285616725,2022-05-01,0,6.3882214863411475,0.0,0.0,180.08046037722855,25.404972052272367,0.0,1,5.087765e-05,0
LR0301,Belleh,Gbarpolu,15214.0,2381.57052515,2022,6,0,0,0.0,309.8482090876652,24.37701292882992,2022-06-01,0,6.3882214863411475,0.0,0.0,180.51469382261607,25.125681285616725,0.0,1,0.0002495966,0
LR0301,Belleh,Gbarpolu,15214.0,2381.57052515,2022,7,0,0,0.0,268.6478030865009,23.395076751708988,2022-07-01,0,6.3882214863411475,0.0,0.0,309.8482090876652,24.37701292882992,0.0,1,0.007926943,0
LR0301,Belleh,Gbarpolu,15214.0,2381.57052515,2022,8,0,0,0.0,449.5634049635669,23.03938817374313,2022-08-01,0,6.3882214863411475,0.0,0.0,268.6478030865009,23.395076751708988,0.0,1,0.00040879476,0
LR0301,Belleh,Gbarpolu,15214.0,2381.57052515,2022,9,0,0,0.0,352.7645940536108,23.57633979411065,2022-09-01,0,6.3882214863411475,0.0,0.0,449.5634049635669,23.03938817374313,0.0,1,0.00018107073,0
LR0301,Belleh,Gbarpolu,15214.0,2381.57052515,2022,10,0,0,0.0,254.2741264930138,24.38522734823107,2022-10-01,0,6.3882214863411475,0.0,0.0,352.7645940536108,23.57633979411065,0.0,1,0.00022130115,0
LR0301,Belleh,Gbarpolu,15214.0,2381.57052515,2022,11,0,0,0.0,103.047557243934,24.066199411319776,2022-11-01,0,6.3882214863411475,0.0,0.0,254.2741264930138,24.38522734823107,0.0,0,4.1045234e-05,0
LR0301,Belleh,Gbarpolu,15214.0,2381.57052515,2022,12,0,0,0.0,30.594529371995183,23.629670638072337,2022-12-01,0,6.3882214863411475,0.0,0.0,103.047557243934,24.066199411319776,0.0,0,2.0366622e-05,0
LR0301,Belleh,Gbarpolu,15214.0,2381.57052515,2023,1,0,0,0.0,15.469939720936312,23.590491379363627,2023-01-01,0,6.3882214863411475,0.0,0.0,30.594529371995183,23.629670638072337,0.0,0,5.9041653e-05,0
LR0301,Belleh,Gbarpolu,15214.0,2381.57052515,2023,2,0,0,0.0,30.74036248524984,25.33984766127189,2023-02-01,0,6.3882214863411475,0.0,0.0,15.469939720936312,23.590491379363627,0.0,0,3.6202575e-05,0
LR0302,Bokomu,Gbarpolu,13684.0,590.44742506,2020,4,0,0,0.0,230.50716934204087,26.130407545301647,2020-04-01,0,23.175645145051586,0.0,0.0,185.3441505432129,26.276121139526367,0.0,0,0.00013922977,0
LR0302,Bokomu,Gbarpolu,13684.0,590.44742506,2020,5,0,0,0.0,195.76861114501955,25.84907584720188,2020-05-01,0,23.175645145051586,0.0,0.0,230.50716934204087,26.130407545301647,0.0,1,0.00014487938,0
LR0302,Bokomu,Gbarpolu,13684.0,590.44742506,2020,6,3,3,21.923414206372406,305.10228118896487,24.89873207939996,2020-06-01,0,23.175645145051586,0.0,0.0,195.76861114501955,25.84907584720188,0.0,1,0.0010195519,0
LR0302,Bokomu,Gbarpolu,13684.0,590.44742506,2020,7,0,0,0.0,328.5213432312011,23.60191535949707,2020-07-01,0,23.175645145051586,3.0,21.923414206372406,305.10228118896487,24.89873207939996,1.0,1,0.070543945,0
LR0302,Bokomu,Gbarpolu,13684.0,590.44742506,2020,8,0,0,0.0,277.8219169616699,23.18079323238797,2020-08-01,0,23.175645145051586,0.0,0.0,328.5213432312011,23.60191535949707,1.0,1,0.014383012,0
LR0302,Bokomu,Gbarpolu,13684.0,590.44742506,2020,9,0,0,0.0,358.3155059814453,24.177709685431584,2020-09-01,0,23.175645145051586,0.0,0.0,277.8219169616699,23.18079323238797,1.0,1,0.0003674086,0
LR0302,Bokomu,Gbarpolu,13684.0,590.44742506,2020,10,0,0,0.0,218.30430068969727,24.85703468322754,2020-10-01,0,23.175645145051586,0.0,0.0,358.3155059814453,24.177709685431584,0.0,1,0.0012208651,0
LR0302,Bokomu,Gbarpolu,13684.0,590.44742506,2020,11,0,0,0.0,42.44726161956788,24.86543072594537,2020-11-01,0,23.175645145051586,0.0,0.0,218.30430068969727,24.85703468322754,0.0,0,0.00023034436,0
LR0302,Bokomu,Gbarpolu,13684.0,590.44742506,2020,12,0,0,0.0,55.16752548217774,24.9558924569024,2020-12-01,0,23.175645145051586,0.0,0.0,42.44726161956788,24.86543072594537,0.0,0,3.3694791e-06,0
LR0302,Bokomu,Gbarpolu,13684.0,590.44742506,2021,1,0,0,0.0,20.425191211700444,24.78455787234836,2021-01-01,0,23.175645145051586,0.0,0.0,55.16752548217774,24.9558924569024,0.0,0,2.9938394e-05,0
LR0302,Bokomu,Gbarpolu,13684.0,590.44742506,2021,2,0,0,0.0,88.5535816192627,25.711749076843265,2021-02-01,0,23.175645145051586,0.0,0.0,20.425191211700444,24.78455787234836,0.0,0,1.0748882e-06,0
LR0302,Bokomu,Gbarpolu,13684.0,590.44742506,2021,3,0,0,0.0,150.35194473266603,25.703411526150173,2021-03-01,0,23.175645145051586,0.0,0.0,88.5535816192627,25.711749076843265,0.0,0,2.4615292e-06,0
LR0302,Bokomu,Gbarpolu,13684.0,590.44742506,2021,4,0,0,0.0,162.96059036254883,26.02212312486436,2021-04-01,0,23.175645145051586,0.0,0.0,150.35194473266603,25.703411526150173,0.0,0,2.6516424e-05,0
LR0302,Bokomu,Gbarpolu,13684.0,590.44742506,2021,5,0,0,0.0,212.39357070922847,25.73323991563585,2021-05-01,0,23.175645145051586,0.0,0.0,162.96059036254883,26.02212312486436,0.0,1,2.0564268e-05,0
LR0302,Bokomu,Gbarpolu,13684.0,590.44742506,2021,6,0,0,0.0,321.26874313354494,24.911932203504776,2021-06-01,0,23.175645145051586,0.0,0.0,212.39357070922847,25.73323991563585,0.0,1,0.0024474221,0
LR0302,Bokomu,Gbarpolu,13684.0,590.44742506,2021,7,0,0,0.0,239.312338256836,23.916323767768013,2021-07-01,0,23.175645145051586,0.0,0.0,321.26874313354494,24.911932203504776,0.0,1,0.0037007756,0
LR0302,Bokomu,Gbarpolu,13684.0,590.44742506,2021,8,0,0,0.0,504.9474594116211,23.74116314782037,2021-08-01,0,23.175645145051586,0.0,0.0,239.312338256836,23.916323767768013,0.0,1,6.1500396e-05,0
LR0302,Bokomu,Gbarpolu,13684.0,590.44742506,2021,9,0,0,0.0,451.9228729248047,24.365322536892364,2021-09-01,0,23.175645145051586,0.0,0.0,504.9474594116211,23.74116314782037,0.0,1,0.008259367,0
LR0302,Bokomu,Gbarpolu,13684.0,590.44742506,2021,10,0,0,0.0,242.34434127807617,25.119645330641006,2021-10-01,0,23.175645145051586,0.0,0.0,451.9228729248047,24.365322536892364,0.0,1,0.0001502122,0
LR0302,Bokomu,Gbarpolu,13684.0,590.44742506,2021,11,0,0,0.0,113.820902633667,25.16451856825087,2021-11-01,0,23.175645145051586,0.0,0.0,242.34434127807617,25.119645330641006,0.0,0,2.0996527e-05,0
LR0302,Bokomu,Gbarpolu,13684.0,590.44742506,2021,12,0,0,0.0,27.899824905395512,25.03489992353652,2021-12-01,0,23.175645145051586,0.0,0.0,113.820902633667,25.16451856825087,0.0,0,0.00046590914,0
LR0302,Bokomu,Gbarpolu,13684.0,590.44742506,2022,1,0,0,0.0,8.628993916511538,23.8524538675944,2022-01-01,0,23.175645145051586,0.0,0.0,27.899824905395512,25.03489992353652,0.0,0,0.0007798694,0
LR0302,Bokomu,Gbarpolu,13684.0,590.44742506,2022,2,0,0,0.0,35.52441968917846,25.24416446685791,2022-02-01,0,23.175645145051586,0.0,0.0,8.628993916511538,23.8524538675944,0.0,0,2.5742467e-05,0
LR0302,Bokomu,Gbarpolu,13684.0,590.44742506,2022,3,0,0,0.0,128.23312187194827,25.72649489508735,2022-03-01,0,23.175645145051586,0.0,0.0,35.52441968917846,25.24416446685791,0.0,0,2.0352306e-06,0
LR0302,Bokomu,Gbarpolu,13684.0,590.44742506,2022,4,0,0,0.0,166.91486892700195,25.770209206475155,2022-04-01,0,23.175645145051586,0.0,0.0,128.23312187194827,25.72649489508735,0.0,0,8.640121e-06,0
LR0302,Bokomu,Gbarpolu,13684.0,590.44742506,2022,5,0,0,0.0,163.94245452880864,25.47569465637208,2022-05-01,0,23.175645145051586,0.0,0.0,166.91486892700195,25.770209206475155,0.0,1,2.7477561e-05,0
LR0302,Bokomu,Gbarpolu,13684.0,590.44742506,2022,6,0,0,0.0,305.7520530700684,24.69560262891981,2022-06-01,0,23.175645145051586,0.0,0.0,163.94245452880864,25.47569465637208,0.0,1,0.00075448473,0
LR0302,Bokomu,Gbarpolu,13684.0,590.44742506,2022,7,0,0,0.0,249.2164199829101,23.66674656338162,2022-07-01,0,23.175645145051586,0.0,0.0,305.7520530700684,24.69560262891981,0.0,1,0.0030327907,0
LR0302,Bokomu,Gbarpolu,13684.0,590.44742506,2022,8,0,0,0.0,424.68015136718753,23.339080174764,2022-08-01,0,23.175645145051586,0.0,0.0,249.2164199829101,23.66674656338162,0.0,1,0.00064999796,0
LR0302,Bokomu,Gbarpolu,13684.0,590.44742506,2022,9,0,0,0.0,356.4096481323242,23.861970159742565,2022-09-01,0,23.175645145051586,0.0,0.0,424.68015136718753,23.339080174764,0.0,1,0.00546395,0
LR0302,Bokomu,Gbarpolu,13684.0,590.44742506,2022,10,0,0,0.0,267.4115585327149,24.73955663045248,2022-10-01,0,23.175645145051586,0.0,0.0,356.4096481323242,23.861970159742565,0.0,1,0.0022352035,0
LR0302,Bokomu,Gbarpolu,13684.0,590.44742506,2022,11,0,0,0.0,99.9334804534912,24.52457502153185,2022-11-01,0,23.175645145051586,0.0,0.0,267.4115585327149,24.73955663045248,0.0,0,0.00030757737,0
LR0302,Bokomu,Gbarpolu,13684.0,590.44742506,2022,12,0,0,0.0,32.82192611694337,24.22822040981717,2022-12-01,0,23.175645145051586,0.0,0.0,99.9334804534912,24.52457502153185,0.0,0,0.00010831953,0
LR0302,Bokomu,Gbarpolu,13684.0,590.44742506,2023,1,0,0,0.0,18.40974102020264,24.198980013529457,2023-01-01,0,23.175645145051586,0.0,0.0,32.82192611694337,24.22822040981717,0.0,0,6.088564e-05,0
LR0302,Bokomu,Gbarpolu,13684.0,590.44742506,2023,2,0,0,0.0,32.235884475708005,25.8680181503296,2023-02-01,0,23.175645145051586,0.0,0.0,18.40974102020264,24.198980013529457,0.0,0,1.7333727e-05,0
LR0303,Bopolu,Gbarpolu,23758.0,2297.59144813,2020,4,0,0,0.0,220.43923848470044,26.465383504892326,2020-04-01,0,10.34039364106118,0.0,0.0,162.2898732503255,26.51212726939809,0.0,0,0.0042766063,0
LR0303,Bopolu,Gbarpolu,23758.0,2297.59144813,2020,5,7,7,29.463759575721863,213.19166931152344,26.15317188609731,2020-05-01,1,10.34039364106118,0.0,0.0,220.43923848470044,26.465383504892326,0.0,1,0.7832918,1
LR0303,Bopolu,Gbarpolu,23758.0,2297.59144813,2020,6,0,0,0.0,370.9250642903647,25.16829252862311,2020-06-01,0,10.34039364106118,7.0,29.463759575721863,213.19166931152344,26.15317188609731,2.3333333333333335,1,0.040933616,0
LR0303,Bopolu,Gbarpolu,23758.0,2297.59144813,2020,7,0,0,0.0,407.450723063151,23.895981801020632,2020-07-01,0,10.34039364106118,0.0,0.0,370.9250642903647,25.16829252862311,2.3333333333333335,1,0.00044835088,0
LR0303,Bopolu,Gbarpolu,23758.0,2297.59144813,2020,8,0,0,0.0,311.3703662109376,23.451950717281985,2020-08-01,0,10.34039364106118,0.0,0.0,407.450723063151,23.895981801020632,2.3333333333333335,1,0.0018303843,0
LR0303,Bopolu,Gbarpolu,23758.0,2297.59144813,2020,9,0,0,0.0,403.0950817871093,24.403683575716887,2020-09-01,0,10.34039364106118,0.0,0.0,311.3703662109376,23.451950717281985,0.0,1,0.0036648628,0
LR0303,Bopolu,Gbarpolu,23758.0,2297.59144813,2020,10,0,0,0.0,235.7880841064453,25.129227799254583,2020-10-01,0,10.34039364106118,0.0,0.0,403.0950817871093,24.403683575716887,0.0,1,0.0031789534,0
LR0303,Bopolu,Gbarpolu,23758.0,2297.59144813,2020,11,0,0,0.0,67.91863530476891,25.22684701696619,2020-11-01,0,10.34039364106118,0.0,0.0,235.7880841064453,25.129227799254583,0.0,0,0.0010451971,0
LR0303,Bopolu,Gbarpolu,23758.0,2297.59144813,2020,12,0,0,0.0,61.51777206420898,25.374248108306485,2020-12-01,0,10.34039364106118,0.0,0.0,67.91863530476891,25.22684701696619,0.0,0,0.00045485242,0
LR0303,Bopolu,Gbarpolu,23758.0,2297.59144813,2021,1,0,0,0.0,26.52232831319173,25.2104526866566,2021-01-01,0,10.34039364106118,0.0,0.0,61.51777206420898,25.374248108306485,0.0,0,0.022461805,0
LR0303,Bopolu,Gbarpolu,23758.0,2297.59144813,2021,2,0,0,0.0,92.2424546813965,25.99780840687937,2021-02-01,0,10.34039364106118,0.0,0.0,26.52232831319173,25.2104526866566,0.0,0,0.00010291421,0
LR0303,Bopolu,Gbarpolu,23758.0,2297.59144813,2021,3,0,0,0.0,131.9087048339844,25.949400666472204,2021-03-01,0,10.34039364106118,0.0,0.0,92.2424546813965,25.99780840687937,0.0,0,0.00054823124,0
LR0303,Bopolu,Gbarpolu,23758.0,2297.59144813,2021,4,0,0,0.0,157.03348673502606,26.3695842941086,2021-04-01,0,10.34039364106118,0.0,0.0,131.9087048339844,25.949400666472204,0.0,0,0.0009176255,0
LR0303,Bopolu,Gbarpolu,23758.0,2297.59144813,2021,5,1,1,4.209108510817409,225.9364693196616,26.028786101898586,2021-05-01,0,10.34039364106118,0.0,0.0,157.03348673502606,26.3695842941086,0.0,1,0.014572475,0
LR0303,Bopolu,Gbarpolu,23758.0,2297.59144813,2021,6,26,26,109.43682128125263,416.8331030273437,25.1907306522518,2021-06-01,1,10.34039364106118,1.0,4.209108510817409,225.9364693196616,26.028786101898586,0.3333333333333333,1,0.8382539,1
LR0303,Bopolu,Gbarpolu,23758.0,2297.59144813,2021,7,1,1,4.209108510817409,338.36702962239576,24.200322361735555,2021-07-01,0,10.34039364106118,26.0,109.43682128125263,416.8331030273437,25.1907306522518,9.0,1,0.019778922,0
LR0303,Bopolu,Gbarpolu,23758.0,2297.59144813,2021,8,0,0,0.0,544.9565657552082,24.007718916063176,2021-08-01,0,10.34039364106118,1.0,4.209108510817409,338.36702962239576,24.200322361735555,9.333333333333334,1,0.002956965,0
LR0303,Bopolu,Gbarpolu,23758.0,2297.59144813,2021,9,0,0,0.0,469.0815596516927,24.60942563143643,2021-09-01,0,10.34039364106118,0.0,0.0,544.9565657552082,24.007718916063176,9.0,1,0.020996999,0
LR0303,Bopolu,Gbarpolu,23758.0,2297.59144813,2021,10,0,0,0.0,256.7462296549479,25.400095952021605,2021-10-01,0,10.34039364106118,0.0,0.0,469.0815596516927,24.60942563143643,0.3333333333333333,1,0.0010049877,0
LR0303,Bopolu,Gbarpolu,23758.0,2297.59144813,2021,11,0,0,0.0,131.6517176310221,25.48296326476257,2021-11-01,0,10.34039364106118,0.0,0.0,256.7462296549479,25.400095952021605,0.0,0,0.0072529796,0
LR0303,Bopolu,Gbarpolu,23758.0,2297.59144813,2021,12,5,5,21.04554255408704,36.39154200236002,25.50634064612452,2021-12-01,1,10.34039364106118,0.0,0.0,131.6517176310221,25.48296326476257,0.0,0,0.82278323,1
LR0303,Bopolu,Gbarpolu,23758.0,2297.59144813,2022,1,9,9,37.88197659735668,8.659118264516197,24.39701184359464,2022-01-01,1,10.34039364106118,5.0,21.04554255408704,36.39154200236002,25.50634064612452,1.6666666666666667,0,0.9598521,1
LR0303,Bopolu,Gbarpolu,23758.0,2297.59144813,2022,2,0,0,0.0,44.13445950826007,25.62535221545727,2022-02-01,0,10.34039364106118,9.0,37.88197659735668,8.659118264516197,24.39701184359464,4.666666666666667,0,0.017864719,0
LR0303,Bopolu,Gbarpolu,23758.0,2297.59144813,2022,3,0,0,0.0,105.35246571858724,25.9819578195547,2022-03-01,0,10.34039364106118,0.0,0.0,44.13445950826007,25.62535221545727,4.666666666666667,0,0.0006481777,0
LR0303,Bopolu,Gbarpolu,23758.0,2297.59144813,2022,4,0,0,0.0,146.20025044759112,26.03941590445381,2022-04-01,0,10.34039364106118,0.0,0.0,105.35246571858724,25.9819578195547,3.0,0,0.004666846,0
LR0303,Bopolu,Gbarpolu,23758.0,2297.59144813,2022,5,0,0,0.0,177.7438511149089,25.780957680243947,2022-05-01,0,10.34039364106118,0.0,0.0,146.20025044759112,26.03941590445381,0.0,1,0.0004847479,0
LR0303,Bopolu,Gbarpolu,23758.0,2297.59144813,2022,6,0,0,0.0,412.09132975260417,24.987525766546074,2022-06-01,0,10.34039364106118,0.0,0.0,177.7438511149089,25.780957680243947,0.0,1,0.0012794366,0
LR0303,Bopolu,Gbarpolu,23758.0,2297.59144813,2022,7,0,0,0.0,253.0855562337241,23.91984384710139,2022-07-01,0,10.34039364106118,0.0,0.0,412.09132975260417,24.987525766546074,0.0,1,0.0018103609,0
LR0303,Bopolu,Gbarpolu,23758.0,2297.59144813,2022,8,0,0,0.0,442.0804366048176,23.609925084299853,2022-08-01,0,10.34039364106118,0.0,0.0,253.0855562337241,23.91984384710139,0.0,1,0.0002907346,0
LR0303,Bopolu,Gbarpolu,23758.0,2297.59144813,2022,9,0,0,0.0,387.91925984700526,24.11480353714584,2022-09-01,0,10.34039364106118,0.0,0.0,442.0804366048176,23.609925084299853,0.0,1,0.00044315148,0
LR0303,Bopolu,Gbarpolu,23758.0,2297.59144813,2022,10,0,0,0.0,295.51821858723946,25.011260243205285,2022-10-01,0,10.34039364106118,0.0,0.0,387.91925984700526,24.11480353714584,0.0,1,0.0019949346,0
LR0303,Bopolu,Gbarpolu,23758.0,2297.59144813,2022,11,0,0,0.0,111.16057790120443,24.906430975183262,2022-11-01,0,10.34039364106118,0.0,0.0,295.51821858723946,25.011260243205285,0.0,0,0.005041473,0
LR0303,Bopolu,Gbarpolu,23758.0,2297.59144813,2022,12,0,0,0.0,36.356192448933896,24.72909516173523,2022-12-01,0,10.34039364106118,0.0,0.0,111.16057790120443,24.906430975183262,0.0,0,0.001044092,0
LR0303,Bopolu,Gbarpolu,23758.0,2297.59144813,2023,1,0,0,0.0,18.94286008199056,24.59588286164519,2023-01-01,0,10.34039364106118,0.0,0.0,36.356192448933896,24.72909516173523,0.0,0,8.986819e-05,0
LR0303,Bopolu,Gbarpolu,23758.0,2297.59144813,2023,2,0,0,0.0,28.33311203002929,26.120316468275984,2023-02-01,0,10.34039364106118,0.0,0.0,18.94286008199056,24.59588286164519,0.0,0,0.0008950885,0
LR0304,Gbarma,Gbarpolu,13845.0,839.34902074,2020,4,0,0,0.0,222.9804235839844,26.57357516655556,2020-04-01,0,16.494926017538873,0.0,0.0,137.32619873046875,26.598347517160267,0.0,0,4.459279e-05,0
LR0304,Gbarma,Gbarpolu,13845.0,839.34902074,2020,5,0,0,0.0,229.70312438964848,26.254094563997707,2020-05-01,0,16.494926017538873,0.0,0.0,222.9804235839844,26.57357516655556,0.0,1,0.002556929,0
LR0304,Gbarma,Gbarpolu,13845.0,839.34902074,2020,6,0,0,0.0,380.91924682617184,25.272574864901028,2020-06-01,0,16.494926017538873,0.0,0.0,229.70312438964848,26.254094563997707,0.0,1,0.0004337584,0
LR0304,Gbarma,Gbarpolu,13845.0,839.34902074,2020,7,0,0,0.0,485.0108911132813,24.004122734069828,2020-07-01,0,16.494926017538873,0.0,0.0,380.91924682617184,25.272574864901028,0.0,1,0.000165529,0
LR0304,Gbarma,Gbarpolu,13845.0,839.34902074,2020,8,0,0,0.0,342.56658447265625,23.56596279144287,2020-08-01,0,16.494926017538873,0.0,0.0,485.0108911132813,24.004122734069828,0.0,1,0.0010569894,0
LR0304,Gbarma,Gbarpolu,13845.0,839.34902074,2020,9,0,0,0.0,416.3554553222656,24.493028714106632,2020-09-01,0,16.494926017538873,0.0,0.0,342.56658447265625,23.56596279144287,0.0,1,0.009851652,0
LR0304,Gbarma,Gbarpolu,13845.0,839.34902074,2020,10,0,0,0.0,243.76331176757813,25.232968697181114,2020-10-01,0,16.494926017538873,0.0,0.0,416.3554553222656,24.493028714106632,0.0,1,2.6967964e-05,0
LR0304,Gbarma,Gbarpolu,13845.0,839.34902074,2020,11,0,0,0.0,83.85253479003906,25.363211705134464,2020-11-01,0,16.494926017538873,0.0,0.0,243.76331176757813,25.232968697181114,0.0,0,2.0759813e-05,0
LR0304,Gbarma,Gbarpolu,13845.0,839.34902074,2020,12,0,0,0.0,63.349523315429686,25.5104002585778,2020-12-01,0,16.494926017538873,0.0,0.0,83.85253479003906,25.363211705134464,0.0,0,2.3368199e-05,0
LR0304,Gbarma,Gbarpolu,13845.0,839.34902074,2021,1,0,0,0.0,24.987796249389653,25.34847384232741,2021-01-01,0,16.494926017538873,0.0,0.0,63.349523315429686,25.5104002585778,0.0,0,0.00028219438,0
LR0304,Gbarma,Gbarpolu,13845.0,839.34902074,2021,2,0,0,0.0,81.29166992187498,26.077702815716084,2021-02-01,0,16.494926017538873,0.0,0.0,24.987796249389653,25.34847384232741,0.0,0,2.5046265e-06,0
LR0304,Gbarma,Gbarpolu,13845.0,839.34902074,2021,3,0,0,0.0,110.60738800048829,26.03886677668645,2021-03-01,0,16.494926017538873,0.0,0.0,81.29166992187498,26.077702815716084,0.0,0,2.8047723e-06,0
LR0304,Gbarma,Gbarpolu,13845.0,839.34902074,2021,4,0,0,0.0,148.76622375488282,26.496278836176945,2021-04-01,0,16.494926017538873,0.0,0.0,110.60738800048829,26.03886677668645,0.0,0,2.9234993e-06,0
LR0304,Gbarma,Gbarpolu,13845.0,839.34902074,2021,5,0,0,0.0,239.02360595703124,26.14543166527382,2021-05-01,0,16.494926017538873,0.0,0.0,148.76622375488282,26.496278836176945,0.0,1,4.874279e-05,0
LR0304,Gbarma,Gbarpolu,13845.0,839.34902074,2021,6,1,1,7.222824124232575,445.6723461914062,25.300422008220963,2021-06-01,0,16.494926017538873,0.0,0.0,239.02360595703124,26.14543166527382,0.0,1,0.0006982969,0
LR0304,Gbarma,Gbarpolu,13845.0,839.34902074,2021,7,0,0,0.0,425.0199255371094,24.308272801912747,2021-07-01,0,16.494926017538873,1.0,7.222824124232575,445.6723461914062,25.300422008220963,0.3333333333333333,1,0.0024980037,0
LR0304,Gbarma,Gbarpolu,13845.0,839.34902074,2021,8,0,0,0.0,564.4026953125001,24.113430756788983,2021-08-01,0,16.494926017538873,0.0,0.0,425.0199255371094,24.308272801912747,0.3333333333333333,1,0.00035153443,0
LR0304,Gbarma,Gbarpolu,13845.0,839.34902074,2021,9,0,0,0.0,453.2477209472656,24.70126482156608,2021-09-01,0,16.494926017538873,0.0,0.0,564.4026953125001,24.113430756788983,0.3333333333333333,1,0.0061477167,0
LR0304,Gbarma,Gbarpolu,13845.0,839.34902074,2021,10,0,0,0.0,274.7702465820313,25.50701537499061,2021-10-01,0,16.494926017538873,0.0,0.0,453.2477209472656,24.70126482156608,0.0,1,5.0636216e-05,0
LR0304,Gbarma,Gbarpolu,13845.0,839.34902074,2021,11,0,0,0.0,153.8850177001953,25.602047773507923,2021-11-01,0,16.494926017538873,0.0,0.0,274.7702465820313,25.50701537499061,0.0,0,6.445401e-05,0
LR0304,Gbarma,Gbarpolu,13845.0,839.34902074,2021,12,0,0,0.0,39.45602989196777,25.66003704071045,2021-12-01,0,16.494926017538873,0.0,0.0,153.8850177001953,25.602047773507923,0.0,0,0.0003781877,0
LR0304,Gbarma,Gbarpolu,13845.0,839.34902074,2022,1,0,0,0.0,8.756987533569337,24.558928196246804,2022-01-01,0,16.494926017538873,0.0,0.0,39.45602989196777,25.66003704071045,0.0,0,0.00941907,0
LR0304,Gbarma,Gbarpolu,13845.0,839.34902074,2022,2,0,0,0.0,43.28578033447266,25.73215557978704,2022-02-01,0,16.494926017538873,0.0,0.0,8.756987533569337,24.558928196246804,0.0,0,3.753991e-06,0
LR0304,Gbarma,Gbarpolu,13845.0,839.34902074,2022,3,0,0,0.0,92.34471740722655,26.06313617412861,2022-03-01,0,16.494926017538873,0.0,0.0,43.28578033447266,25.73215557978704,0.0,0,2.9931161e-06,0
LR0304,Gbarma,Gbarpolu,13845.0,839.34902074,2022,4,0,0,0.0,133.7200604248047,26.139271295987644,2022-04-01,0,16.494926017538873,0.0,0.0,92.34471740722655,26.06313617412861,0.0,0,7.044714e-06,0
LR0304,Gbarma,Gbarpolu,13845.0,839.34902074,2022,5,0,0,0.0,185.90610656738275,25.89821529388428,2022-05-01,0,16.494926017538873,0.0,0.0,133.7200604248047,26.139271295987644,0.0,1,5.9421823e-06,0
LR0304,Gbarma,Gbarpolu,13845.0,839.34902074,2022,6,0,0,0.0,446.863447265625,25.10580436999981,2022-06-01,0,16.494926017538873,0.0,0.0,185.90610656738275,25.89821529388428,0.0,1,7.637999e-05,0
LR0304,Gbarma,Gbarpolu,13845.0,839.34902074,2022,7,0,0,0.0,253.3324133300781,24.020055770874027,2022-07-01,0,16.494926017538873,0.0,0.0,446.863447265625,25.10580436999981,0.0,1,0.00012669837,0
LR0304,Gbarma,Gbarpolu,13845.0,839.34902074,2022,8,0,0,0.0,452.4276538085937,23.720132681039665,2022-08-01,0,16.494926017538873,0.0,0.0,253.3324133300781,24.020055770874027,0.0,1,7.179348e-05,0
LR0304,Gbarma,Gbarpolu,13845.0,839.34902074,2022,9,0,0,0.0,389.6867919921874,24.21468544006348,2022-09-01,0,16.494926017538873,0.0,0.0,452.4276538085937,23.720132681039665,0.0,1,0.0005372285,0
LR0304,Gbarma,Gbarpolu,13845.0,839.34902074,2022,10,0,0,0.0,319.9202526855468,25.11141740358792,2022-10-01,0,16.494926017538873,0.0,0.0,389.6867919921874,24.21468544006348,0.0,1,6.7807094e-05,0
LR0304,Gbarma,Gbarpolu,13845.0,839.34902074,2022,11,0,0,0.0,119.17105804443358,25.03842207101676,2022-11-01,0,16.494926017538873,0.0,0.0,319.9202526855468,25.11141740358792,0.0,0,1.41593655e-05,0
LR0304,Gbarma,Gbarpolu,13845.0,839.34902074,2022,12,0,0,0.0,40.77641159057617,24.89833398965689,2022-12-01,0,16.494926017538873,0.0,0.0,119.17105804443358,25.03842207101676,0.0,0,0.00038631578,0
LR0304,Gbarma,Gbarpolu,13845.0,839.34902074,2023,1,0,0,0.0,15.194932479858398,24.71666123316838,2023-01-01,0,16.494926017538873,0.0,0.0,40.77641159057617,24.89833398965689,0.0,0,0.00022305473,0
LR0304,Gbarma,Gbarpolu,13845.0,839.34902074,2023,2,0,0,0.0,25.28862396240234,26.164885520935066,2023-02-01,0,16.494926017538873,0.0,0.0,15.194932479858398,24.71666123316838,0.0,0,9.126575e-06,0
LR0305,Gounwolaila,Gbarpolu,17986.0,719.89387041,2020,4,0,0,0.0,240.7278872403232,26.069548797607425,2020-04-01,0,24.98423828745265,0.0,0.0,191.6384651877664,26.24378753662109,0.0,0,6.225207e-05,0
LR0305,Gounwolaila,Gbarpolu,17986.0,719.89387041,2020,5,0,0,0.0,202.12055622447625,25.80083160400391,2020-05-01,0,24.98423828745265,0.0,0.0,240.7278872403232,26.069548797607425,0.0,1,8.3520164e-05,0
LR0305,Gounwolaila,Gbarpolu,17986.0,719.89387041,2020,6,0,0,0.0,261.9341229525479,24.841228179931644,2020-06-01,0,24.98423828745265,0.0,0.0,202.12055622447625,25.80083160400391,0.0,1,0.0011334945,0
LR0305,Gounwolaila,Gbarpolu,17986.0,719.89387041,2020,7,0,0,0.0,252.65412001176315,23.54176734924316,2020-07-01,0,24.98423828745265,0.0,0.0,261.9341229525479,24.841228179931644,0.0,1,0.0007824468,0
LR0305,Gounwolaila,Gbarpolu,17986.0,719.89387041,2020,8,0,0,0.0,262.95926943692297,23.11672515869141,2020-08-01,0,24.98423828745265,0.0,0.0,252.65412001176315,23.54176734924316,0.0,1,0.004437907,0
LR0305,Gounwolaila,Gbarpolu,17986.0,719.89387041,2020,9,0,0,0.0,344.4066883433949,24.13600265502929,2020-09-01,0,24.98423828745265,0.0,0.0,262.95926943692297,23.11672515869141,0.0,1,0.0021813023,0
LR0305,Gounwolaila,Gbarpolu,17986.0,719.89387041,2020,10,0,0,0.0,216.2113827792081,24.808319778442385,2020-10-01,0,24.98423828745265,0.0,0.0,344.4066883433949,24.13600265502929,0.0,1,0.0014957507,0
LR0305,Gounwolaila,Gbarpolu,17986.0,719.89387041,2020,11,0,0,0.0,34.152860554781824,24.79111427307129,2020-11-01,0,24.98423828745265,0.0,0.0,216.2113827792081,24.808319778442385,0.0,0,0.00016954908,0
LR0305,Gounwolaila,Gbarpolu,17986.0,719.89387041,2020,12,0,0,0.0,50.798075589266695,24.89104537963867,2020-12-01,0,24.98423828745265,0.0,0.0,34.152860554781824,24.79111427307129,0.0,0,7.776891e-06,0
LR0305,Gounwolaila,Gbarpolu,17986.0,719.89387041,2021,1,0,0,0.0,15.59729329022494,24.71857391357421,2021-01-01,0,24.98423828745265,0.0,0.0,50.798075589266695,24.89104537963867,0.0,0,0.0001811816,0
LR0305,Gounwolaila,Gbarpolu,17986.0,719.89387041,2021,2,0,0,0.0,91.6245065168901,25.69098274230957,2021-02-01,0,24.98423828745265,0.0,0.0,15.59729329022494,24.71857391357421,0.0,0,1.139054e-06,0
LR0305,Gounwolaila,Gbarpolu,17986.0,719.89387041,2021,3,0,0,0.0,173.41502449729225,25.65521156311036,2021-03-01,0,24.98423828745265,0.0,0.0,91.6245065168901,25.69098274230957,0.0,0,4.3974924e-06,0
LR0305,Gounwolaila,Gbarpolu,17986.0,719.89387041,2021,4,0,0,0.0,172.69035408713597,25.93017501831055,2021-04-01,0,24.98423828745265,0.0,0.0,173.41502449729225,25.65521156311036,0.0,0,1.0812856e-05,0
LR0305,Gounwolaila,Gbarpolu,17986.0,719.89387041,2021,5,0,0,0.0,208.0753035111861,25.66815643310547,2021-05-01,0,24.98423828745265,0.0,0.0,172.69035408713597,25.93017501831055,0.0,1,9.427628e-06,0
LR0305,Gounwolaila,Gbarpolu,17986.0,719.89387041,2021,6,0,0,0.0,274.59439433704733,24.85306976318359,2021-06-01,0,24.98423828745265,0.0,0.0,208.0753035111861,25.66815643310547,0.0,1,0.005527807,0
LR0305,Gounwolaila,Gbarpolu,17986.0,719.89387041,2021,7,0,0,0.0,194.7713532881304,23.859657669067385,2021-07-01,0,24.98423828745265,0.0,0.0,274.59439433704733,24.85306976318359,0.0,1,0.0007497475,0
LR0305,Gounwolaila,Gbarpolu,17986.0,719.89387041,2021,8,0,0,0.0,436.9676694003019,23.691450653076167,2021-08-01,0,24.98423828745265,0.0,0.0,194.7713532881304,23.859657669067385,0.0,1,0.00013248668,0
LR0305,Gounwolaila,Gbarpolu,17986.0,719.89387041,2021,9,0,0,0.0,410.4846482710405,24.31773048400879,2021-09-01,0,24.98423828745265,0.0,0.0,436.9676694003019,23.691450653076167,0.0,1,0.0024413536,0
LR0305,Gounwolaila,Gbarpolu,17986.0,719.89387041,2021,10,0,0,0.0,238.3168223987926,25.0618586730957,2021-10-01,0,24.98423828745265,0.0,0.0,410.4846482710405,24.31773048400879,0.0,1,0.00086782844,0
LR0305,Gounwolaila,Gbarpolu,17986.0,719.89387041,2021,11,0,0,0.0,101.80283979936078,25.110363159179684,2021-11-01,0,24.98423828745265,0.0,0.0,238.3168223987926,25.0618586730957,0.0,0,2.592658e-05,0
LR0305,Gounwolaila,Gbarpolu,17986.0,719.89387041,2021,12,0,0,0.0,26.756166804920543,24.9532650756836,2021-12-01,0,24.98423828745265,0.0,0.0,101.80283979936078,25.110363159179684,0.0,0,3.9855666e-05,0
LR0305,Gounwolaila,Gbarpolu,17986.0,719.89387041,2022,1,0,0,0.0,7.655196363275702,23.78323616027832,2022-01-01,0,24.98423828745265,0.0,0.0,26.756166804920543,24.9532650756836,0.0,0,0.0007145784,0
LR0305,Gounwolaila,Gbarpolu,17986.0,719.89387041,2022,2,0,0,0.0,27.104216055436567,25.2087159729004,2022-02-01,0,24.98423828745265,0.0,0.0,7.655196363275702,23.78323616027832,0.0,0,1.7439379e-05,0
LR0305,Gounwolaila,Gbarpolu,17986.0,719.89387041,2022,3,0,0,0.0,145.06427556818178,25.69308242797852,2022-03-01,0,24.98423828745265,0.0,0.0,27.104216055436567,25.2087159729004,0.0,0,2.0049733e-06,0
LR0305,Gounwolaila,Gbarpolu,17986.0,719.89387041,2022,4,0,0,0.0,175.66646784002134,25.72975173950195,2022-04-01,0,24.98423828745265,0.0,0.0,145.06427556818178,25.69308242797852,0.0,0,7.2015196e-06,0
LR0305,Gounwolaila,Gbarpolu,17986.0,719.89387041,2022,5,0,0,0.0,168.02822182395244,25.421414413452148,2022-05-01,0,24.98423828745265,0.0,0.0,175.66646784002134,25.72975173950195,0.0,1,4.7832073e-05,0
LR0305,Gounwolaila,Gbarpolu,17986.0,719.89387041,2022,6,0,0,0.0,264.7670260342685,24.63296333312989,2022-06-01,0,24.98423828745265,0.0,0.0,168.02822182395244,25.421414413452148,0.0,1,0.0021210567,0
LR0305,Gounwolaila,Gbarpolu,17986.0,719.89387041,2022,7,0,0,0.0,248.47757720947268,23.61767623901368,2022-07-01,0,24.98423828745265,0.0,0.0,264.7670260342685,24.63296333312989,0.0,1,0.00040686235,0
LR0305,Gounwolaila,Gbarpolu,17986.0,719.89387041,2022,8,0,0,0.0,382.4223064075817,23.28512802124024,2022-08-01,0,24.98423828745265,0.0,0.0,248.47757720947268,23.61767623901368,0.0,1,0.00064273697,0
LR0305,Gounwolaila,Gbarpolu,17986.0,719.89387041,2022,9,0,0,0.0,329.447788585316,23.81734558105469,2022-09-01,0,24.98423828745265,0.0,0.0,382.4223064075817,23.28512802124024,0.0,1,0.00227858,0
LR0305,Gounwolaila,Gbarpolu,17986.0,719.89387041,2022,10,0,0,0.0,257.75570609352803,24.69610252380371,2022-10-01,0,24.98423828745265,0.0,0.0,329.447788585316,23.81734558105469,0.0,1,0.012644157,0
LR0305,Gounwolaila,Gbarpolu,17986.0,719.89387041,2022,11,0,0,0.0,93.63546718250625,24.455529251098632,2022-11-01,0,24.98423828745265,0.0,0.0,257.75570609352803,24.69610252380371,0.0,0,0.00022869391,0
LR0305,Gounwolaila,Gbarpolu,17986.0,719.89387041,2022,12,0,0,0.0,31.085420868613504,24.133582534790044,2022-12-01,0,24.98423828745265,0.0,0.0,93.63546718250625,24.455529251098632,0.0,0,7.5720265e-05,0
LR0305,Gounwolaila,Gbarpolu,17986.0,719.89387041,2023,1,0,0,0.0,14.494856921109283,24.157575683593752,2023-01-01,0,24.98423828745265,0.0,0.0,31.085420868613504,24.133582534790044,0.0,0,0.00057245657,0
LR0305,Gounwolaila,Gbarpolu,17986.0,719.89387041,2023,2,0,0,0.0,33.16868521950461,25.881315841674805,2023-02-01,0,24.98423828745265,0.0,0.0,14.494856921109283,24.157575683593752,0.0,0,1.7388196e-05,0
LR0306,Kongba,Gbarpolu,11508.0,3009.47180325,2020,4,0,0,0.0,234.02155553078163,26.20472372794637,2020-04-01,0,3.8239268391125107,0.0,0.0,140.18657458558366,26.29790638904182,0.0,0,0.00011609456,0
LR0306,Kongba,Gbarpolu,11508.0,3009.47180325,2020,5,0,0,0.0,243.86310297129103,25.79601336498649,2020-05-01,0,3.8239268391125107,0.0,0.0,234.02155553078163,26.20472372794637,0.0,1,0.00049416407,0
LR0306,Kongba,Gbarpolu,11508.0,3009.47180325,2020,6,0,0,0.0,325.85803892174545,24.913579648854785,2020-06-01,0,3.8239268391125107,0.0,0.0,243.86310297129103,25.79601336498649,0.0,1,0.0012365581,0
LR0306,Kongba,Gbarpolu,11508.0,3009.47180325,2020,7,0,0,0.0,403.8864764777982,23.536193283236766,2020-07-01,0,3.8239268391125107,0.0,0.0,325.85803892174545,24.913579648854785,0.0,1,9.6015945e-05,0
LR0306,Kongba,Gbarpolu,11508.0,3009.47180325,2020,8,0,0,0.0,376.39142250528135,23.190719896433304,2020-08-01,0,3.8239268391125107,0.0,0.0,403.8864764777982,23.536193283236766,0.0,1,0.0025452308,0
LR0306,Kongba,Gbarpolu,11508.0,3009.47180325,2020,9,0,0,0.0,343.9197646160516,24.11210209982736,2020-09-01,0,3.8239268391125107,0.0,0.0,376.39142250528135,23.190719896433304,0.0,1,0.0001310183,0
LR0306,Kongba,Gbarpolu,11508.0,3009.47180325,2020,10,0,0,0.0,247.4870410841338,24.815687588283,2020-10-01,0,3.8239268391125107,0.0,0.0,343.9197646160516,24.11210209982736,0.0,1,0.0003652418,0
LR0306,Kongba,Gbarpolu,11508.0,3009.47180325,2020,11,0,0,0.0,57.25390975329341,24.82610217892393,2020-11-01,0,3.8239268391125107,0.0,0.0,247.4870410841338,24.815687588283,0.0,0,3.4082754e-05,0
LR0306,Kongba,Gbarpolu,11508.0,3009.47180325,2020,12,0,0,0.0,49.74000845150072,24.82469222010398,2020-12-01,0,3.8239268391125107,0.0,0.0,57.25390975329341,24.82610217892393,0.0,0,9.001171e-06,0
LR0306,Kongba,Gbarpolu,11508.0,3009.47180325,2021,1,0,0,0.0,17.619764454510754,24.64366751301046,2021-01-01,0,3.8239268391125107,0.0,0.0,49.74000845150072,24.82469222010398,0.0,0,1.3044669e-05,0
LR0306,Kongba,Gbarpolu,11508.0,3009.47180325,2021,2,0,0,0.0,64.15372416437889,25.57531621504804,2021-02-01,0,3.8239268391125107,0.0,0.0,17.619764454510754,24.64366751301046,0.0,0,8.525035e-06,0
LR0306,Kongba,Gbarpolu,11508.0,3009.47180325,2021,3,0,0,0.0,112.00265277161888,25.86296067919051,2021-03-01,0,3.8239268391125107,0.0,0.0,64.15372416437889,25.57531621504804,0.0,0,9.299907e-06,0
LR0306,Kongba,Gbarpolu,11508.0,3009.47180325,2021,4,0,0,0.0,149.9468735675422,26.307218804651388,2021-04-01,0,3.8239268391125107,0.0,0.0,112.00265277161888,25.86296067919051,0.0,0,5.2706077e-05,0
LR0306,Kongba,Gbarpolu,11508.0,3009.47180325,2021,5,0,0,0.0,248.98611263353,25.778534947609423,2021-05-01,0,3.8239268391125107,0.0,0.0,149.9468735675422,26.307218804651388,0.0,1,2.9776294e-05,0
LR0306,Kongba,Gbarpolu,11508.0,3009.47180325,2021,6,0,0,0.0,338.7864024882415,24.89983893413933,2021-06-01,0,3.8239268391125107,0.0,0.0,248.98611263353,25.778534947609423,0.0,1,0.00082163786,0
LR0306,Kongba,Gbarpolu,11508.0,3009.47180325,2021,7,0,0,0.0,307.7047119140626,23.85050641273966,2021-07-01,0,3.8239268391125107,0.0,0.0,338.7864024882415,24.89983893413933,0.0,1,0.00046599176,0
LR0306,Kongba,Gbarpolu,11508.0,3009.47180325,2021,8,0,0,0.0,541.4541158870776,23.663015560228,2021-08-01,0,3.8239268391125107,0.0,0.0,307.7047119140626,23.85050641273966,0.0,1,0.000103647144,0
LR0306,Kongba,Gbarpolu,11508.0,3009.47180325,2021,9,0,0,0.0,432.1399069027024,24.30817654668068,2021-09-01,0,3.8239268391125107,0.0,0.0,541.4541158870776,23.663015560228,0.0,1,0.00020300304,0
LR0306,Kongba,Gbarpolu,11508.0,3009.47180325,2021,10,0,0,0.0,276.1094913093412,25.112573370641584,2021-10-01,0,3.8239268391125107,0.0,0.0,432.1399069027024,24.30817654668068,0.0,1,0.00012338151,0
LR0306,Kongba,Gbarpolu,11508.0,3009.47180325,2021,11,0,0,0.0,168.87060064199014,25.078823401003472,2021-11-01,0,3.8239268391125107,0.0,0.0,276.1094913093412,25.112573370641584,0.0,0,4.83308e-05,0
LR0306,Kongba,Gbarpolu,11508.0,3009.47180325,2021,12,0,0,0.0,27.63967424509476,24.82243753939258,2021-12-01,0,3.8239268391125107,0.0,0.0,168.87060064199014,25.078823401003472,0.0,0,0.00021931215,0
LR0306,Kongba,Gbarpolu,11508.0,3009.47180325,2022,1,0,0,0.0,8.500485322913347,23.48556826065998,2022-01-01,0,3.8239268391125107,0.0,0.0,27.63967424509476,24.82243753939258,0.0,0,0.00030500037,0
LR0306,Kongba,Gbarpolu,11508.0,3009.47180325,2022,2,0,0,0.0,26.75549384525843,24.99242611320652,2022-02-01,0,3.8239268391125107,0.0,0.0,8.500485322913347,23.48556826065998,0.0,0,6.704792e-05,0
LR0306,Kongba,Gbarpolu,11508.0,3009.47180325,2022,3,0,0,0.0,98.00313980725348,25.711156086045865,2022-03-01,0,3.8239268391125107,0.0,0.0,26.75549384525843,24.99242611320652,0.0,0,5.6859535e-06,0
LR0306,Kongba,Gbarpolu,11508.0,3009.47180325,2022,4,0,0,0.0,126.49437448929768,25.82857766443369,2022-04-01,0,3.8239268391125107,0.0,0.0,98.00313980725348,25.711156086045865,0.0,0,1.5011442e-05,0
LR0306,Kongba,Gbarpolu,11508.0,3009.47180325,2022,5,0,0,0.0,212.8532545128647,25.50248037065779,2022-05-01,0,3.8239268391125107,0.0,0.0,126.49437448929768,25.82857766443369,0.0,1,0.0006184664,0
LR0306,Kongba,Gbarpolu,11508.0,3009.47180325,2022,6,0,0,0.0,422.9007627526108,24.69968601148956,2022-06-01,0,3.8239268391125107,0.0,0.0,212.8532545128647,25.50248037065779,0.0,1,0.00082470407,0
LR0306,Kongba,Gbarpolu,11508.0,3009.47180325,2022,7,0,0,0.0,251.41444817367864,23.63298721702732,2022-07-01,0,3.8239268391125107,0.0,0.0,422.9007627526108,24.69968601148956,0.0,1,0.00010021402,0
LR0306,Kongba,Gbarpolu,11508.0,3009.47180325,2022,8,0,0,0.0,458.892400001993,23.30952992731212,2022-08-01,0,3.8239268391125107,0.0,0.0,251.41444817367864,23.63298721702732,0.0,1,8.855885e-05,0
LR0306,Kongba,Gbarpolu,11508.0,3009.47180325,2022,9,0,0,0.0,369.254423180405,23.820177233949007,2022-09-01,0,3.8239268391125107,0.0,0.0,458.892400001993,23.30952992731212,0.0,1,7.571716e-05,0
LR0306,Kongba,Gbarpolu,11508.0,3009.47180325,2022,10,0,0,0.0,282.2706674069775,24.69237825821856,2022-10-01,0,3.8239268391125107,0.0,0.0,369.254423180405,23.820177233949007,0.0,1,0.0010031492,0
LR0306,Kongba,Gbarpolu,11508.0,3009.47180325,2022,11,0,0,0.0,131.08017754068183,24.41973394277146,2022-11-01,0,3.8239268391125107,0.0,0.0,282.2706674069775,24.69237825821856,0.0,0,0.00029414444,0
LR0306,Kongba,Gbarpolu,11508.0,3009.47180325,2022,12,0,0,0.0,35.15914393444451,24.035268043985173,2022-12-01,0,3.8239268391125107,0.0,0.0,131.08017754068183,24.41973394277146,0.0,0,0.00060979207,0
LR0306,Kongba,Gbarpolu,11508.0,3009.47180325,2023,1,0,0,0.0,14.28493004429097,23.819665071915605,2023-01-01,0,3.8239268391125107,0.0,0.0,35.15914393444451,24.035268043985173,0.0,0,7.064197e-05,0
LR0306,Kongba,Gbarpolu,11508.0,3009.47180325,2023,2,0,0,0.0,25.40185453453842,25.51319266338737,2023-02-01,0,3.8239268391125107,0.0,0.0,14.28493004429097,23.819665071915605,0.0,0,8.379923e-05,0
LR0401,Commonwealth 2,Grand Bassa,35740.0,20.68841332,2020,4,0,0,0.0,190.6111461473834,27.44192886352539,2020-04-01,0,1727.5370250578503,0.0,0.0,229.22569889153868,27.648765563964844,0.0,0,0.038296115,0
LR0401,Commonwealth 2,Grand Bassa,35740.0,20.68841332,2020,5,6,6,16.787912702853944,268.188900416028,27.129047393798828,2020-05-01,1,1727.5370250578503,0.0,0.0,190.6111461473834,27.44192886352539,0.0,1,0.92189,1
LR0401,Commonwealth 2,Grand Bassa,35740.0,20.68841332,2020,6,4,4,11.191941801902631,410.7629042635836,25.98493194580078,2020-06-01,0,1727.5370250578503,6.0,16.787912702853944,268.188900416028,27.129047393798828,2.0,1,0.032198783,0
LR0401,Commonwealth 2,Grand Bassa,35740.0,20.68841332,2020,7,0,0,0.0,244.55702707918104,24.859384536743164,2020-07-01,0,1727.5370250578503,4.0,11.191941801902631,410.7629042635836,25.98493194580078,3.3333333333333335,1,0.028443404,0
LR0401,Commonwealth 2,Grand Bassa,35740.0,20.68841332,2020,8,0,0,0.0,196.19852249263468,24.48737144470215,2020-08-01,0,1727.5370250578503,0.0,0.0,244.55702707918104,24.859384536743164,3.3333333333333335,1,0.0018849345,0
LR0401,Commonwealth 2,Grand Bassa,35740.0,20.68841332,2020,9,0,0,0.0,387.62951814662506,25.18010330200196,2020-09-01,0,1727.5370250578503,0.0,0.0,196.19852249263468,24.48737144470215,1.3333333333333333,1,0.0012760607,0
LR0401,Commonwealth 2,Grand Bassa,35740.0,20.68841332,2020,10,3,3,8.393956351426972,321.3037011299634,26.02047348022461,2020-10-01,0,1727.5370250578503,0.0,0.0,387.62951814662506,25.18010330200196,0.0,1,0.0039458023,0
LR0401,Commonwealth 2,Grand Bassa,35740.0,20.68841332,2020,11,0,0,0.0,144.74702053897744,26.251075744628903,2020-11-01,0,1727.5370250578503,3.0,8.393956351426972,321.3037011299634,26.02047348022461,1.0,0,0.005237038,0
LR0401,Commonwealth 2,Grand Bassa,35740.0,20.68841332,2020,12,1,1,2.797985450475658,90.95642771614956,26.45804786682129,2020-12-01,0,1727.5370250578503,0.0,0.0,144.74702053897744,26.251075744628903,1.0,0,0.0025401516,0
LR0401,Commonwealth 2,Grand Bassa,35740.0,20.68841332,2021,1,1,1,2.797985450475658,31.67751873323137,26.59067153930664,2021-01-01,0,1727.5370250578503,1.0,2.797985450475658,90.95642771614956,26.45804786682129,1.3333333333333333,0,0.002125036,0
LR0401,Commonwealth 2,Grand Bassa,35740.0,20.68841332,2021,2,0,0,0.0,112.69301805900228,27.272836685180664,2021-02-01,0,1727.5370250578503,1.0,2.797985450475658,31.67751873323137,26.59067153930664,0.6666666666666666,0,6.1110404e-05,0
LR0401,Commonwealth 2,Grand Bassa,35740.0,20.68841332,2021,3,0,0,0.0,183.32221197193,26.622806549072266,2021-03-01,0,1727.5370250578503,0.0,0.0,112.69301805900228,27.272836685180664,0.6666666666666666,0,0.0008573613,0
LR0401,Commonwealth 2,Grand Bassa,35740.0,20.68841332,2021,4,1,1,2.797985450475658,154.50908983366938,27.02044105529785,2021-04-01,0,1727.5370250578503,0.0,0.0,183.32221197193,26.622806549072266,0.3333333333333333,0,0.0042795595,0
LR0401,Commonwealth 2,Grand Bassa,35740.0,20.68841332,2021,5,0,0,0.0,230.69577367533245,26.93155860900879,2021-05-01,0,1727.5370250578503,1.0,2.797985450475658,154.50908983366938,27.02044105529785,0.3333333333333333,1,0.009115691,0
LR0401,Commonwealth 2,Grand Bassa,35740.0,20.68841332,2021,6,10,10,27.979854504756577,489.8657601550213,26.12162971496582,2021-06-01,1,1727.5370250578503,0.0,0.0,230.69577367533245,26.93155860900879,0.3333333333333333,1,0.9064906,1
LR0401,Commonwealth 2,Grand Bassa,35740.0,20.68841332,2021,7,2,2,5.595970900951316,282.97925840486886,25.226343154907227,2021-07-01,0,1727.5370250578503,10.0,27.979854504756577,489.8657601550213,26.12162971496582,3.6666666666666665,1,0.029410474,0
LR0401,Commonwealth 2,Grand Bassa,35740.0,20.68841332,2021,8,0,0,0.0,378.6901091158424,25.198467254638672,2021-08-01,0,1727.5370250578503,2.0,5.595970900951316,282.97925840486886,25.226343154907227,4.0,1,0.0033914575,0
LR0401,Commonwealth 2,Grand Bassa,35740.0,20.68841332,2021,9,0,0,0.0,454.2980549766114,25.476730346679688,2021-09-01,0,1727.5370250578503,0.0,0.0,378.6901091158424,25.198467254638672,4.0,1,0.011394605,0
LR0401,Commonwealth 2,Grand Bassa,35740.0,20.68841332,2021,10,0,0,0.0,289.67485018090184,26.23468589782715,2021-10-01,0,1727.5370250578503,0.0,0.0,454.2980549766114,25.476730346679688,0.6666666666666666,1,0.00070039765,0
LR0401,Commonwealth 2,Grand Bassa,35740.0,20.68841332,2021,11,0,0,0.0,152.6787012916171,26.527976989746094,2021-11-01,0,1727.5370250578503,0.0,0.0,289.67485018090184,26.23468589782715,0.0,0,0.017766213,0
LR0401,Commonwealth 2,Grand Bassa,35740.0,20.68841332,2021,12,2,2,5.595970900951316,54.1702928167925,26.89226531982422,2021-12-01,0,1727.5370250578503,0.0,0.0,152.6787012916171,26.527976989746094,0.0,0,0.15078183,0
LR0401,Commonwealth 2,Grand Bassa,35740.0,20.68841332,2022,1,2,2,5.595970900951316,19.415597305540697,26.42264175415039,2022-01-01,0,1727.5370250578503,2.0,5.595970900951316,54.1702928167925,26.89226531982422,0.6666666666666666,0,0.001693351,0
LR0401,Commonwealth 2,Grand Bassa,35740.0,20.68841332,2022,2,1,1,2.797985450475658,59.7704125893568,27.28191566467285,2022-02-01,0,1727.5370250578503,2.0,5.595970900951316,19.415597305540697,26.42264175415039,1.3333333333333333,0,0.00022638342,0
LR0401,Commonwealth 2,Grand Bassa,35740.0,20.68841332,2022,3,0,0,0.0,151.8992447824199,26.97024917602539,2022-03-01,0,1727.5370250578503,1.0,2.797985450475658,59.7704125893568,27.28191566467285,1.6666666666666667,0,0.00046121483,0
LR0401,Commonwealth 2,Grand Bassa,35740.0,20.68841332,2022,4,1,1,2.797985450475658,182.07570827492245,27.09900665283203,2022-04-01,0,1727.5370250578503,0.0,0.0,151.8992447824199,26.97024917602539,1.0,0,0.008676257,0
LR0401,Commonwealth 2,Grand Bassa,35740.0,20.68841332,2022,5,0,0,0.0,249.4503788794655,26.73188781738281,2022-05-01,0,1727.5370250578503,1.0,2.797985450475658,182.07570827492245,27.09900665283203,0.6666666666666666,1,0.0034918762,0
LR0401,Commonwealth 2,Grand Bassa,35740.0,20.68841332,2022,6,0,0,0.0,492.1367637090531,25.909570693969727,2022-06-01,0,1727.5370250578503,0.0,0.0,249.4503788794655,26.73188781738281,0.3333333333333333,1,0.037805907,0
LR0401,Commonwealth 2,Grand Bassa,35740.0,20.68841332,2022,7,1,1,2.797985450475658,153.79632504997005,24.955223083496094,2022-07-01,0,1727.5370250578503,0.0,0.0,492.1367637090531,25.909570693969727,0.3333333333333333,1,0.0010943203,0
LR0401,Commonwealth 2,Grand Bassa,35740.0,20.68841332,2022,8,0,0,0.0,267.05036557505053,24.672941207885746,2022-08-01,0,1727.5370250578503,1.0,2.797985450475658,153.79632504997005,24.955223083496094,0.3333333333333333,1,0.023450218,0
LR0401,Commonwealth 2,Grand Bassa,35740.0,20.68841332,2022,9,0,0,0.0,373.3640220291432,25.041343688964844,2022-09-01,0,1727.5370250578503,0.0,0.0,267.05036557505053,24.672941207885746,0.3333333333333333,1,0.002473897,0
LR0401,Commonwealth 2,Grand Bassa,35740.0,20.68841332,2022,10,0,0,0.0,314.99815367797095,25.9071044921875,2022-10-01,0,1727.5370250578503,0.0,0.0,373.3640220291432,25.041343688964844,0.3333333333333333,1,0.0009693136,0
LR0401,Commonwealth 2,Grand Bassa,35740.0,20.68841332,2022,11,0,0,0.0,181.8653347241216,26.001123428344727,2022-11-01,0,1727.5370250578503,0.0,0.0,314.99815367797095,25.9071044921875,0.0,0,0.0057250382,0
LR0401,Commonwealth 2,Grand Bassa,35740.0,20.68841332,2022,12,0,0,0.0,75.12243806067563,26.15770721435547,2022-12-01,0,1727.5370250578503,0.0,0.0,181.8653347241216,26.001123428344727,0.0,0,0.006038351,0
LR0401,Commonwealth 2,Grand Bassa,35740.0,20.68841332,2023,1,0,0,0.0,27.15664691962085,26.501220703125,2023-01-01,0,1727.5370250578503,0.0,0.0,75.12243806067563,26.15770721435547,0.0,0,0.002275811,0
LR0401,Commonwealth 2,Grand Bassa,35740.0,20.68841332,2023,2,0,0,0.0,49.764504676276864,27.350116729736328,2023-02-01,0,1727.5370250578503,0.0,0.0,27.15664691962085,26.501220703125,0.0,0,0.00081123377,0
LR0402,District #1,Grand Bassa,30223.0,1175.81934144,2020,4,0,0,0.0,213.5197324250873,27.240365982055664,2020-04-01,0,25.703778577911944,0.0,0.0,158.2358239826403,27.45051146842337,0.0,0,0.0011898238,0
LR0402,District #1,Grand Bassa,30223.0,1175.81934144,2020,5,0,0,0.0,267.14116708855875,26.89164373036977,2020-05-01,0,25.703778577911944,0.0,0.0,213.5197324250873,27.240365982055664,0.0,1,0.0035647983,0
LR0402,District #1,Grand Bassa,30223.0,1175.81934144,2020,6,0,0,0.0,404.83687551398026,25.71432319847313,2020-06-01,0,25.703778577911944,0.0,0.0,267.14116708855875,26.89164373036977,0.0,1,0.0006852421,0
LR0402,District #1,Grand Bassa,30223.0,1175.81934144,2020,7,0,0,0.0,371.5811623021176,24.5370205028637,2020-07-01,0,25.703778577911944,0.0,0.0,404.83687551398026,25.71432319847313,0.0,1,0.033537753,0
LR0402,District #1,Grand Bassa,30223.0,1175.81934144,2020,8,0,0,0.0,392.8021007337069,24.12066016326079,2020-08-01,0,25.703778577911944,0.0,0.0,371.5811623021176,24.5370205028637,0.0,1,0.003393018,0
LR0402,District #1,Grand Bassa,30223.0,1175.81934144,2020,9,0,0,0.0,461.1075559917249,24.927138148127373,2020-09-01,0,25.703778577911944,0.0,0.0,392.8021007337069,24.12066016326079,0.0,1,0.024886617,0
LR0402,District #1,Grand Bassa,30223.0,1175.81934144,2020,10,0,0,0.0,258.9819195396022,25.75421230213062,2020-10-01,0,25.703778577911944,0.0,0.0,461.1075559917249,24.927138148127373,0.0,1,5.2514424e-05,0
LR0402,District #1,Grand Bassa,30223.0,1175.81934144,2020,11,0,0,0.0,87.62761397110789,25.938963606550885,2020-11-01,0,25.703778577911944,0.0,0.0,258.9819195396022,25.75421230213062,0.0,0,2.2297094e-05,0
LR0402,District #1,Grand Bassa,30223.0,1175.81934144,2020,12,0,0,0.0,82.8288903487356,26.14649143734493,2020-12-01,0,25.703778577911944,0.0,0.0,87.62761397110789,25.938963606550885,0.0,0,7.108584e-06,0
LR0402,District #1,Grand Bassa,30223.0,1175.81934144,2021,1,0,0,0.0,25.90287298905222,26.25518453443373,2021-01-01,0,25.703778577911944,0.0,0.0,82.8288903487356,26.14649143734493,0.0,0,6.0622322e-05,0
LR0402,District #1,Grand Bassa,30223.0,1175.81934144,2021,2,0,0,0.0,86.24870762072108,27.06967163085937,2021-02-01,0,25.703778577911944,0.0,0.0,25.90287298905222,26.25518453443373,0.0,0,6.090311e-06,0
LR0402,District #1,Grand Bassa,30223.0,1175.81934144,2021,3,0,0,0.0,153.27927338449578,26.52760124206544,2021-03-01,0,25.703778577911944,0.0,0.0,86.24870762072108,27.06967163085937,0.0,0,6.4289256e-06,0
LR0402,District #1,Grand Bassa,30223.0,1175.81934144,2021,4,0,0,0.0,145.05484972502057,26.81462262127852,2021-04-01,0,25.703778577911944,0.0,0.0,153.27927338449578,26.52760124206544,0.0,0,9.98142e-06,0
LR0402,District #1,Grand Bassa,30223.0,1175.81934144,2021,5,0,0,0.0,254.9693390695672,26.62339169270284,2021-05-01,0,25.703778577911944,0.0,0.0,145.05484972502057,26.81462262127852,0.0,1,5.6681252e-05,0
LR0402,District #1,Grand Bassa,30223.0,1175.81934144,2021,6,0,0,0.0,461.19011648077714,25.811997181660423,2021-06-01,0,25.703778577911944,0.0,0.0,254.9693390695672,26.62339169270284,0.0,1,0.0018914309,0
LR0402,District #1,Grand Bassa,30223.0,1175.81934144,2021,7,0,0,0.0,365.6826677824321,24.87959397805704,2021-07-01,0,25.703778577911944,0.0,0.0,461.19011648077714,25.811997181660423,0.0,1,0.0027846484,0
LR0402,District #1,Grand Bassa,30223.0,1175.81934144,2021,8,0,0,0.0,660.8500944438732,24.81596498231629,2021-08-01,0,25.703778577911944,0.0,0.0,365.6826677824321,24.87959397805704,0.0,1,0.0017800006,0
LR0402,District #1,Grand Bassa,30223.0,1175.81934144,2021,9,0,0,0.0,532.0950606496712,25.196098121436872,2021-09-01,0,25.703778577911944,0.0,0.0,660.8500944438732,24.81596498231629,0.0,1,0.00024595833,0
LR0402,District #1,Grand Bassa,30223.0,1175.81934144,2021,10,0,0,0.0,267.13283699437187,25.96650154526169,2021-10-01,0,25.703778577911944,0.0,0.0,532.0950606496712,25.196098121436872,0.0,1,6.082569e-05,0
LR0402,District #1,Grand Bassa,30223.0,1175.81934144,2021,11,0,0,0.0,121.82086041099149,26.22189217644769,2021-11-01,0,25.703778577911944,0.0,0.0,267.13283699437187,25.96650154526169,0.0,0,3.5212674e-05,0
LR0402,District #1,Grand Bassa,30223.0,1175.81934144,2021,12,0,0,0.0,36.655449315121295,26.469248178842907,2021-12-01,0,25.703778577911944,0.0,0.0,121.82086041099149,26.22189217644769,0.0,0,0.00063257565,0
LR0402,District #1,Grand Bassa,30223.0,1175.81934144,2022,1,0,0,0.0,15.726565235539486,25.882436855419265,2022-01-01,0,25.703778577911944,0.0,0.0,36.655449315121295,26.469248178842907,0.0,0,5.1420833e-05,0
LR0402,District #1,Grand Bassa,30223.0,1175.81934144,2022,2,0,0,0.0,48.551812523289726,27.005302738499,2022-02-01,0,25.703778577911944,0.0,0.0,15.726565235539486,25.882436855419265,0.0,0,0.000117234944,0
LR0402,District #1,Grand Bassa,30223.0,1175.81934144,2022,3,0,0,0.0,114.26905882985967,26.85938108289564,2022-03-01,0,25.703778577911944,0.0,0.0,48.551812523289726,27.005302738499,0.0,0,6.294415e-06,0
LR0402,District #1,Grand Bassa,30223.0,1175.81934144,2022,4,0,0,0.0,182.77055399041427,26.8744305275582,2022-04-01,0,25.703778577911944,0.0,0.0,114.26905882985967,26.85938108289564,0.0,0,1.8889968e-05,0
LR0402,District #1,Grand Bassa,30223.0,1175.81934144,2022,5,0,0,0.0,221.1596968801398,26.428888939522405,2022-05-01,0,25.703778577911944,0.0,0.0,182.77055399041427,26.8744305275582,0.0,1,0.00025033994,0
LR0402,District #1,Grand Bassa,30223.0,1175.81934144,2022,6,0,0,0.0,460.2766177528784,25.6037631163726,2022-06-01,0,25.703778577911944,0.0,0.0,221.1596968801398,26.428888939522405,0.0,1,0.00041688455,0
LR0402,District #1,Grand Bassa,30223.0,1175.81934144,2022,7,0,0,0.0,123.66434920461552,24.61603943077294,2022-07-01,0,25.703778577911944,0.0,0.0,460.2766177528784,25.6037631163726,0.0,1,0.069596514,0
LR0402,District #1,Grand Bassa,30223.0,1175.81934144,2022,8,0,0,0.0,400.9641024940892,24.32879293287122,2022-08-01,0,25.703778577911944,0.0,0.0,123.66434920461552,24.61603943077294,0.0,1,0.00070030824,0
LR0402,District #1,Grand Bassa,30223.0,1175.81934144,2022,9,0,0,0.0,521.7791057385897,24.73778786530366,2022-09-01,0,25.703778577911944,0.0,0.0,400.9641024940892,24.32879293287122,0.0,1,0.016542554,0
LR0402,District #1,Grand Bassa,30223.0,1175.81934144,2022,10,0,0,0.0,324.6799260189659,25.639886289029505,2022-10-01,0,25.703778577911944,0.0,0.0,521.7791057385897,24.73778786530366,0.0,1,0.00016649299,0
LR0402,District #1,Grand Bassa,30223.0,1175.81934144,2022,11,0,0,0.0,112.5244763022975,25.676900708997568,2022-11-01,0,25.703778577911944,0.0,0.0,324.6799260189659,25.639886289029505,0.0,0,5.5672743e-05,0
LR0402,District #1,Grand Bassa,30223.0,1175.81934144,2022,12,0,0,0.0,47.99532538966128,25.73420983391839,2022-12-01,0,25.703778577911944,0.0,0.0,112.5244763022975,25.676900708997568,0.0,0,0.0006238246,0
LR0402,District #1,Grand Bassa,30223.0,1175.81934144,2023,1,0,0,0.0,14.424913757725763,26.1108366476523,2023-01-01,0,25.703778577911944,0.0,0.0,47.99532538966128,25.73420983391839,0.0,0,0.004107516,0
LR0402,District #1,Grand Bassa,30223.0,1175.81934144,2023,2,0,0,0.0,21.9470241948178,27.25442236823005,2023-02-01,0,25.703778577911944,0.0,0.0,14.424913757725763,26.1108366476523,0.0,0,0.00010276477,0
LR0403,District #2,Grand Bassa,32565.0,1876.40067667,2020,4,0,0,0.0,212.99773694648115,26.85568868702856,2020-04-01,0,17.355035310364666,0.0,0.0,209.8826501564901,27.13962097825675,0.0,0,0.0002755895,0
LR0403,District #2,Grand Bassa,32565.0,1876.40067667,2020,5,0,0,0.0,233.29600249743856,26.52244410021552,2020-05-01,0,17.355035310364666,0.0,0.0,212.99773694648115,26.85568868702856,0.0,1,0.0012740818,0
LR0403,District #2,Grand Bassa,32565.0,1876.40067667,2020,6,0,0,0.0,318.0670826396005,25.336116231721025,2020-06-01,0,17.355035310364666,0.0,0.0,233.29600249743856,26.52244410021552,0.0,1,0.0007610357,0
LR0403,District #2,Grand Bassa,32565.0,1876.40067667,2020,7,0,0,0.0,268.07181836737965,24.110389347734127,2020-07-01,0,17.355035310364666,0.0,0.0,318.0670826396005,25.336116231721025,0.0,1,0.0014596108,0
LR0403,District #2,Grand Bassa,32565.0,1876.40067667,2020,8,0,0,0.0,282.14825189309033,23.70630307033144,2020-08-01,0,17.355035310364666,0.0,0.0,268.07181836737965,24.110389347734127,0.0,1,0.0005663324,0
LR0403,District #2,Grand Bassa,32565.0,1876.40067667,2020,9,0,0,0.0,406.0032173531954,24.605332571884684,2020-09-01,0,17.355035310364666,0.0,0.0,282.14825189309033,23.70630307033144,0.0,1,0.011835798,0
LR0403,District #2,Grand Bassa,32565.0,1876.40067667,2020,10,0,0,0.0,273.964355218606,25.426079651405065,2020-10-01,0,17.355035310364666,0.0,0.0,406.0032173531954,24.605332571884684,0.0,1,5.9057922e-05,0
LR0403,District #2,Grand Bassa,32565.0,1876.40067667,2020,11,0,0,0.0,66.03813177640322,25.577961625724,2020-11-01,0,17.355035310364666,0.0,0.0,273.964355218606,25.426079651405065,0.0,0,2.6381556e-05,0
LR0403,District #2,Grand Bassa,32565.0,1876.40067667,2020,12,0,0,0.0,92.67539277623912,25.75163252600308,2020-12-01,0,17.355035310364666,0.0,0.0,66.03813177640322,25.577961625724,0.0,0,2.7359695e-06,0
LR0403,District #2,Grand Bassa,32565.0,1876.40067667,2021,1,0,0,0.0,26.36937119530849,25.75147188120875,2021-01-01,0,17.355035310364666,0.0,0.0,92.67539277623912,25.75163252600308,0.0,0,0.0001770015,0
LR0403,District #2,Grand Bassa,32565.0,1876.40067667,2021,2,0,0,0.0,99.6959957685627,26.70868107368206,2021-02-01,0,17.355035310364666,0.0,0.0,26.36937119530849,25.75147188120875,0.0,0,1.6330665e-06,0
LR0403,District #2,Grand Bassa,32565.0,1876.40067667,2021,3,0,0,0.0,193.6207470503009,26.24177439459439,2021-03-01,0,17.355035310364666,0.0,0.0,99.6959957685627,26.70868107368206,0.0,0,4.5216752e-06,0
LR0403,District #2,Grand Bassa,32565.0,1876.40067667,2021,4,0,0,0.0,156.43539954013508,26.44340544733508,2021-04-01,0,17.355035310364666,0.0,0.0,193.6207470503009,26.24177439459439,0.0,0,1.7320903e-05,0
LR0403,District #2,Grand Bassa,32565.0,1876.40067667,2021,5,0,0,0.0,236.525158491291,26.24987924510034,2021-05-01,0,17.355035310364666,0.0,0.0,156.43539954013508,26.44340544733508,0.0,1,2.6762697e-05,0
LR0403,District #2,Grand Bassa,32565.0,1876.40067667,2021,6,0,0,0.0,359.50738525390625,25.434732996184263,2021-06-01,0,17.355035310364666,0.0,0.0,236.525158491291,26.24987924510034,0.0,1,0.00043571403,0
LR0403,District #2,Grand Bassa,32565.0,1876.40067667,2021,7,0,0,0.0,260.68675382020047,24.465401912557663,2021-07-01,0,17.355035310364666,0.0,0.0,359.50738525390625,25.434732996184263,0.0,1,0.0018352144,0
LR0403,District #2,Grand Bassa,32565.0,1876.40067667,2021,8,0,0,0.0,467.35731681448505,24.388590648256496,2021-08-01,0,17.355035310364666,0.0,0.0,260.68675382020047,24.465401912557663,0.0,1,0.00028432434,0
LR0403,District #2,Grand Bassa,32565.0,1876.40067667,2021,9,0,0,0.0,468.5928519827421,24.84586330939984,2021-09-01,0,17.355035310364666,0.0,0.0,467.35731681448505,24.388590648256496,0.0,1,0.00090226135,0
LR0403,District #2,Grand Bassa,32565.0,1876.40067667,2021,10,0,0,0.0,279.61751118644327,25.61791334481075,2021-10-01,0,17.355035310364666,0.0,0.0,468.5928519827421,24.84586330939984,0.0,1,3.2778793e-05,0
LR0403,District #2,Grand Bassa,32565.0,1876.40067667,2021,11,0,0,0.0,114.33975444856236,25.86559029283196,2021-11-01,0,17.355035310364666,0.0,0.0,279.61751118644327,25.61791334481075,0.0,0,4.8472644e-05,0
LR0403,District #2,Grand Bassa,32565.0,1876.40067667,2021,12,0,0,0.0,34.85619645040544,25.97682360945077,2021-12-01,0,17.355035310364666,0.0,0.0,114.33975444856236,25.86559029283196,0.0,0,0.0010997761,0
LR0403,District #2,Grand Bassa,32565.0,1876.40067667,2022,1,0,0,0.0,14.016874078844411,25.201507403932773,2022-01-01,0,17.355035310364666,0.0,0.0,34.85619645040544,25.97682360945077,0.0,0,0.0012950968,0
LR0403,District #2,Grand Bassa,32565.0,1876.40067667,2022,2,0,0,0.0,49.6090030357486,26.583079305188413,2022-02-01,0,17.355035310364666,0.0,0.0,14.016874078844411,25.201507403932773,0.0,0,5.9946265e-06,0
LR0403,District #2,Grand Bassa,32565.0,1876.40067667,2022,3,0,0,0.0,141.9603183933946,26.63151889011777,2022-03-01,0,17.355035310364666,0.0,0.0,49.6090030357486,26.583079305188413,0.0,0,2.1689038e-06,0
LR0403,District #2,Grand Bassa,32565.0,1876.40067667,2022,4,0,0,0.0,194.5132023545562,26.568495125606137,2022-04-01,0,17.355035310364666,0.0,0.0,141.9603183933946,26.63151889011777,0.0,0,1.4018368e-05,0
LR0403,District #2,Grand Bassa,32565.0,1876.40067667,2022,5,0,0,0.0,200.0006846443552,26.05778358722556,2022-05-01,0,17.355035310364666,0.0,0.0,194.5132023545562,26.568495125606137,0.0,1,5.3632048e-05,0
LR0403,District #2,Grand Bassa,32565.0,1876.40067667,2022,6,0,0,0.0,362.6486626296749,25.207140791005106,2022-06-01,0,17.355035310364666,0.0,0.0,200.0006846443552,26.05778358722556,0.0,1,3.9463885e-05,0
LR0403,District #2,Grand Bassa,32565.0,1876.40067667,2022,7,0,0,0.0,152.35493581803124,24.208260569079165,2022-07-01,0,17.355035310364666,0.0,0.0,362.6486626296749,25.207140791005106,0.0,1,0.0011686138,0
LR0403,District #2,Grand Bassa,32565.0,1876.40067667,2022,8,0,0,0.0,322.6538566214139,23.927225244456327,2022-08-01,0,17.355035310364666,0.0,0.0,152.35493581803124,24.208260569079165,0.0,1,0.0005451646,0
LR0403,District #2,Grand Bassa,32565.0,1876.40067667,2022,9,0,0,0.0,440.44060378778175,24.37467880906729,2022-09-01,0,17.355035310364666,0.0,0.0,322.6538566214139,23.927225244456327,0.0,1,0.0017041853,0
LR0403,District #2,Grand Bassa,32565.0,1876.40067667,2022,10,0,0,0.0,322.9985846847785,25.32812223763301,2022-10-01,0,17.355035310364666,0.0,0.0,440.44060378778175,24.37467880906729,0.0,1,0.000118585165,0
LR0403,District #2,Grand Bassa,32565.0,1876.40067667,2022,11,0,0,0.0,120.27111653812594,25.297754846770182,2022-11-01,0,17.355035310364666,0.0,0.0,322.9985846847785,25.32812223763301,0.0,0,1.228876e-05,0
LR0403,District #2,Grand Bassa,32565.0,1876.40067667,2022,12,0,0,0.0,50.76912007566359,25.200683856832573,2022-12-01,0,17.355035310364666,0.0,0.0,120.27111653812594,25.297754846770182,0.0,0,3.960273e-05,0
LR0403,District #2,Grand Bassa,32565.0,1876.40067667,2023,1,0,0,0.0,18.572616420808387,25.588501305415704,2023-01-01,0,17.355035310364666,0.0,0.0,50.76912007566359,25.200683856832573,0.0,0,3.9690523e-05,0
LR0403,District #2,Grand Bassa,32565.0,1876.40067667,2023,2,0,0,0.0,30.08879567756028,27.026754181960538,2023-02-01,0,17.355035310364666,0.0,0.0,18.572616420808387,25.588501305415704,0.0,0,0.00016020512,0
LR0404,District #3,Grand Bassa,62421.0,2279.16201771,2020,4,0,0,0.0,199.78011796281143,26.524223327636715,2020-04-01,0,27.387697546275287,0.0,0.0,230.74689359922667,26.836762262980145,0.0,0,0.00010579989,0
LR0404,District #3,Grand Bassa,62421.0,2279.16201771,2020,5,0,0,0.0,244.51451585099505,26.322299448649083,2020-05-01,0,27.387697546275287,0.0,0.0,199.78011796281143,26.524223327636715,0.0,1,0.00018784344,0
LR0404,District #3,Grand Bassa,62421.0,2279.16201771,2020,6,0,0,0.0,329.6916590510188,25.167207082112625,2020-06-01,0,27.387697546275287,0.0,0.0,244.51451585099505,26.322299448649083,0.0,1,0.0035503036,0
LR0404,District #3,Grand Bassa,62421.0,2279.16201771,2020,7,34,34,54.468848624661575,234.09900603423253,23.940485865275065,2020-07-01,1,27.387697546275287,0.0,0.0,329.6916590510188,25.167207082112625,0.0,1,0.8140804,1
LR0404,District #3,Grand Bassa,62421.0,2279.16201771,2020,8,4,4,6.408099838195479,197.8838515410552,23.594639689127607,2020-08-01,0,27.387697546275287,34.0,54.468848624661575,234.09900603423253,23.940485865275065,11.333333333333334,1,0.021471433,0
LR0404,District #3,Grand Bassa,62421.0,2279.16201771,2020,9,0,0,0.0,399.6606127764727,24.483601201375325,2020-09-01,0,27.387697546275287,4.0,6.408099838195479,197.8838515410552,23.594639689127607,12.666666666666666,1,0.01097544,0
LR0404,District #3,Grand Bassa,62421.0,2279.16201771,2020,10,0,0,0.0,234.9396982966243,25.313132934570312,2020-10-01,0,27.387697546275287,0.0,0.0,399.6606127764727,24.483601201375325,12.666666666666666,1,0.00019963452,0
LR0404,District #3,Grand Bassa,62421.0,2279.16201771,2020,11,0,0,0.0,59.30050829294565,25.47578000386557,2020-11-01,0,27.387697546275287,0.0,0.0,234.9396982966243,25.313132934570312,1.3333333333333333,0,0.00018348638,0
LR0404,District #3,Grand Bassa,62421.0,2279.16201771,2020,12,0,0,0.0,103.51569593274915,25.58083104451498,2020-12-01,0,27.387697546275287,0.0,0.0,59.30050829294565,25.47578000386557,0.0,0,2.4336105e-06,0
LR0404,District #3,Grand Bassa,62421.0,2279.16201771,2021,1,0,0,0.0,22.52365867511647,25.398738555908203,2021-01-01,0,27.387697546275287,0.0,0.0,103.51569593274915,25.58083104451498,0.0,0,0.0012738366,0
LR0404,District #3,Grand Bassa,62421.0,2279.16201771,2021,2,0,0,0.0,104.4853229007206,26.34839820861816,2021-02-01,0,27.387697546275287,0.0,0.0,22.52365867511647,25.398738555908203,0.0,0,2.6575246e-06,0
LR0404,District #3,Grand Bassa,62421.0,2279.16201771,2021,3,0,0,0.0,214.23664917816987,25.92608449300129,2021-03-01,0,27.387697546275287,0.0,0.0,104.4853229007206,26.34839820861816,0.0,0,2.016224e-05,0
LR0404,District #3,Grand Bassa,62421.0,2279.16201771,2021,4,0,0,0.0,158.81268908526442,26.17525571187338,2021-04-01,0,27.387697546275287,0.0,0.0,214.23664917816987,25.92608449300129,0.0,0,6.920184e-05,0
LR0404,District #3,Grand Bassa,62421.0,2279.16201771,2021,5,0,0,0.0,236.9503332602012,26.10212326049805,2021-05-01,0,27.387697546275287,0.0,0.0,158.81268908526442,26.17525571187338,0.0,1,8.398138e-05,0
LR0404,District #3,Grand Bassa,62421.0,2279.16201771,2021,6,0,0,0.0,367.9442217027819,25.31075124104817,2021-06-01,0,27.387697546275287,0.0,0.0,236.9503332602012,26.10212326049805,0.0,1,0.00038525127,0
LR0404,District #3,Grand Bassa,62421.0,2279.16201771,2021,7,7,7,11.214174716842088,233.1558934804556,24.33527834574381,2021-07-01,1,27.387697546275287,0.0,0.0,367.9442217027819,25.31075124104817,0.0,1,0.8406288,1
LR0404,District #3,Grand Bassa,62421.0,2279.16201771,2021,8,0,0,0.0,433.72450091387776,24.275238672892243,2021-08-01,0,27.387697546275287,7.0,11.214174716842088,233.1558934804556,24.33527834574381,2.3333333333333335,1,0.012122163,0
LR0404,District #3,Grand Bassa,62421.0,2279.16201771,2021,9,0,0,0.0,435.55787699931375,24.72764101664225,2021-09-01,0,27.387697546275287,0.0,0.0,433.72450091387776,24.275238672892243,2.3333333333333335,1,0.015440933,0
LR0404,District #3,Grand Bassa,62421.0,2279.16201771,2021,10,0,0,0.0,235.47595317943671,25.493806457519536,2021-10-01,0,27.387697546275287,0.0,0.0,435.55787699931375,24.72764101664225,2.3333333333333335,1,9.936674e-05,0
LR0404,District #3,Grand Bassa,62421.0,2279.16201771,2021,11,0,0,0.0,104.92658450152425,25.73584215799968,2021-11-01,0,27.387697546275287,0.0,0.0,235.47595317943671,25.493806457519536,0.0,0,1.6641594e-05,0
LR0404,District #3,Grand Bassa,62421.0,2279.16201771,2021,12,3,3,4.806074878646609,33.03257545264992,25.751289011637365,2021-12-01,0,27.387697546275287,0.0,0.0,104.92658450152425,25.73584215799968,0.0,0,0.00031313483,0
LR0404,District #3,Grand Bassa,62421.0,2279.16201771,2022,1,5,5,8.01012479774435,15.093986382355562,24.839993464152016,2022-01-01,1,27.387697546275287,3.0,4.806074878646609,33.03257545264992,25.751289011637365,1.0,0,0.9539218,1
LR0404,District #3,Grand Bassa,62421.0,2279.16201771,2022,2,0,0,0.0,46.26344897295978,26.17848025004069,2022-02-01,0,27.387697546275287,5.0,8.01012479774435,15.093986382355562,24.839993464152016,2.6666666666666665,0,0.004525524,0
LR0404,District #3,Grand Bassa,62421.0,2279.16201771,2022,3,0,0,0.0,150.3724952903954,26.40641387939453,2022-03-01,0,27.387697546275287,0.0,0.0,46.26344897295978,26.17848025004069,2.6666666666666665,0,2.6280537e-05,0
LR0404,District #3,Grand Bassa,62421.0,2279.16201771,2022,4,0,0,0.0,193.0786427678288,26.3883336130778,2022-04-01,0,27.387697546275287,0.0,0.0,150.3724952903954,26.40641387939453,1.6666666666666667,0,6.929977e-05,0
LR0404,District #3,Grand Bassa,62421.0,2279.16201771,2022,5,0,0,0.0,211.9021045581715,25.933190943400064,2022-05-01,0,27.387697546275287,0.0,0.0,193.0786427678288,26.3883336130778,0.0,1,0.00016399348,0
LR0404,District #3,Grand Bassa,62421.0,2279.16201771,2022,6,0,0,0.0,370.92682915764885,25.05881154378255,2022-06-01,0,27.387697546275287,0.0,0.0,211.9021045581715,25.933190943400064,0.0,1,0.0018482289,0
LR0404,District #3,Grand Bassa,62421.0,2279.16201771,2022,7,0,0,0.0,155.71267854845206,24.073307088216147,2022-07-01,0,27.387697546275287,0.0,0.0,370.92682915764885,25.05881154378255,0.0,1,0.013671442,0
LR0404,District #3,Grand Bassa,62421.0,2279.16201771,2022,8,0,0,0.0,277.8199706206452,23.793264414469387,2022-08-01,0,27.387697546275287,0.0,0.0,155.71267854845206,24.073307088216147,0.0,1,0.00020873315,0
LR0404,District #3,Grand Bassa,62421.0,2279.16201771,2022,9,0,0,0.0,408.9586119780668,24.255483373006182,2022-09-01,0,27.387697546275287,0.0,0.0,277.8199706206452,23.793264414469387,0.0,1,0.0021288393,0
LR0404,District #3,Grand Bassa,62421.0,2279.16201771,2022,10,0,0,0.0,311.3704714388461,25.22594716389974,2022-10-01,0,27.387697546275287,0.0,0.0,408.9586119780668,24.255483373006182,0.0,1,0.0020235318,0
LR0404,District #3,Grand Bassa,62421.0,2279.16201771,2022,11,0,0,0.0,129.47544850529852,25.1743906402588,2022-11-01,0,27.387697546275287,0.0,0.0,311.3704714388461,25.22594716389974,0.0,0,5.418685e-05,0
LR0404,District #3,Grand Bassa,62421.0,2279.16201771,2022,12,0,0,0.0,52.37585892548431,24.940559260050453,2022-12-01,0,27.387697546275287,0.0,0.0,129.47544850529852,25.1743906402588,0.0,0,0.00030471524,0
LR0404,District #3,Grand Bassa,62421.0,2279.16201771,2023,1,0,0,0.0,20.010466485410127,25.17223729451497,2023-01-01,0,27.387697546275287,0.0,0.0,52.37585892548431,24.940559260050453,0.0,0,2.5779293e-05,0
LR0404,District #3,Grand Bassa,62421.0,2279.16201771,2023,2,0,0,0.0,28.64504033166009,26.653116938273115,2023-02-01,0,27.387697546275287,0.0,0.0,20.010466485410127,25.17223729451497,0.0,0,4.768424e-05,0
LR0405,District #4,Grand Bassa,41162.0,1248.62322857,2020,4,0,0,0.0,174.7631145824086,27.215283173781177,2020-04-01,0,32.96590921757979,0.0,0.0,225.8743532354181,27.39368957128281,0.0,0,0.00025643027,0
LR0405,District #4,Grand Bassa,41162.0,1248.62322857,2020,5,0,0,0.0,280.4109368757768,26.960157590034683,2020-05-01,0,32.96590921757979,0.0,0.0,174.7631145824086,27.215283173781177,0.0,1,0.00010656251,0
LR0405,District #4,Grand Bassa,41162.0,1248.62322857,2020,6,0,0,0.0,492.30275795676494,25.84814741672613,2020-06-01,0,32.96590921757979,0.0,0.0,280.4109368757768,26.960157590034683,0.0,1,0.0013284334,0
LR0405,District #4,Grand Bassa,41162.0,1248.62322857,2020,7,0,0,0.0,210.95997862382367,24.70700097695376,2020-07-01,0,32.96590921757979,0.0,0.0,492.30275795676494,25.84814741672613,0.0,1,0.025853407,0
LR0405,District #4,Grand Bassa,41162.0,1248.62322857,2020,8,0,0,0.0,165.43323655561966,24.371160996265903,2020-08-01,0,32.96590921757979,0.0,0.0,210.95997862382367,24.70700097695376,0.0,1,0.000100069825,0
LR0405,District #4,Grand Bassa,41162.0,1248.62322857,2020,9,0,0,0.0,456.42469856955785,25.08100113501916,2020-09-01,0,32.96590921757979,0.0,0.0,165.43323655561966,24.371160996265903,0.0,1,5.2204803e-05,0
LR0405,District #4,Grand Bassa,41162.0,1248.62322857,2020,10,0,0,0.0,319.5003554604271,25.91266676095816,2020-10-01,0,32.96590921757979,0.0,0.0,456.42469856955785,25.08100113501916,0.0,1,0.00013525704,0
LR0405,District #4,Grand Bassa,41162.0,1248.62322857,2020,11,0,0,0.0,130.27144007249314,26.146447255061226,2020-11-01,0,32.96590921757979,0.0,0.0,319.5003554604271,25.91266676095816,0.0,0,5.5423192e-05,0
LR0405,District #4,Grand Bassa,41162.0,1248.62322857,2020,12,0,0,0.0,110.35360752452505,26.308293318137142,2020-12-01,0,32.96590921757979,0.0,0.0,130.27144007249314,26.146447255061226,0.0,0,1.02280055e-05,0
LR0405,District #4,Grand Bassa,41162.0,1248.62322857,2021,1,0,0,0.0,22.530544779517427,26.320752950815056,2021-01-01,0,32.96590921757979,0.0,0.0,110.35360752452505,26.308293318137142,0.0,0,0.00015725443,0
LR0405,District #4,Grand Bassa,41162.0,1248.62322857,2021,2,0,0,0.0,94.98211583224212,27.004964535052963,2021-02-01,0,32.96590921757979,0.0,0.0,22.530544779517427,26.320752950815056,0.0,0,4.271645e-06,0
LR0405,District #4,Grand Bassa,41162.0,1248.62322857,2021,3,0,0,0.0,220.06991299715912,26.405853613829,2021-03-01,0,32.96590921757979,0.0,0.0,94.98211583224212,27.004964535052963,0.0,0,4.1892163e-05,0
LR0405,District #4,Grand Bassa,41162.0,1248.62322857,2021,4,0,0,0.0,151.92529331554067,26.85102448096641,2021-04-01,0,32.96590921757979,0.0,0.0,220.06991299715912,26.405853613829,0.0,0,8.088769e-05,0
LR0405,District #4,Grand Bassa,41162.0,1248.62322857,2021,5,0,0,0.0,273.5337444652211,26.810501147539192,2021-05-01,0,32.96590921757979,0.0,0.0,151.92529331554067,26.85102448096641,0.0,1,0.00011689571,0
LR0405,District #4,Grand Bassa,41162.0,1248.62322857,2021,6,0,0,0.0,518.4454435868696,26.005777799166164,2021-06-01,0,32.96590921757979,0.0,0.0,273.5337444652211,26.810501147539192,0.0,1,0.005346534,0
LR0405,District #4,Grand Bassa,41162.0,1248.62322857,2021,7,1,1,2.4294251979981536,244.07573283802373,25.100626921042423,2021-07-01,0,32.96590921757979,0.0,0.0,518.4454435868696,26.005777799166164,0.0,1,7.129809e-05,0
LR0405,District #4,Grand Bassa,41162.0,1248.62322857,2021,8,0,0,0.0,461.9626742276279,25.082101626273914,2021-08-01,0,32.96590921757979,1.0,2.4294251979981536,244.07573283802373,25.100626921042423,0.3333333333333333,1,0.0099032475,0
LR0405,District #4,Grand Bassa,41162.0,1248.62322857,2021,9,0,0,0.0,502.4500885009766,25.387160276755303,2021-09-01,0,32.96590921757979,0.0,0.0,461.9626742276279,25.082101626273914,0.3333333333333333,1,0.0008128417,0
LR0405,District #4,Grand Bassa,41162.0,1248.62322857,2021,10,0,0,0.0,255.5573605624112,26.13732015169584,2021-10-01,0,32.96590921757979,0.0,0.0,502.4500885009766,25.387160276755303,0.3333333333333333,1,0.0001616956,0
LR0405,District #4,Grand Bassa,41162.0,1248.62322857,2021,11,0,0,0.0,147.55557198957968,26.3921275016589,2021-11-01,0,32.96590921757979,0.0,0.0,255.5573605624112,26.13732015169584,0.0,0,7.547991e-05,0
LR0405,District #4,Grand Bassa,41162.0,1248.62322857,2021,12,0,0,0.0,53.53117726065895,26.67732238769531,2021-12-01,0,32.96590921757979,0.0,0.0,147.55557198957968,26.3921275016589,0.0,0,7.086779e-05,0
LR0405,District #4,Grand Bassa,41162.0,1248.62322857,2022,1,0,0,0.0,25.302966031161223,26.14473328223595,2022-01-01,0,32.96590921757979,0.0,0.0,53.53117726065895,26.67732238769531,0.0,0,8.440659e-05,0
LR0405,District #4,Grand Bassa,41162.0,1248.62322857,2022,2,0,0,0.0,61.61682770468971,26.93848903362568,2022-02-01,0,32.96590921757979,0.0,0.0,25.302966031161223,26.14473328223595,0.0,0,9.407207e-06,0
LR0405,District #4,Grand Bassa,41162.0,1248.62322857,2022,3,0,0,0.0,159.9022806340998,26.784479239048096,2022-03-01,0,32.96590921757979,0.0,0.0,61.61682770468971,26.93848903362568,0.0,0,4.25642e-06,0
LR0405,District #4,Grand Bassa,41162.0,1248.62322857,2022,4,0,0,0.0,185.00329485806543,26.9418203891852,2022-04-01,0,32.96590921757979,0.0,0.0,159.9022806340998,26.784479239048096,0.0,0,1.3856335e-05,0
LR0405,District #4,Grand Bassa,41162.0,1248.62322857,2022,5,0,0,0.0,264.3896335255016,26.62290406838441,2022-05-01,0,32.96590921757979,0.0,0.0,185.00329485806543,26.9418203891852,0.0,1,0.00027653546,0
LR0405,District #4,Grand Bassa,41162.0,1248.62322857,2022,6,0,0,0.0,547.1652471368964,25.778232525556515,2022-06-01,0,32.96590921757979,0.0,0.0,264.3896335255016,26.62290406838441,0.0,1,0.0007429293,0
LR0405,District #4,Grand Bassa,41162.0,1248.62322857,2022,7,0,0,0.0,90.1656814921986,24.807895269149387,2022-07-01,0,32.96590921757979,0.0,0.0,547.1652471368964,25.778232525556515,0.0,1,0.0010349941,0
LR0405,District #4,Grand Bassa,41162.0,1248.62322857,2022,8,0,0,0.0,289.5523092096502,24.526542174510464,2022-08-01,0,32.96590921757979,0.0,0.0,90.1656814921986,24.807895269149387,0.0,1,0.00010644876,0
LR0405,District #4,Grand Bassa,41162.0,1248.62322857,2022,9,0,0,0.0,421.367755543102,24.92429170853053,2022-09-01,0,32.96590921757979,0.0,0.0,289.5523092096502,24.526542174510464,0.0,1,0.001577154,0
LR0405,District #4,Grand Bassa,41162.0,1248.62322857,2022,10,0,0,0.0,321.33337194269353,25.82221598502917,2022-10-01,0,32.96590921757979,0.0,0.0,421.367755543102,24.92429170853053,0.0,1,0.00018879728,0
LR0405,District #4,Grand Bassa,41162.0,1248.62322857,2022,11,0,0,0.0,167.34926119717687,25.872457015208703,2022-11-01,0,32.96590921757979,0.0,0.0,321.33337194269353,25.82221598502917,0.0,0,2.6502772e-05,0
LR0405,District #4,Grand Bassa,41162.0,1248.62322857,2022,12,0,0,0.0,68.19195114482534,25.94170228028909,2022-12-01,0,32.96590921757979,0.0,0.0,167.34926119717687,25.872457015208703,0.0,0,2.0560483e-05,0
LR0405,District #4,Grand Bassa,41162.0,1248.62322857,2023,1,0,0,0.0,25.6367174061862,26.15107311346592,2023-01-01,0,32.96590921757979,0.0,0.0,68.19195114482534,25.94170228028909,0.0,0,0.00014976942,0
LR0405,District #4,Grand Bassa,41162.0,1248.62322857,2023,2,0,0,0.0,35.51326348564841,27.09616362742889,2023-02-01,0,32.96590921757979,0.0,0.0,25.6367174061862,26.15107311346592,0.0,0,9.408316e-05,0
LR0406,Neekreen,Grand Bassa,62883.0,521.23983989,2020,4,0,0,0.0,182.33439815745632,27.395925409653607,2020-04-01,0,120.64120043715486,0.0,0.0,175.85980314366958,27.608733457677506,0.0,0,0.0053174584,0
LR0406,Neekreen,Grand Bassa,62883.0,521.23983989,2020,5,0,0,0.0,262.4574082318474,27.08724526798024,2020-05-01,0,120.64120043715486,0.0,0.0,182.33439815745632,27.395925409653607,0.0,1,0.051244173,0
LR0406,Neekreen,Grand Bassa,62883.0,521.23983989,2020,6,3,3,4.770764753590001,501.6894100413604,25.941178602330822,2020-06-01,0,120.64120043715486,0.0,0.0,262.4574082318474,27.08724526798024,0.0,1,0.02245439,0
LR0406,Neekreen,Grand Bassa,62883.0,521.23983989,2020,7,0,0,0.0,204.5787191951976,24.81310182459214,2020-07-01,0,120.64120043715486,3.0,4.770764753590001,501.6894100413604,25.941178602330822,1.0,1,0.046905737,0
LR0406,Neekreen,Grand Bassa,62883.0,521.23983989,2020,8,0,0,0.0,213.23862681669348,24.446805392994605,2020-08-01,0,120.64120043715486,0.0,0.0,204.5787191951976,24.81310182459214,1.0,1,0.00034578025,0
LR0406,Neekreen,Grand Bassa,62883.0,521.23983989,2020,9,0,0,0.0,446.3981018066407,25.145796495325424,2020-09-01,0,120.64120043715486,0.0,0.0,213.23862681669348,24.446805392994605,1.0,1,0.0036685958,0
LR0406,Neekreen,Grand Bassa,62883.0,521.23983989,2020,10,0,0,0.0,284.2928870705996,25.987159616806927,2020-10-01,0,120.64120043715486,0.0,0.0,446.3981018066407,25.145796495325424,0.0,1,0.00018243147,0
LR0406,Neekreen,Grand Bassa,62883.0,521.23983989,2020,11,0,0,0.0,131.90472546745752,26.22017265768612,2020-11-01,0,120.64120043715486,0.0,0.0,284.2928870705996,25.987159616806927,0.0,0,0.0004427723,0
LR0406,Neekreen,Grand Bassa,62883.0,521.23983989,2020,12,0,0,0.0,102.18534761316636,26.42343307943905,2020-12-01,0,120.64120043715486,0.0,0.0,131.90472546745752,26.22017265768612,0.0,0,0.00016498158,0
LR0406,Neekreen,Grand Bassa,62883.0,521.23983989,2021,1,0,0,0.0,24.03394474702723,26.53751429389505,2021-01-01,0,120.64120043715486,0.0,0.0,102.18534761316636,26.42343307943905,0.0,0,0.00093855814,0
LR0406,Neekreen,Grand Bassa,62883.0,521.23983989,2021,2,0,0,0.0,86.16817115334904,27.227115518906537,2021-02-01,0,120.64120043715486,0.0,0.0,24.03394474702723,26.53751429389505,0.0,0,1.7464177e-05,0
LR0406,Neekreen,Grand Bassa,62883.0,521.23983989,2021,3,0,0,0.0,174.9008295395795,26.58184208589442,2021-03-01,0,120.64120043715486,0.0,0.0,86.16817115334904,27.227115518906537,0.0,0,1.2972566e-05,0
LR0406,Neekreen,Grand Bassa,62883.0,521.23983989,2021,4,0,0,0.0,146.00800862031826,26.97892402200138,2021-04-01,0,120.64120043715486,0.0,0.0,174.9008295395795,26.58184208589442,0.0,0,0.0002132457,0
LR0406,Neekreen,Grand Bassa,62883.0,521.23983989,2021,5,0,0,0.0,262.4007343965418,26.893227969898906,2021-05-01,0,120.64120043715486,0.0,0.0,146.00800862031826,26.97892402200138,0.0,1,0.0019615458,0
LR0406,Neekreen,Grand Bassa,62883.0,521.23983989,2021,6,14,14,22.26356885008667,521.3500599580652,26.083583495196176,2021-06-01,1,120.64120043715486,0.0,0.0,262.4007343965418,26.893227969898906,0.0,1,0.8721347,1
LR0406,Neekreen,Grand Bassa,62883.0,521.23983989,2021,7,4,4,6.361019671453335,272.8413023107192,25.182873108807737,2021-07-01,0,120.64120043715486,14.0,22.26356885008667,521.3500599580652,26.083583495196176,4.666666666666667,1,0.042182922,0
LR0406,Neekreen,Grand Bassa,62883.0,521.23983989,2021,8,0,0,0.0,497.1549987792969,25.157548680024988,2021-08-01,0,120.64120043715486,4.0,6.361019671453335,272.8413023107192,25.182873108807737,6.0,1,0.002578444,0
LR0406,Neekreen,Grand Bassa,62883.0,521.23983989,2021,9,0,0,0.0,493.8107353659237,25.442214180441468,2021-09-01,0,120.64120043715486,0.0,0.0,497.1549987792969,25.157548680024988,6.0,1,0.001051447,0
LR0406,Neekreen,Grand Bassa,62883.0,521.23983989,2021,10,0,0,0.0,260.9846478630515,26.19987252179314,2021-10-01,0,120.64120043715486,0.0,0.0,493.8107353659237,25.442214180441468,1.3333333333333333,1,0.0013310747,0
LR0406,Neekreen,Grand Bassa,62883.0,521.23983989,2021,11,0,0,0.0,144.10081930721506,26.49246316797593,2021-11-01,0,120.64120043715486,0.0,0.0,260.9846478630515,26.19987252179314,0.0,0,0.0012664535,0
LR0406,Neekreen,Grand Bassa,62883.0,521.23983989,2021,12,0,0,0.0,50.79307062485639,26.84538796368767,2021-12-01,0,120.64120043715486,0.0,0.0,144.10081930721506,26.49246316797593,0.0,0,0.0040896777,0
LR0406,Neekreen,Grand Bassa,62883.0,521.23983989,2022,1,0,0,0.0,25.19179815404556,26.35789725359749,2022-01-01,0,120.64120043715486,0.0,0.0,50.79307062485639,26.84538796368767,0.0,0,7.398213e-05,0
LR0406,Neekreen,Grand Bassa,62883.0,521.23983989,2022,2,0,0,0.0,56.29690484439625,27.229971605188705,2022-02-01,0,120.64120043715486,0.0,0.0,25.19179815404556,26.35789725359749,0.0,0,2.7937767e-05,0
LR0406,Neekreen,Grand Bassa,62883.0,521.23983989,2022,3,0,0,0.0,146.19712650074678,26.93969042160932,2022-03-01,0,120.64120043715486,0.0,0.0,56.29690484439625,27.229971605188705,0.0,0,2.4610252e-05,0
LR0406,Neekreen,Grand Bassa,62883.0,521.23983989,2022,4,0,0,0.0,182.560630349552,27.064983143525964,2022-04-01,0,120.64120043715486,0.0,0.0,146.19712650074678,26.93969042160932,0.0,0,0.0002690866,0
LR0406,Neekreen,Grand Bassa,62883.0,521.23983989,2022,5,0,0,0.0,269.03311965044804,26.69567781336168,2022-05-01,0,120.64120043715486,0.0,0.0,182.560630349552,27.064983143525964,0.0,1,0.008786266,0
LR0406,Neekreen,Grand Bassa,62883.0,521.23983989,2022,6,0,0,0.0,551.4574872185202,25.867339751299685,2022-06-01,0,120.64120043715486,0.0,0.0,269.03311965044804,26.69567781336168,0.0,1,0.06515374,0
LR0406,Neekreen,Grand Bassa,62883.0,521.23983989,2022,7,0,0,0.0,99.46074676513676,24.91060458912569,2022-07-01,0,120.64120043715486,0.0,0.0,551.4574872185202,25.867339751299685,0.0,1,0.007224527,0
LR0406,Neekreen,Grand Bassa,62883.0,521.23983989,2022,8,0,0,0.0,300.9373599781709,24.631091622745288,2022-08-01,0,120.64120043715486,0.0,0.0,99.46074676513676,24.91060458912569,0.0,1,0.0002516403,0
LR0406,Neekreen,Grand Bassa,62883.0,521.23983989,2022,9,0,0,0.0,462.8702356675092,25.003043455236103,2022-09-01,0,120.64120043715486,0.0,0.0,300.9373599781709,24.631091622745288,0.0,1,0.0012154875,0
LR0406,Neekreen,Grand Bassa,62883.0,521.23983989,2022,10,0,0,0.0,318.12600348977475,25.87892038681928,2022-10-01,0,120.64120043715486,0.0,0.0,462.8702356675092,25.003043455236103,0.0,1,0.00026632115,0
LR0406,Neekreen,Grand Bassa,62883.0,521.23983989,2022,11,0,0,0.0,151.68831185733572,25.968432370354147,2022-11-01,0,120.64120043715486,0.0,0.0,318.12600348977475,25.87892038681928,0.0,0,0.0015401776,0
LR0406,Neekreen,Grand Bassa,62883.0,521.23983989,2022,12,0,0,0.0,59.36021692612592,26.10792115155388,2022-12-01,0,120.64120043715486,0.0,0.0,151.68831185733572,25.968432370354147,0.0,0,0.0017108755,0
LR0406,Neekreen,Grand Bassa,62883.0,521.23983989,2023,1,0,0,0.0,20.59001081130084,26.43889595480526,2023-01-01,0,120.64120043715486,0.0,0.0,59.36021692612592,26.10792115155388,0.0,0,4.084224e-05,0
LR0406,Neekreen,Grand Bassa,62883.0,521.23983989,2023,2,0,0,0.0,29.583950491512525,27.31701267466826,2023-02-01,0,120.64120043715486,0.0,0.0,20.59001081130084,26.43889595480526,0.0,0,0.00014430885,0
LR0407,Owensgrove,Grand Bassa,14422.0,292.62657821,2020,4,0,0,0.0,197.96423149108887,27.50146526760525,2020-04-01,0,49.28465516775521,0.0,0.0,106.8779020309448,27.597425672743057,0.0,0,0.00036436698,0
LR0407,Owensgrove,Grand Bassa,14422.0,292.62657821,2020,5,0,0,0.0,270.0955581665039,27.204014248318146,2020-05-01,0,49.28465516775521,0.0,0.0,197.96423149108887,27.50146526760525,0.0,1,0.0032703206,0
LR0407,Owensgrove,Grand Bassa,14422.0,292.62657821,2020,6,0,0,0.0,419.1958656311035,26.078233506944443,2020-06-01,0,49.28465516775521,0.0,0.0,270.0955581665039,27.204014248318146,0.0,1,0.006119779,0
LR0407,Owensgrove,Grand Bassa,14422.0,292.62657821,2020,7,1,1,6.9338510608792125,434.7443885803223,24.94772508409288,2020-07-01,0,49.28465516775521,0.0,0.0,419.1958656311035,26.078233506944443,0.0,1,0.003560737,0
LR0407,Owensgrove,Grand Bassa,14422.0,292.62657821,2020,8,0,0,0.0,412.2784271240235,24.51959334479438,2020-08-01,0,49.28465516775521,1.0,6.9338510608792125,434.7443885803223,24.94772508409288,0.3333333333333333,1,0.0016867691,0
LR0407,Owensgrove,Grand Bassa,14422.0,292.62657821,2020,9,0,0,0.0,456.9109687805176,25.234920077853733,2020-09-01,0,49.28465516775521,0.0,0.0,412.2784271240235,24.51959334479438,0.3333333333333333,1,0.0026447477,0
LR0407,Owensgrove,Grand Bassa,14422.0,292.62657821,2020,10,0,0,0.0,207.45311355590823,26.04834535386827,2020-10-01,0,49.28465516775521,0.0,0.0,456.9109687805176,25.234920077853733,0.3333333333333333,1,7.566079e-05,0
LR0407,Owensgrove,Grand Bassa,14422.0,292.62657821,2020,11,0,0,0.0,87.10355281829834,26.24192174275716,2020-11-01,0,49.28465516775521,0.0,0.0,207.45311355590823,26.04834535386827,0.0,0,5.5027704e-06,0
LR0407,Owensgrove,Grand Bassa,14422.0,292.62657821,2020,12,0,0,0.0,59.73964405059815,26.45087920294868,2020-12-01,0,49.28465516775521,0.0,0.0,87.10355281829834,26.24192174275716,0.0,0,5.3075564e-06,0
LR0407,Owensgrove,Grand Bassa,14422.0,292.62657821,2021,1,0,0,0.0,24.13467311859131,26.604678471883133,2021-01-01,0,49.28465516775521,0.0,0.0,59.73964405059815,26.45087920294868,0.0,0,1.1265385e-05,0
LR0407,Owensgrove,Grand Bassa,14422.0,292.62657821,2021,2,0,0,0.0,62.39701652526855,27.25099309285482,2021-02-01,0,49.28465516775521,0.0,0.0,24.13467311859131,26.604678471883133,0.0,0,1.7032187e-05,0
LR0407,Owensgrove,Grand Bassa,14422.0,292.62657821,2021,3,0,0,0.0,109.12238693237306,26.712077458699543,2021-03-01,0,49.28465516775521,0.0,0.0,62.39701652526855,27.25099309285482,0.0,0,6.5788345e-06,0
LR0407,Owensgrove,Grand Bassa,14422.0,292.62657821,2021,4,0,0,0.0,127.9903211593628,27.11716079711914,2021-04-01,0,49.28465516775521,0.0,0.0,109.12238693237306,26.712077458699543,0.0,0,3.1117434e-05,0
LR0407,Owensgrove,Grand Bassa,14422.0,292.62657821,2021,5,0,0,0.0,251.9179725646973,26.95575247870552,2021-05-01,0,49.28465516775521,0.0,0.0,127.9903211593628,27.11716079711914,0.0,1,8.815829e-05,0
LR0407,Owensgrove,Grand Bassa,14422.0,292.62657821,2021,6,1,1,6.9338510608792125,477.8408126831055,26.165708118014862,2021-06-01,0,49.28465516775521,0.0,0.0,251.9179725646973,26.95575247870552,0.0,1,0.0043393895,0
LR0407,Owensgrove,Grand Bassa,14422.0,292.62657821,2021,7,0,0,0.0,400.1301765441894,25.278172810872395,2021-07-01,0,49.28465516775521,1.0,6.9338510608792125,477.8408126831055,26.165708118014862,0.3333333333333333,1,0.008011558,0
LR0407,Owensgrove,Grand Bassa,14422.0,292.62657821,2021,8,0,0,0.0,718.6476745605469,25.218240949842667,2021-08-01,0,49.28465516775521,0.0,0.0,400.1301765441894,25.278172810872395,0.3333333333333333,1,0.0019481973,0
LR0407,Owensgrove,Grand Bassa,14422.0,292.62657821,2021,9,0,0,0.0,500.8540229797363,25.530575646294487,2021-09-01,0,49.28465516775521,0.0,0.0,718.6476745605469,25.218240949842667,0.3333333333333333,1,0.0024276208,0
LR0407,Owensgrove,Grand Bassa,14422.0,292.62657821,2021,10,0,0,0.0,229.1805210113525,26.29469214545356,2021-10-01,0,49.28465516775521,0.0,0.0,500.8540229797363,25.530575646294487,0.0,1,9.110179e-05,0
LR0407,Owensgrove,Grand Bassa,14422.0,292.62657821,2021,11,0,0,0.0,101.35239028930664,26.51501592000325,2021-11-01,0,49.28465516775521,0.0,0.0,229.1805210113525,26.29469214545356,0.0,0,1.4818811e-05,0
LR0407,Owensgrove,Grand Bassa,14422.0,292.62657821,2021,12,0,0,0.0,28.08660626411438,26.83922301398384,2021-12-01,0,49.28465516775521,0.0,0.0,101.35239028930664,26.51501592000325,0.0,0,0.00013856041,0
LR0407,Owensgrove,Grand Bassa,14422.0,292.62657821,2022,1,1,1,6.9338510608792125,16.37001121044159,26.392828623453777,2022-01-01,0,49.28465516775521,0.0,0.0,28.08660626411438,26.83922301398384,0.0,0,3.388002e-05,0
LR0407,Owensgrove,Grand Bassa,14422.0,292.62657821,2022,2,0,0,0.0,35.161643981933594,27.18039597405328,2022-02-01,0,49.28465516775521,1.0,6.9338510608792125,16.37001121044159,26.392828623453777,0.3333333333333333,0,0.00063159433,0
LR0407,Owensgrove,Grand Bassa,14422.0,292.62657821,2022,3,0,0,0.0,83.21081161499023,26.9464537302653,2022-03-01,0,49.28465516775521,0.0,0.0,35.161643981933594,27.18039597405328,0.3333333333333333,0,3.9575887e-05,0
LR0407,Owensgrove,Grand Bassa,14422.0,292.62657821,2022,4,0,0,0.0,156.02192115783694,27.082332187228733,2022-04-01,0,49.28465516775521,0.0,0.0,83.21081161499023,26.9464537302653,0.3333333333333333,0,8.415807e-05,0
LR0407,Owensgrove,Grand Bassa,14422.0,292.62657821,2022,5,0,0,0.0,221.4527282714844,26.76797824435764,2022-05-01,0,49.28465516775521,0.0,0.0,156.02192115783694,27.082332187228733,0.0,1,8.159515e-05,0
LR0407,Owensgrove,Grand Bassa,14422.0,292.62657821,2022,6,0,0,0.0,503.3395538330079,25.98137876722548,2022-06-01,0,49.28465516775521,0.0,0.0,221.4527282714844,26.76797824435764,0.0,1,0.00014890733,0
LR0407,Owensgrove,Grand Bassa,14422.0,292.62657821,2022,7,0,0,0.0,116.53113079071044,25.00835122002496,2022-07-01,0,49.28465516775521,0.0,0.0,503.3395538330079,25.98137876722548,0.0,1,0.000108785134,0
LR0407,Owensgrove,Grand Bassa,14422.0,292.62657821,2022,8,0,0,0.0,419.78636932373047,24.698733435736763,2022-08-01,0,49.28465516775521,0.0,0.0,116.53113079071044,25.00835122002496,0.0,1,0.00030831544,0
LR0407,Owensgrove,Grand Bassa,14422.0,292.62657821,2022,9,0,0,0.0,532.0119056701661,25.082947836981884,2022-09-01,0,49.28465516775521,0.0,0.0,419.78636932373047,24.698733435736763,0.0,1,6.626204e-05,0
LR0407,Owensgrove,Grand Bassa,14422.0,292.62657821,2022,10,0,0,0.0,287.2550544738769,25.908348507351345,2022-10-01,0,49.28465516775521,0.0,0.0,532.0119056701661,25.082947836981884,0.0,1,1.52431385e-05,0
LR0407,Owensgrove,Grand Bassa,14422.0,292.62657821,2022,11,0,0,0.0,95.69637489318848,25.986462275187176,2022-11-01,0,49.28465516775521,0.0,0.0,287.2550544738769,25.908348507351345,0.0,0,2.0650465e-05,0
LR0407,Owensgrove,Grand Bassa,14422.0,292.62657821,2022,12,0,0,0.0,37.26798248291016,26.145261976453995,2022-12-01,0,49.28465516775521,0.0,0.0,95.69637489318848,25.986462275187176,0.0,0,0.00014253403,0
LR0407,Owensgrove,Grand Bassa,14422.0,292.62657821,2023,1,0,0,0.0,9.965498447418211,26.401552200317383,2023-01-01,0,49.28465516775521,0.0,0.0,37.26798248291016,26.145261976453995,0.0,0,0.00038267206,0
LR0407,Owensgrove,Grand Bassa,14422.0,292.62657821,2023,2,0,0,0.0,14.6186341047287,27.24597422281901,2023-02-01,0,49.28465516775521,0.0,0.0,9.965498447418211,26.401552200317383,0.0,0,0.0015927554,0
LR0408,St. John River City,Grand Bassa,14273.0,433.47572215,2020,4,0,0,0.0,197.86226094563804,27.373034477233887,2020-04-01,0,32.926872880463115,0.0,0.0,159.71362304687503,27.60064470767975,0.0,0,0.00054427655,0
LR0408,St. John River City,Grand Bassa,14273.0,433.47572215,2020,5,0,0,0.0,256.5593007405598,27.051826000213627,2020-05-01,0,32.926872880463115,0.0,0.0,197.86226094563804,27.373034477233887,0.0,1,0.0016673305,0
LR0408,St. John River City,Grand Bassa,14273.0,433.47572215,2020,6,0,0,0.0,456.73316853841146,25.892601370811462,2020-06-01,0,32.926872880463115,0.0,0.0,256.5593007405598,27.051826000213627,0.0,1,0.00059003633,0
LR0408,St. John River City,Grand Bassa,14273.0,433.47572215,2020,7,0,0,0.0,259.2158070882162,24.76096177101136,2020-07-01,0,32.926872880463115,0.0,0.0,456.73316853841146,25.892601370811462,0.0,1,0.0033421507,0
LR0408,St. John River City,Grand Bassa,14273.0,433.47572215,2020,8,0,0,0.0,274.3745198567708,24.38487493991852,2020-08-01,0,32.926872880463115,0.0,0.0,259.2158070882162,24.76096177101136,0.0,1,0.0013243052,0
LR0408,St. John River City,Grand Bassa,14273.0,433.47572215,2020,9,0,0,0.0,446.0533203125,25.10085356235504,2020-09-01,0,32.926872880463115,0.0,0.0,274.3745198567708,24.38487493991852,0.0,1,0.0002641376,0
LR0408,St. John River City,Grand Bassa,14273.0,433.47572215,2020,10,0,0,0.0,283.8960856119792,25.94336974620819,2020-10-01,0,32.926872880463115,0.0,0.0,446.0533203125,25.10085356235504,0.0,1,3.7551694e-05,0
LR0408,St. John River City,Grand Bassa,14273.0,433.47572215,2020,11,0,0,0.0,115.94408111572268,26.170291185379032,2020-11-01,0,32.926872880463115,0.0,0.0,283.8960856119792,25.94336974620819,0.0,0,4.7302212e-05,0
LR0408,St. John River City,Grand Bassa,14273.0,433.47572215,2020,12,0,0,0.0,89.72281595865886,26.380917429924008,2020-12-01,0,32.926872880463115,0.0,0.0,115.94408111572268,26.170291185379032,0.0,0,5.409121e-06,0
LR0408,St. John River City,Grand Bassa,14273.0,433.47572215,2021,1,0,0,0.0,25.11137440999349,26.502676606178284,2021-01-01,0,32.926872880463115,0.0,0.0,89.72281595865886,26.380917429924008,0.0,0,6.649169e-05,0
LR0408,St. John River City,Grand Bassa,14273.0,433.47572215,2021,2,0,0,0.0,88.51472930908203,27.21399021148682,2021-02-01,0,32.926872880463115,0.0,0.0,25.11137440999349,26.502676606178284,0.0,0,4.607569e-06,0
LR0408,St. John River City,Grand Bassa,14273.0,433.47572215,2021,3,0,0,0.0,159.3419250488281,26.57714545726776,2021-03-01,0,32.926872880463115,0.0,0.0,88.51472930908203,27.21399021148682,0.0,0,6.4051933e-06,0
LR0408,St. John River City,Grand Bassa,14273.0,433.47572215,2021,4,0,0,0.0,146.80403951009117,26.94705057144165,2021-04-01,0,32.926872880463115,0.0,0.0,159.3419250488281,26.57714545726776,0.0,0,1.3249421e-05,0
LR0408,St. John River City,Grand Bassa,14273.0,433.47572215,2021,5,0,0,0.0,249.6290802001953,26.84016096591949,2021-05-01,0,32.926872880463115,0.0,0.0,146.80403951009117,26.94705057144165,0.0,1,4.3519278e-05,0
LR0408,St. John River City,Grand Bassa,14273.0,433.47572215,2021,6,0,0,0.0,514.1422871907552,26.03095734119416,2021-06-01,0,32.926872880463115,0.0,0.0,249.6290802001953,26.84016096591949,0.0,1,0.0012968514,0
LR0408,St. John River City,Grand Bassa,14273.0,433.47572215,2021,7,0,0,0.0,341.2314066569011,25.121690869331363,2021-07-01,0,32.926872880463115,0.0,0.0,514.1422871907552,26.03095734119416,0.0,1,0.0016568201,0
LR0408,St. John River City,Grand Bassa,14273.0,433.47572215,2021,8,0,0,0.0,543.2873372395833,25.09252226352692,2021-08-01,0,32.926872880463115,0.0,0.0,341.2314066569011,25.121690869331363,0.0,1,0.00011811208,0
LR0408,St. John River City,Grand Bassa,14273.0,433.47572215,2021,9,0,0,0.0,506.27378336588544,25.389922857284542,2021-09-01,0,32.926872880463115,0.0,0.0,543.2873372395833,25.09252226352692,0.0,1,3.876026e-05,0
LR0408,St. John River City,Grand Bassa,14273.0,433.47572215,2021,10,0,0,0.0,277.12944437662765,26.15014231204987,2021-10-01,0,32.926872880463115,0.0,0.0,506.27378336588544,25.389922857284542,0.0,1,0.00017239968,0
LR0408,St. John River City,Grand Bassa,14273.0,433.47572215,2021,11,0,0,0.0,127.02037251790368,26.44803249835968,2021-11-01,0,32.926872880463115,0.0,0.0,277.12944437662765,26.15014231204987,0.0,0,6.468065e-05,0
LR0408,St. John River City,Grand Bassa,14273.0,433.47572215,2021,12,0,0,0.0,40.42359263102213,26.795689940452576,2021-12-01,0,32.926872880463115,0.0,0.0,127.02037251790368,26.44803249835968,0.0,0,0.00095446565,0
LR0408,St. John River City,Grand Bassa,14273.0,433.47572215,2022,1,0,0,0.0,23.35817476908366,26.283950090408325,2022-01-01,0,32.926872880463115,0.0,0.0,40.42359263102213,26.795689940452576,0.0,0,3.0471003e-05,0
LR0408,St. John River City,Grand Bassa,14273.0,433.47572215,2022,2,0,0,0.0,53.49531148274741,27.2205377817154,2022-02-01,0,32.926872880463115,0.0,0.0,23.35817476908366,26.283950090408325,0.0,0,1.8794733e-05,0
LR0408,St. John River City,Grand Bassa,14273.0,433.47572215,2022,3,0,0,0.0,135.05333709716797,26.93426513671875,2022-03-01,0,32.926872880463115,0.0,0.0,53.49531148274741,27.2205377817154,0.0,0,1.1377618e-05,0
LR0408,St. John River City,Grand Bassa,14273.0,433.47572215,2022,4,0,0,0.0,196.6097941080729,27.03352117538452,2022-04-01,0,32.926872880463115,0.0,0.0,135.05333709716797,26.93426513671875,0.0,0,5.133142e-05,0
LR0408,St. John River City,Grand Bassa,14273.0,433.47572215,2022,5,0,0,0.0,243.77667439778648,26.642249941825867,2022-05-01,0,32.926872880463115,0.0,0.0,196.6097941080729,27.03352117538452,0.0,1,0.00020228984,0
LR0408,St. John River City,Grand Bassa,14273.0,433.47572215,2022,6,0,0,0.0,487.380234781901,25.814528465271,2022-06-01,0,32.926872880463115,0.0,0.0,243.77667439778648,26.642249941825867,0.0,1,0.00022704121,0
LR0408,St. John River City,Grand Bassa,14273.0,433.47572215,2022,7,0,0,0.0,97.69757130940756,24.8567123413086,2022-07-01,0,32.926872880463115,0.0,0.0,487.380234781901,25.814528465271,0.0,1,0.0026999086,0
LR0408,St. John River City,Grand Bassa,14273.0,433.47572215,2022,8,0,0,0.0,318.3743570963542,24.57966160774232,2022-08-01,0,32.926872880463115,0.0,0.0,97.69757130940756,24.8567123413086,0.0,1,0.00093702885,0
LR0408,St. John River City,Grand Bassa,14273.0,433.47572215,2022,9,0,0,0.0,480.9017659505208,24.95212137699127,2022-09-01,0,32.926872880463115,0.0,0.0,318.3743570963542,24.57966160774232,0.0,1,9.549065e-05,0
LR0408,St. John River City,Grand Bassa,14273.0,433.47572215,2022,10,0,0,0.0,343.1097473144532,25.83216118812561,2022-10-01,0,32.926872880463115,0.0,0.0,480.9017659505208,24.95212137699127,0.0,1,0.0002469384,0
LR0408,St. John River City,Grand Bassa,14273.0,433.47572215,2022,11,0,0,0.0,142.41354319254555,25.92225205898285,2022-11-01,0,32.926872880463115,0.0,0.0,343.1097473144532,25.83216118812561,0.0,0,7.882405e-05,0
LR0408,St. John River City,Grand Bassa,14273.0,433.47572215,2022,12,0,0,0.0,54.07743886311849,26.051987767219543,2022-12-01,0,32.926872880463115,0.0,0.0,142.41354319254555,25.92225205898285,0.0,0,0.00012030109,0
LR0408,St. John River City,Grand Bassa,14273.0,433.47572215,2023,1,0,0,0.0,17.865092213948568,26.40656173229217,2023-01-01,0,32.926872880463115,0.0,0.0,54.07743886311849,26.051987767219543,0.0,0,2.8092456e-05,0
LR0408,St. John River City,Grand Bassa,14273.0,433.47572215,2023,2,0,0,0.0,26.492307281494146,27.32498812675476,2023-02-01,0,32.926872880463115,0.0,0.0,17.865092213948568,26.40656173229217,0.0,0,8.151155e-05,0
LR0501,Commonwealth,Grand Cape Mount,14057.0,325.88468569,2020,4,0,0,0.0,210.8760291205512,27.52873929341634,2020-04-01,0,43.13488978543722,0.0,0.0,123.67314741346571,27.4555082321167,0.0,0,0.0027711196,0
LR0501,Commonwealth,Grand Cape Mount,14057.0,325.88468569,2020,5,0,0,0.0,388.3573608398437,27.35834503173828,2020-05-01,0,43.13488978543722,0.0,0.0,210.8760291205512,27.52873929341634,0.0,1,0.0016540436,0
LR0501,Commonwealth,Grand Cape Mount,14057.0,325.88468569,2020,6,1,1,7.113893433876361,635.3602159288195,26.355058352152508,2020-06-01,0,43.13488978543722,0.0,0.0,388.3573608398437,27.35834503173828,0.0,1,0.01630992,0
LR0501,Commonwealth,Grand Cape Mount,14057.0,325.88468569,2020,7,0,0,0.0,946.2577650282118,25.280977567036945,2020-07-01,0,43.13488978543722,1.0,7.113893433876361,635.3602159288195,26.355058352152508,0.3333333333333333,1,0.07380295,0
LR0501,Commonwealth,Grand Cape Mount,14057.0,325.88468569,2020,8,0,0,0.0,373.3657396104601,24.844899495442707,2020-08-01,0,43.13488978543722,0.0,0.0,946.2577650282118,25.280977567036945,0.3333333333333333,1,0.0019471954,0
LR0501,Commonwealth,Grand Cape Mount,14057.0,325.88468569,2020,9,0,0,0.0,440.3756985134549,25.48365847269694,2020-09-01,0,43.13488978543722,0.0,0.0,373.3657396104601,24.844899495442707,0.3333333333333333,1,0.0023724108,0
LR0501,Commonwealth,Grand Cape Mount,14057.0,325.88468569,2020,10,0,0,0.0,303.4634501139323,26.21737670898437,2020-10-01,0,43.13488978543722,0.0,0.0,440.3756985134549,25.48365847269694,0.0,1,7.567833e-05,0
LR0501,Commonwealth,Grand Cape Mount,14057.0,325.88468569,2020,11,0,0,0.0,135.09854634602866,26.50441265106201,2020-11-01,0,43.13488978543722,0.0,0.0,303.4634501139323,26.21737670898437,0.0,0,0.0002782142,0
LR0501,Commonwealth,Grand Cape Mount,14057.0,325.88468569,2020,12,0,0,0.0,77.52859242757161,26.66112899780273,2020-12-01,0,43.13488978543722,0.0,0.0,135.09854634602866,26.50441265106201,0.0,0,1.4808653e-05,0
LR0501,Commonwealth,Grand Cape Mount,14057.0,325.88468569,2021,1,1,1,7.113893433876361,31.11246723598904,26.72926743825277,2021-01-01,0,43.13488978543722,0.0,0.0,77.52859242757161,26.66112899780273,0.0,0,9.184103e-05,0
LR0501,Commonwealth,Grand Cape Mount,14057.0,325.88468569,2021,2,1,1,7.113893433876361,83.9520034790039,27.06009864807129,2021-02-01,0,43.13488978543722,1.0,7.113893433876361,31.11246723598904,26.72926743825277,0.3333333333333333,0,6.2082225e-05,0
LR0501,Commonwealth,Grand Cape Mount,14057.0,325.88468569,2021,3,1,1,7.113893433876361,115.90917121039496,26.749903361002605,2021-03-01,0,43.13488978543722,1.0,7.113893433876361,83.9520034790039,27.06009864807129,0.6666666666666666,0,5.404375e-05,0
LR0501,Commonwealth,Grand Cape Mount,14057.0,325.88468569,2021,4,0,0,0.0,152.1383344862196,27.332508405049644,2021-04-01,0,43.13488978543722,1.0,7.113893433876361,115.90917121039496,26.749903361002605,1.0,0,0.00016174324,0
LR0501,Commonwealth,Grand Cape Mount,14057.0,325.88468569,2021,5,0,0,0.0,343.4263509114583,27.18680095672608,2021-05-01,0,43.13488978543722,0.0,0.0,152.1383344862196,27.332508405049644,0.6666666666666666,1,0.0010349542,0
LR0501,Commonwealth,Grand Cape Mount,14057.0,325.88468569,2021,6,16,16,113.82229494202176,780.5269300672743,26.45234743754069,2021-06-01,1,43.13488978543722,0.0,0.0,343.4263509114583,27.18680095672608,0.3333333333333333,1,0.8085564,1
LR0501,Commonwealth,Grand Cape Mount,14057.0,325.88468569,2021,7,8,8,56.911147471010885,759.8415323893229,25.564308166503903,2021-07-01,1,43.13488978543722,16.0,113.82229494202176,780.5269300672743,26.45234743754069,5.333333333333333,1,0.94449013,1
LR0501,Commonwealth,Grand Cape Mount,14057.0,325.88468569,2021,8,0,0,0.0,476.5812377929688,25.442974408467613,2021-08-01,0,43.13488978543722,8.0,56.911147471010885,759.8415323893229,25.564308166503903,8.0,1,0.017211163,0
LR0501,Commonwealth,Grand Cape Mount,14057.0,325.88468569,2021,9,0,0,0.0,463.96260579427087,25.74773343404134,2021-09-01,0,43.13488978543722,0.0,0.0,476.5812377929688,25.442974408467613,8.0,1,0.0019436762,0
LR0501,Commonwealth,Grand Cape Mount,14057.0,325.88468569,2021,10,0,0,0.0,344.74908447265625,26.5435152053833,2021-10-01,0,43.13488978543722,0.0,0.0,463.96260579427087,25.74773343404134,2.6666666666666665,1,0.00078340934,0
LR0501,Commonwealth,Grand Cape Mount,14057.0,325.88468569,2021,11,0,0,0.0,123.30742814805772,26.71629492441813,2021-11-01,0,43.13488978543722,0.0,0.0,344.74908447265625,26.5435152053833,0.0,0,8.741326e-05,0
LR0501,Commonwealth,Grand Cape Mount,14057.0,325.88468569,2021,12,0,0,0.0,46.546385023329,27.060105005900063,2021-12-01,0,43.13488978543722,0.0,0.0,123.30742814805772,26.71629492441813,0.0,0,0.0031855316,0
LR0501,Commonwealth,Grand Cape Mount,14057.0,325.88468569,2022,1,0,0,0.0,17.090557946099175,26.555450439453125,2022-01-01,0,43.13488978543722,0.0,0.0,46.546385023329,27.060105005900063,0.0,0,3.6920417e-05,0
LR0501,Commonwealth,Grand Cape Mount,14057.0,325.88468569,2022,2,0,0,0.0,33.58041848076714,26.90704886118571,2022-02-01,0,43.13488978543722,0.0,0.0,17.090557946099175,26.555450439453125,0.0,0,7.242204e-05,0
LR0501,Commonwealth,Grand Cape Mount,14057.0,325.88468569,2022,3,0,0,0.0,80.03332010904948,26.73569297790528,2022-03-01,0,43.13488978543722,0.0,0.0,33.58041848076714,26.90704886118571,0.0,0,3.1846816e-06,0
LR0501,Commonwealth,Grand Cape Mount,14057.0,325.88468569,2022,4,0,0,0.0,129.27175649007162,27.03445720672608,2022-04-01,0,43.13488978543722,0.0,0.0,80.03332010904948,26.73569297790528,0.0,0,1.2400398e-05,0
LR0501,Commonwealth,Grand Cape Mount,14057.0,325.88468569,2022,5,0,0,0.0,293.87220594618054,27.036979993184406,2022-05-01,0,43.13488978543722,0.0,0.0,129.27175649007162,27.03445720672608,0.0,1,9.008484e-05,0
LR0501,Commonwealth,Grand Cape Mount,14057.0,325.88468569,2022,6,0,0,0.0,808.8373209635416,26.31216017405192,2022-06-01,0,43.13488978543722,0.0,0.0,293.87220594618054,27.036979993184406,0.0,1,0.0057191267,0
LR0501,Commonwealth,Grand Cape Mount,14057.0,325.88468569,2022,7,0,0,0.0,433.7555406358507,25.284149169921875,2022-07-01,0,43.13488978543722,0.0,0.0,808.8373209635416,26.31216017405192,0.0,1,0.008159417,0
LR0501,Commonwealth,Grand Cape Mount,14057.0,325.88468569,2022,8,0,0,0.0,423.9315185546875,24.97136116027832,2022-08-01,0,43.13488978543722,0.0,0.0,433.7555406358507,25.284149169921875,0.0,1,8.192495e-05,0
LR0501,Commonwealth,Grand Cape Mount,14057.0,325.88468569,2022,9,0,0,0.0,463.313225640191,25.342915852864586,2022-09-01,0,43.13488978543722,0.0,0.0,423.9315185546875,24.97136116027832,0.0,1,8.4508225e-05,0
LR0501,Commonwealth,Grand Cape Mount,14057.0,325.88468569,2022,10,0,0,0.0,368.1159057617188,26.070162773132324,2022-10-01,0,43.13488978543722,0.0,0.0,463.313225640191,25.342915852864586,0.0,1,6.638898e-05,0
LR0501,Commonwealth,Grand Cape Mount,14057.0,325.88468569,2022,11,0,0,0.0,104.86382632785372,26.22921625773112,2022-11-01,0,43.13488978543722,0.0,0.0,368.1159057617188,26.070162773132324,0.0,0,7.5532384e-06,0
LR0501,Commonwealth,Grand Cape Mount,14057.0,325.88468569,2022,12,0,0,0.0,62.953133053249786,26.46553834279378,2022-12-01,0,43.13488978543722,0.0,0.0,104.86382632785372,26.22921625773112,0.0,0,9.4105535e-06,0
LR0501,Commonwealth,Grand Cape Mount,14057.0,325.88468569,2023,1,0,0,0.0,16.011932055155437,26.239760716756187,2023-01-01,0,43.13488978543722,0.0,0.0,62.953133053249786,26.46553834279378,0.0,0,1.883974e-05,0
LR0501,Commonwealth,Grand Cape Mount,14057.0,325.88468569,2023,2,0,0,0.0,18.28379673428005,26.744101524353027,2023-02-01,0,43.13488978543722,0.0,0.0,16.011932055155437,26.239760716756187,0.0,0,4.2297965e-05,0
LR0502,Garwula,Grand Cape Mount,33403.0,811.15405022,2020,4,0,0,0.0,222.4200104933519,27.29304658449613,2020-04-01,0,41.179600830373076,0.0,0.0,109.75743014995868,27.254013134883,0.0,0,0.00017020754,0
LR0502,Garwula,Grand Cape Mount,33403.0,811.15405022,2020,5,0,0,0.0,351.80954801119293,27.072979853703423,2020-05-01,0,41.179600830373076,0.0,0.0,222.4200104933519,27.29304658449613,0.0,1,0.0021241878,0
LR0502,Garwula,Grand Cape Mount,33403.0,811.15405022,2020,6,0,0,0.0,570.4985574575569,26.06007040463961,2020-06-01,0,41.179600830373076,0.0,0.0,351.80954801119293,27.072979853703423,0.0,1,0.0033631488,0
LR0502,Garwula,Grand Cape Mount,33403.0,811.15405022,2020,7,0,0,0.0,838.8465810922476,24.947905173668488,2020-07-01,0,41.179600830373076,0.0,0.0,570.4985574575569,26.06007040463961,0.0,1,0.00058803963,0
LR0502,Garwula,Grand Cape Mount,33403.0,811.15405022,2020,8,0,0,0.0,411.0540501521183,24.51715975541335,2020-08-01,0,41.179600830373076,0.0,0.0,838.8465810922476,24.947905173668488,0.0,1,0.000605359,0
LR0502,Garwula,Grand Cape Mount,33403.0,811.15405022,2020,9,0,0,0.0,449.7970616267278,25.22813004713792,2020-09-01,0,41.179600830373076,0.0,0.0,411.0540501521183,24.51715975541335,0.0,1,0.0004059734,0
LR0502,Garwula,Grand Cape Mount,33403.0,811.15405022,2020,10,0,0,0.0,322.0426436204176,25.97462023221529,2020-10-01,0,41.179600830373076,0.0,0.0,449.7970616267278,25.22813004713792,0.0,1,6.5088716e-05,0
LR0502,Garwula,Grand Cape Mount,33403.0,811.15405022,2020,11,0,0,0.0,151.6125992995042,26.28032148801364,2020-11-01,0,41.179600830373076,0.0,0.0,322.0426436204176,25.97462023221529,0.0,0,1.5786913e-05,0
LR0502,Garwula,Grand Cape Mount,33403.0,811.15405022,2020,12,0,0,0.0,73.43106607290412,26.438133019667408,2020-12-01,0,41.179600830373076,0.0,0.0,151.6125992995042,26.28032148801364,0.0,0,8.596848e-06,0
LR0502,Garwula,Grand Cape Mount,33403.0,811.15405022,2021,1,0,0,0.0,31.947489885183483,26.42972784775954,2021-01-01,0,41.179600830373076,0.0,0.0,73.43106607290412,26.438133019667408,0.0,0,3.1541473e-05,0
LR0502,Garwula,Grand Cape Mount,33403.0,811.15405022,2021,2,0,0,0.0,77.01599854689377,26.82163539299598,2021-02-01,0,41.179600830373076,0.0,0.0,31.947489885183483,26.42972784775954,0.0,0,2.1404283e-06,0
LR0502,Garwula,Grand Cape Mount,33403.0,811.15405022,2021,3,0,0,0.0,108.68670771672176,26.557224347041203,2021-03-01,0,41.179600830373076,0.0,0.0,77.01599854689377,26.82163539299598,0.0,0,3.4228278e-06,0
LR0502,Garwula,Grand Cape Mount,33403.0,811.15405022,2021,4,0,0,0.0,160.42533933199363,27.123064848092884,2021-04-01,0,41.179600830373076,0.0,0.0,108.68670771672176,26.557224347041203,0.0,0,1.5126912e-05,0
LR0502,Garwula,Grand Cape Mount,33403.0,811.15405022,2021,5,0,0,0.0,328.0725484994742,26.93149684025691,2021-05-01,0,41.179600830373076,0.0,0.0,160.42533933199363,27.123064848092884,0.0,1,0.00032257393,0
LR0502,Garwula,Grand Cape Mount,33403.0,811.15405022,2021,6,0,0,0.0,703.851794903095,26.15906414618859,2021-06-01,0,41.179600830373076,0.0,0.0,328.0725484994742,26.93149684025691,0.0,1,0.009704731,0
LR0502,Garwula,Grand Cape Mount,33403.0,811.15405022,2021,7,0,0,0.0,714.427250788762,25.233645879305325,2021-07-01,0,41.179600830373076,0.0,0.0,703.851794903095,26.15906414618859,0.0,1,0.0014038653,0
LR0502,Garwula,Grand Cape Mount,33403.0,811.15405022,2021,8,0,0,0.0,553.3659656231224,25.07617752368633,2021-08-01,0,41.179600830373076,0.0,0.0,714.427250788762,25.233645879305325,0.0,1,4.7761834e-05,0
LR0502,Garwula,Grand Cape Mount,33403.0,811.15405022,2021,9,0,0,0.0,476.7151500995343,25.479525786179764,2021-09-01,0,41.179600830373076,0.0,0.0,553.3659656231224,25.07617752368633,0.0,1,2.0365846e-05,0
LR0502,Garwula,Grand Cape Mount,33403.0,811.15405022,2021,10,0,0,0.0,337.063002366286,26.2743407029372,2021-10-01,0,41.179600830373076,0.0,0.0,476.7151500995343,25.479525786179764,0.0,1,0.00025289872,0
LR0502,Garwula,Grand Cape Mount,33403.0,811.15405022,2021,11,0,0,0.0,141.8742860647348,26.474082506619965,2021-11-01,0,41.179600830373076,0.0,0.0,337.063002366286,26.2743407029372,0.0,0,0.00014016728,0
LR0502,Garwula,Grand Cape Mount,33403.0,811.15405022,2021,12,0,0,0.0,42.33449349036584,26.79734406104454,2021-12-01,0,41.179600830373076,0.0,0.0,141.8742860647348,26.474082506619965,0.0,0,0.00071691186,0
LR0502,Garwula,Grand Cape Mount,33403.0,811.15405022,2022,1,0,0,0.0,16.872325530418983,26.088041012103744,2022-01-01,0,41.179600830373076,0.0,0.0,42.33449349036584,26.79734406104454,0.0,0,8.903557e-05,0
LR0502,Garwula,Grand Cape Mount,33403.0,811.15405022,2022,2,0,0,0.0,42.74009954012358,26.649642137380752,2022-02-01,0,41.179600830373076,0.0,0.0,16.872325530418983,26.088041012103744,0.0,0,1.2164325e-05,0
LR0502,Garwula,Grand Cape Mount,33403.0,811.15405022,2022,3,0,0,0.0,79.16583339984601,26.579784980187053,2022-03-01,0,41.179600830373076,0.0,0.0,42.74009954012358,26.649642137380752,0.0,0,2.3115597e-06,0
LR0502,Garwula,Grand Cape Mount,33403.0,811.15405022,2022,4,0,0,0.0,137.51183143028842,26.81349570934589,2022-04-01,0,41.179600830373076,0.0,0.0,79.16583339984601,26.579784980187053,0.0,0,4.656181e-06,0
LR0502,Garwula,Grand Cape Mount,33403.0,811.15405022,2022,5,0,0,0.0,246.8533219557542,26.760371721707862,2022-05-01,0,41.179600830373076,0.0,0.0,137.51183143028842,26.81349570934589,0.0,1,6.043415e-05,0
LR0502,Garwula,Grand Cape Mount,33403.0,811.15405022,2022,6,0,0,0.0,727.0915879469651,26.010976204505333,2022-06-01,0,41.179600830373076,0.0,0.0,246.8533219557542,26.760371721707862,0.0,1,0.00032208257,0
LR0502,Garwula,Grand Cape Mount,33403.0,811.15405022,2022,7,0,0,0.0,366.1386566162109,24.94606993748592,2022-07-01,0,41.179600830373076,0.0,0.0,727.0915879469651,26.010976204505333,0.0,1,0.003832755,0
LR0502,Garwula,Grand Cape Mount,33403.0,811.15405022,2022,8,0,0,0.0,498.4995434100811,24.644543280968296,2022-08-01,0,41.179600830373076,0.0,0.0,366.1386566162109,24.94606993748592,0.0,1,0.00036368228,0
LR0502,Garwula,Grand Cape Mount,33403.0,811.15405022,2022,9,0,0,0.0,442.2232443002554,25.043723399822525,2022-09-01,0,41.179600830373076,0.0,0.0,498.4995434100811,24.644543280968296,0.0,1,0.00015467146,0
LR0502,Garwula,Grand Cape Mount,33403.0,811.15405022,2022,10,0,0,0.0,347.804422231821,25.84885964026818,2022-10-01,0,41.179600830373076,0.0,0.0,442.2232443002554,25.043723399822525,0.0,1,7.1097056e-05,0
LR0502,Garwula,Grand Cape Mount,33403.0,811.15405022,2022,11,0,0,0.0,115.28591977632964,25.9838938346276,2022-11-01,0,41.179600830373076,0.0,0.0,347.804422231821,25.84885964026818,0.0,0,2.985944e-05,0
LR0502,Garwula,Grand Cape Mount,33403.0,811.15405022,2022,12,0,0,0.0,60.30729469886192,26.153783064622147,2022-12-01,0,41.179600830373076,0.0,0.0,115.28591977632964,25.9838938346276,0.0,0,2.4004981e-05,0
LR0502,Garwula,Grand Cape Mount,33403.0,811.15405022,2023,1,0,0,0.0,15.779152173262377,25.86658712533804,2023-01-01,0,41.179600830373076,0.0,0.0,60.30729469886192,26.153783064622147,0.0,0,3.067527e-05,0
LR0502,Garwula,Grand Cape Mount,33403.0,811.15405022,2023,2,0,0,0.0,23.620619773864743,26.61183782724234,2023-02-01,0,41.179600830373076,0.0,0.0,15.779152173262377,25.86658712533804,0.0,0,5.3697964e-05,0
LR0503,Golakonneh,Grand Cape Mount,45798.0,1798.19788397,2020,4,0,0,0.0,231.9985944112142,26.769996142778247,2020-04-01,0,25.46883210589078,0.0,0.0,115.95970802307131,26.78840005593221,0.0,0,0.00010404672,0
LR0503,Golakonneh,Grand Cape Mount,45798.0,1798.19788397,2020,5,0,0,0.0,256.2425043741862,26.467956105216608,2020-05-01,0,25.46883210589078,0.0,0.0,231.9985944112142,26.769996142778247,0.0,1,0.0006846583,0
LR0503,Golakonneh,Grand Cape Mount,45798.0,1798.19788397,2020,6,0,0,0.0,409.5454010009765,25.48894860314542,2020-06-01,0,25.46883210589078,0.0,0.0,256.2425043741862,26.467956105216608,0.0,1,0.005065734,0
LR0503,Golakonneh,Grand Cape Mount,45798.0,1798.19788397,2020,7,0,0,0.0,568.7323964436848,24.25677433951956,2020-07-01,0,25.46883210589078,0.0,0.0,409.5454010009765,25.48894860314542,0.0,1,0.02275457,0
LR0503,Golakonneh,Grand Cape Mount,45798.0,1798.19788397,2020,8,0,0,0.0,402.5805374145509,23.841048975459863,2020-08-01,0,25.46883210589078,0.0,0.0,568.7323964436848,24.25677433951956,0.0,1,0.0065744687,0
LR0503,Golakonneh,Grand Cape Mount,45798.0,1798.19788397,2020,9,5,5,10.9175073147299,436.8806055704752,24.70019978382548,2020-09-01,1,25.46883210589078,0.0,0.0,402.5805374145509,23.841048975459863,0.0,1,0.7379528,1
LR0503,Golakonneh,Grand Cape Mount,45798.0,1798.19788397,2020,10,3,3,6.5505043888379415,271.7113487243652,25.44506873459113,2020-10-01,0,25.46883210589078,5.0,10.9175073147299,436.8806055704752,24.70019978382548,1.6666666666666667,1,0.003236597,0
LR0503,Golakonneh,Grand Cape Mount,45798.0,1798.19788397,2020,11,1,1,2.18350146294598,111.1609883626302,25.64378322538782,2020-11-01,0,25.46883210589078,3.0,6.5505043888379415,271.7113487243652,25.44506873459113,2.6666666666666665,0,0.002009624,0
LR0503,Golakonneh,Grand Cape Mount,45798.0,1798.19788397,2020,12,3,3,6.5505043888379415,64.40540981292726,25.76969127967709,2020-12-01,0,25.46883210589078,1.0,2.18350146294598,111.1609883626302,25.64378322538782,3.0,0,0.000705044,0
LR0503,Golakonneh,Grand Cape Mount,45798.0,1798.19788397,2021,1,0,0,0.0,21.83833433787029,25.6385416750048,2021-01-01,0,25.46883210589078,3.0,6.5505043888379415,64.40540981292726,25.76969127967709,2.3333333333333335,0,0.011405358,0
LR0503,Golakonneh,Grand Cape Mount,45798.0,1798.19788397,2021,2,0,0,0.0,69.86206251780195,26.25928484807249,2021-02-01,0,25.46883210589078,0.0,0.0,21.83833433787029,25.6385416750048,1.3333333333333333,0,3.566091e-05,0
LR0503,Golakonneh,Grand Cape Mount,45798.0,1798.19788397,2021,3,0,0,0.0,95.99692128499348,26.19250988569415,2021-03-01,0,25.46883210589078,0.0,0.0,69.86206251780195,26.25928484807249,1.0,0,7.72612e-06,0
LR0503,Golakonneh,Grand Cape Mount,45798.0,1798.19788397,2021,4,3,3,6.5505043888379415,147.61058807373044,26.69509124755859,2021-04-01,0,25.46883210589078,0.0,0.0,95.99692128499348,26.19250988569415,0.0,0,5.7933617e-06,0
LR0503,Golakonneh,Grand Cape Mount,45798.0,1798.19788397,2021,5,0,0,0.0,259.9601567586263,26.377957891245355,2021-05-01,0,25.46883210589078,3.0,6.5505043888379415,147.61058807373044,26.69509124755859,1.0,1,0.0022960978,0
LR0503,Golakonneh,Grand Cape Mount,45798.0,1798.19788397,2021,6,10,10,21.835014629459803,489.9879740397136,25.54224011155424,2021-06-01,1,25.46883210589078,0.0,0.0,259.9601567586263,26.377957891245355,1.0,1,0.88521576,1
LR0503,Golakonneh,Grand Cape Mount,45798.0,1798.19788397,2021,7,9,9,19.65151316651382,550.5720438639322,24.55960007964588,2021-07-01,1,25.46883210589078,10.0,21.835014629459803,489.9879740397136,25.54224011155424,4.333333333333333,1,0.97998786,1
LR0503,Golakonneh,Grand Cape Mount,45798.0,1798.19788397,2021,8,5,5,10.9175073147299,600.2242492675782,24.371014423057684,2021-08-01,1,25.46883210589078,9.0,19.65151316651382,550.5720438639322,24.55960007964588,6.333333333333333,1,0.95955485,1
LR0503,Golakonneh,Grand Cape Mount,45798.0,1798.19788397,2021,9,0,0,0.0,460.1134129842121,24.91541062026728,2021-09-01,0,25.46883210589078,5.0,10.9175073147299,600.2242492675782,24.371014423057684,8.0,1,0.031394403,0
LR0503,Golakonneh,Grand Cape Mount,45798.0,1798.19788397,2021,10,0,0,0.0,299.5829767862956,25.72360220111784,2021-10-01,0,25.46883210589078,0.0,0.0,460.1134129842121,24.91541062026728,4.666666666666667,1,0.00014711019,0
LR0503,Golakonneh,Grand Cape Mount,45798.0,1798.19788397,2021,11,0,0,0.0,163.27930170694995,25.855762856905585,2021-11-01,0,25.46883210589078,0.0,0.0,299.5829767862956,25.72360220111784,1.6666666666666667,0,0.0011172472,0
LR0503,Golakonneh,Grand Cape Mount,45798.0,1798.19788397,2021,12,0,0,0.0,40.29260314305623,25.975069077288524,2021-12-01,0,25.46883210589078,0.0,0.0,163.27930170694995,25.855762856905585,0.0,0,0.0010144424,0
LR0503,Golakonneh,Grand Cape Mount,45798.0,1798.19788397,2022,1,1,1,2.18350146294598,9.786024777094529,24.92991653817599,2022-01-01,0,25.46883210589078,0.0,0.0,40.29260314305623,25.975069077288524,0.0,0,0.021026675,0
LR0503,Golakonneh,Grand Cape Mount,45798.0,1798.19788397,2022,2,0,0,0.0,40.80628547668456,25.95619948965604,2022-02-01,0,25.46883210589078,1.0,2.18350146294598,9.786024777094529,24.92991653817599,0.3333333333333333,0,0.00021375094,0
LR0503,Golakonneh,Grand Cape Mount,45798.0,1798.19788397,2022,3,3,3,6.5505043888379415,80.78933118184409,26.206737018022373,2022-03-01,0,25.46883210589078,0.0,0.0,40.80628547668456,25.95619948965604,0.3333333333333333,0,1.1394461e-05,0
LR0503,Golakonneh,Grand Cape Mount,45798.0,1798.19788397,2022,4,0,0,0.0,129.34350509643556,26.338753528282297,2022-04-01,0,25.46883210589078,3.0,6.5505043888379415,80.78933118184409,26.206737018022373,1.3333333333333333,0,0.0005302065,0
LR0503,Golakonneh,Grand Cape Mount,45798.0,1798.19788397,2022,5,0,0,0.0,200.3729955037435,26.149681904276857,2022-05-01,0,25.46883210589078,0.0,0.0,129.34350509643556,26.338753528282297,1.0,1,0.00011383197,0
LR0503,Golakonneh,Grand Cape Mount,45798.0,1798.19788397,2022,6,0,0,0.0,515.7387954711915,25.368303893042395,2022-06-01,0,25.46883210589078,0.0,0.0,200.3729955037435,26.149681904276857,1.0,1,0.009262442,0
LR0503,Golakonneh,Grand Cape Mount,45798.0,1798.19788397,2022,7,0,0,0.0,274.16627349853513,24.27208991128889,2022-07-01,0,25.46883210589078,0.0,0.0,515.7387954711915,25.368303893042395,0.0,1,0.019713221,0
LR0503,Golakonneh,Grand Cape Mount,45798.0,1798.19788397,2022,8,0,0,0.0,501.83019358317057,23.981159991905336,2022-08-01,0,25.46883210589078,0.0,0.0,274.16627349853513,24.27208991128889,0.0,1,0.0037263578,0
LR0503,Golakonneh,Grand Cape Mount,45798.0,1798.19788397,2022,9,0,0,0.0,418.204086303711,24.446453000678392,2022-09-01,0,25.46883210589078,0.0,0.0,501.83019358317057,23.981159991905336,0.0,1,0.011782517,0
LR0503,Golakonneh,Grand Cape Mount,45798.0,1798.19788397,2022,10,0,0,0.0,344.31303812662765,25.32296374586761,2022-10-01,0,25.46883210589078,0.0,0.0,418.204086303711,24.446453000678392,0.0,1,0.0028832448,0
LR0503,Golakonneh,Grand Cape Mount,45798.0,1798.19788397,2022,11,0,0,0.0,130.85352083841966,25.30960645831999,2022-11-01,0,25.46883210589078,0.0,0.0,344.31303812662765,25.32296374586761,0.0,0,0.00010323769,0
LR0503,Golakonneh,Grand Cape Mount,45798.0,1798.19788397,2022,12,0,0,0.0,40.86904163360596,25.247060744488824,2022-12-01,0,25.46883210589078,0.0,0.0,130.85352083841966,25.30960645831999,0.0,0,0.0075353463,0
LR0503,Golakonneh,Grand Cape Mount,45798.0,1798.19788397,2023,1,0,0,0.0,12.61387701034546,24.98803479554223,2023-01-01,0,25.46883210589078,0.0,0.0,40.86904163360596,25.247060744488824,0.0,0,0.0068105143,0
LR0503,Golakonneh,Grand Cape Mount,45798.0,1798.19788397,2023,2,0,0,0.0,23.37453718185425,26.23774387797372,2023-02-01,0,25.46883210589078,0.0,0.0,12.61387701034546,24.98803479554223,0.0,0,3.444906e-05,0
LR0504,Porkpa,Grand Cape Mount,51131.0,1266.30104766,2020,4,0,0,0.0,253.1892870122736,26.76152308394269,2020-04-01,0,40.37823398668513,0.0,0.0,108.07279534773392,26.802961954256386,0.0,0,2.7021097e-05,0
LR0504,Porkpa,Grand Cape Mount,51131.0,1266.30104766,2020,5,0,0,0.0,254.57125854492185,26.415277248475608,2020-05-01,0,40.37823398668513,0.0,0.0,253.1892870122736,26.76152308394269,0.0,1,0.0007428518,0
LR0504,Porkpa,Grand Cape Mount,51131.0,1266.30104766,2020,6,0,0,0.0,409.4420852661134,25.44969395893376,2020-06-01,0,40.37823398668513,0.0,0.0,254.57125854492185,26.415277248475608,0.0,1,0.002021623,0
LR0504,Porkpa,Grand Cape Mount,51131.0,1266.30104766,2020,7,0,0,0.0,543.3244004683061,24.189981600133382,2020-07-01,0,40.37823398668513,0.0,0.0,409.4420852661134,25.44969395893376,0.0,1,0.00062186056,0
LR0504,Porkpa,Grand Cape Mount,51131.0,1266.30104766,2020,8,0,0,0.0,385.4438691572708,23.812998608845035,2020-08-01,0,40.37823398668513,0.0,0.0,543.3244004683061,24.189981600133382,0.0,1,0.00010563808,0
LR0504,Porkpa,Grand Cape Mount,51131.0,1266.30104766,2020,9,0,0,0.0,407.60147857666016,24.67388850886648,2020-09-01,0,40.37823398668513,0.0,0.0,385.4438691572708,23.812998608845035,0.0,1,0.00033901175,0
LR0504,Porkpa,Grand Cape Mount,51131.0,1266.30104766,2020,10,0,0,0.0,262.98375424471766,25.42044481417028,2020-10-01,0,40.37823398668513,0.0,0.0,407.60147857666016,24.67388850886648,0.0,1,6.063365e-05,0
LR0504,Porkpa,Grand Cape Mount,51131.0,1266.30104766,2020,11,0,0,0.0,119.88816157254304,25.623582653883027,2020-11-01,0,40.37823398668513,0.0,0.0,262.98375424471766,25.42044481417028,0.0,0,1.2691762e-05,0
LR0504,Porkpa,Grand Cape Mount,51131.0,1266.30104766,2020,12,0,0,0.0,59.49520076404918,25.704702191236542,2020-12-01,0,40.37823398668513,0.0,0.0,119.88816157254304,25.623582653883027,0.0,0,1.4159527e-05,0
LR0504,Porkpa,Grand Cape Mount,51131.0,1266.30104766,2021,1,0,0,0.0,17.151690786535088,25.55217687095084,2021-01-01,0,40.37823398668513,0.0,0.0,59.49520076404918,25.704702191236542,0.0,0,0.00049065903,0
LR0504,Porkpa,Grand Cape Mount,51131.0,1266.30104766,2021,2,0,0,0.0,63.0829811963168,26.20603961479373,2021-02-01,0,40.37823398668513,0.0,0.0,17.151690786535088,25.55217687095084,0.0,0,6.83452e-06,0
LR0504,Porkpa,Grand Cape Mount,51131.0,1266.30104766,2021,3,0,0,0.0,82.14388361844149,26.23271546712736,2021-03-01,0,40.37823398668513,0.0,0.0,63.0829811963168,26.20603961479373,0.0,0,1.1423349e-06,0
LR0504,Porkpa,Grand Cape Mount,51131.0,1266.30104766,2021,4,0,0,0.0,142.42751589688388,26.747285098564333,2021-04-01,0,40.37823398668513,0.0,0.0,82.14388361844149,26.23271546712736,0.0,0,4.775325e-06,0
LR0504,Porkpa,Grand Cape Mount,51131.0,1266.30104766,2021,5,0,0,0.0,255.08898266878995,26.367945322176304,2021-05-01,0,40.37823398668513,0.0,0.0,142.42751589688388,26.747285098564333,0.0,1,6.873305e-05,0
LR0504,Porkpa,Grand Cape Mount,51131.0,1266.30104766,2021,6,0,0,0.0,473.6817980679598,25.50113738455424,2021-06-01,0,40.37823398668513,0.0,0.0,255.08898266878995,26.367945322176304,0.0,1,0.010731725,0
LR0504,Porkpa,Grand Cape Mount,51131.0,1266.30104766,2021,7,0,0,0.0,567.8885484175249,24.502860139055944,2021-07-01,0,40.37823398668513,0.0,0.0,473.6817980679598,25.50113738455424,0.0,1,0.0018575806,0
LR0504,Porkpa,Grand Cape Mount,51131.0,1266.30104766,2021,8,0,0,0.0,605.1593766645952,24.31212857874429,2021-08-01,0,40.37823398668513,0.0,0.0,567.8885484175249,24.502860139055944,0.0,1,0.00023525469,0
LR0504,Porkpa,Grand Cape Mount,51131.0,1266.30104766,2021,9,0,0,0.0,444.4644380049272,24.877637025786616,2021-09-01,0,40.37823398668513,0.0,0.0,605.1593766645952,24.31212857874429,0.0,1,0.002347936,0
LR0504,Porkpa,Grand Cape Mount,51131.0,1266.30104766,2021,10,0,0,0.0,305.757326299494,25.696743616243687,2021-10-01,0,40.37823398668513,0.0,0.0,444.4644380049272,24.877637025786616,0.0,1,3.272323e-05,0
LR0504,Porkpa,Grand Cape Mount,51131.0,1266.30104766,2021,11,0,0,0.0,181.74813877452505,25.81470489501953,2021-11-01,0,40.37823398668513,0.0,0.0,305.757326299494,25.696743616243687,0.0,0,1.6144446e-05,0
LR0504,Porkpa,Grand Cape Mount,51131.0,1266.30104766,2021,12,0,0,0.0,36.021749453111134,25.865191715519607,2021-12-01,0,40.37823398668513,0.0,0.0,181.74813877452505,25.81470489501953,0.0,0,0.0010233354,0
LR0504,Porkpa,Grand Cape Mount,51131.0,1266.30104766,2022,1,0,0,0.0,9.467323715036567,24.720637623856707,2022-01-01,0,40.37823398668513,0.0,0.0,36.021749453111134,25.865191715519607,0.0,0,0.0075623966,0
LR0504,Porkpa,Grand Cape Mount,51131.0,1266.30104766,2022,2,0,0,0.0,31.98534055189653,25.8586736074308,2022-02-01,0,40.37823398668513,0.0,0.0,9.467323715036567,24.720637623856707,0.0,0,4.997529e-06,0
LR0504,Porkpa,Grand Cape Mount,51131.0,1266.30104766,2022,3,0,0,0.0,68.89156714352694,26.220895534608427,2022-03-01,0,40.37823398668513,0.0,0.0,31.98534055189653,25.8586736074308,0.0,0,7.245836e-06,0
LR0504,Porkpa,Grand Cape Mount,51131.0,1266.30104766,2022,4,0,0,0.0,134.04618974165487,26.36829646040753,2022-04-01,0,40.37823398668513,0.0,0.0,68.89156714352694,26.220895534608427,0.0,0,3.3165e-06,0
LR0504,Porkpa,Grand Cape Mount,51131.0,1266.30104766,2022,5,0,0,0.0,193.8987697254528,26.141212184254723,2022-05-01,0,40.37823398668513,0.0,0.0,134.04618974165487,26.36829646040753,0.0,1,3.594556e-05,0
LR0504,Porkpa,Grand Cape Mount,51131.0,1266.30104766,2022,6,0,0,0.0,497.4118714766069,25.347040827681376,2022-06-01,0,40.37823398668513,0.0,0.0,193.8987697254528,26.141212184254723,0.0,1,0.00017034523,0
LR0504,Porkpa,Grand Cape Mount,51131.0,1266.30104766,2022,7,0,0,0.0,275.0659221302379,24.219014237566697,2022-07-01,0,40.37823398668513,0.0,0.0,497.4118714766069,25.347040827681376,0.0,1,0.0015229261,0
LR0504,Porkpa,Grand Cape Mount,51131.0,1266.30104766,2022,8,0,0,0.0,513.466219815341,23.94656288333056,2022-08-01,0,40.37823398668513,0.0,0.0,275.0659221302379,24.219014237566697,0.0,1,5.4402397e-05,0
LR0504,Porkpa,Grand Cape Mount,51131.0,1266.30104766,2022,9,0,0,0.0,429.5035511363636,24.41717585121713,2022-09-01,0,40.37823398668513,0.0,0.0,513.466219815341,23.94656288333056,0.0,1,0.00024120958,0
LR0504,Porkpa,Grand Cape Mount,51131.0,1266.30104766,2022,10,0,0,0.0,331.7366013960405,25.293557143792874,2022-10-01,0,40.37823398668513,0.0,0.0,429.5035511363636,24.41717585121713,0.0,1,0.00018099893,0
LR0504,Porkpa,Grand Cape Mount,51131.0,1266.30104766,2022,11,0,0,0.0,139.8533443104137,25.255891799926754,2022-11-01,0,40.37823398668513,0.0,0.0,331.7366013960405,25.293557143792874,0.0,0,2.9116436e-05,0
LR0504,Porkpa,Grand Cape Mount,51131.0,1266.30104766,2022,12,0,0,0.0,34.1869438344782,25.12964960423912,2022-12-01,0,40.37823398668513,0.0,0.0,139.8533443104137,25.255891799926754,0.0,0,0.0010039968,0
LR0504,Porkpa,Grand Cape Mount,51131.0,1266.30104766,2023,1,0,0,0.0,10.617063825780695,24.82135749444729,2023-01-01,0,40.37823398668513,0.0,0.0,34.1869438344782,25.12964960423912,0.0,0,0.0009062695,0
LR0504,Porkpa,Grand Cape Mount,51131.0,1266.30104766,2023,2,0,0,0.0,21.12893087213689,26.151958512096865,2023-02-01,0,40.37823398668513,0.0,0.0,10.617063825780695,24.82135749444729,0.0,0,1.1543427e-05,0
LR0505,Tewor,Grand Cape Mount,34478.0,625.18653147,2020,4,0,0,0.0,258.33741760253906,27.08551025390625,2020-04-01,0,55.1483409582288,0.0,0.0,100.44976501464843,27.067864990234376,0.0,0,8.005059e-05,0
LR0505,Tewor,Grand Cape Mount,34478.0,625.18653147,2020,5,0,0,0.0,360.9228485107422,26.85779190063477,2020-05-01,0,55.1483409582288,0.0,0.0,258.33741760253906,27.08551025390625,0.0,1,0.002701035,0
LR0505,Tewor,Grand Cape Mount,34478.0,625.18653147,2020,6,0,0,0.0,593.3960906982422,25.858430099487304,2020-06-01,0,55.1483409582288,0.0,0.0,360.9228485107422,26.85779190063477,0.0,1,0.0014749714,0
LR0505,Tewor,Grand Cape Mount,34478.0,625.18653147,2020,7,0,0,0.0,765.7492797851562,24.73970756530762,2020-07-01,0,55.1483409582288,0.0,0.0,593.3960906982422,25.858430099487304,0.0,1,0.00095844566,0
LR0505,Tewor,Grand Cape Mount,34478.0,625.18653147,2020,8,0,0,0.0,412.4435089111328,24.321702194213863,2020-08-01,0,55.1483409582288,0.0,0.0,765.7492797851562,24.73970756530762,0.0,1,0.00018644732,0
LR0505,Tewor,Grand Cape Mount,34478.0,625.18653147,2020,9,0,0,0.0,480.57578125,25.06744384765625,2020-09-01,0,55.1483409582288,0.0,0.0,412.4435089111328,24.321702194213863,0.0,1,0.00022852456,0
LR0505,Tewor,Grand Cape Mount,34478.0,625.18653147,2020,10,0,0,0.0,290.7767395019531,25.817485427856447,2020-10-01,0,55.1483409582288,0.0,0.0,480.57578125,25.06744384765625,0.0,1,5.253862e-05,0
LR0505,Tewor,Grand Cape Mount,34478.0,625.18653147,2020,11,0,0,0.0,149.14264450073242,26.200925827026367,2020-11-01,0,55.1483409582288,0.0,0.0,290.7767395019531,25.817485427856447,0.0,0,6.215496e-05,0
LR0505,Tewor,Grand Cape Mount,34478.0,625.18653147,2020,12,0,0,0.0,66.23531303405764,26.34687385559082,2020-12-01,0,55.1483409582288,0.0,0.0,149.14264450073242,26.200925827026367,0.0,0,2.1353726e-05,0
LR0505,Tewor,Grand Cape Mount,34478.0,625.18653147,2021,1,0,0,0.0,23.468385601043707,26.240636825561523,2021-01-01,0,55.1483409582288,0.0,0.0,66.23531303405764,26.34687385559082,0.0,0,2.8233055e-05,0
LR0505,Tewor,Grand Cape Mount,34478.0,625.18653147,2021,2,0,0,0.0,53.8984832763672,26.593155670166016,2021-02-01,0,55.1483409582288,0.0,0.0,23.468385601043707,26.240636825561523,0.0,0,5.435084e-06,0
LR0505,Tewor,Grand Cape Mount,34478.0,625.18653147,2021,3,0,0,0.0,84.8636421203613,26.358147811889648,2021-03-01,0,55.1483409582288,0.0,0.0,53.8984832763672,26.593155670166016,0.0,0,1.4512362e-06,0
LR0505,Tewor,Grand Cape Mount,34478.0,625.18653147,2021,4,0,0,0.0,141.14428939819337,26.951626586914063,2021-04-01,0,55.1483409582288,0.0,0.0,84.8636421203613,26.358147811889648,0.0,0,6.798947e-06,0
LR0505,Tewor,Grand Cape Mount,34478.0,625.18653147,2021,5,0,0,0.0,306.7525634765625,26.776173400878907,2021-05-01,0,55.1483409582288,0.0,0.0,141.14428939819337,26.951626586914063,0.0,1,7.588804e-05,0
LR0505,Tewor,Grand Cape Mount,34478.0,625.18653147,2021,6,0,0,0.0,681.9006530761718,25.98211212158203,2021-06-01,0,55.1483409582288,0.0,0.0,306.7525634765625,26.776173400878907,0.0,1,0.00086634164,0
LR0505,Tewor,Grand Cape Mount,34478.0,625.18653147,2021,7,0,0,0.0,719.5456146240234,25.02214584350586,2021-07-01,0,55.1483409582288,0.0,0.0,681.9006530761718,25.98211212158203,0.0,1,0.00070772565,0
LR0505,Tewor,Grand Cape Mount,34478.0,625.18653147,2021,8,0,0,0.0,622.1777084350585,24.816249465942384,2021-08-01,0,55.1483409582288,0.0,0.0,719.5456146240234,25.02214584350586,0.0,1,0.00062327634,0
LR0505,Tewor,Grand Cape Mount,34478.0,625.18653147,2021,9,0,0,0.0,448.04157104492185,25.30592956542969,2021-09-01,0,55.1483409582288,0.0,0.0,622.1777084350585,24.816249465942384,0.0,1,0.0001469655,0
LR0505,Tewor,Grand Cape Mount,34478.0,625.18653147,2021,10,0,0,0.0,325.56323547363286,26.0979866027832,2021-10-01,0,55.1483409582288,0.0,0.0,448.04157104492185,25.30592956542969,0.0,1,0.00034316716,0
LR0505,Tewor,Grand Cape Mount,34478.0,625.18653147,2021,11,0,0,0.0,151.76929397583012,26.3554744720459,2021-11-01,0,55.1483409582288,0.0,0.0,325.56323547363286,26.0979866027832,0.0,0,1.36706085e-05,0
LR0505,Tewor,Grand Cape Mount,34478.0,625.18653147,2021,12,0,0,0.0,37.09504890441895,26.7134521484375,2021-12-01,0,55.1483409582288,0.0,0.0,151.76929397583012,26.3554744720459,0.0,0,0.00044492143,0
LR0505,Tewor,Grand Cape Mount,34478.0,625.18653147,2022,1,0,0,0.0,12.986369943618774,25.800207901000977,2022-01-01,0,55.1483409582288,0.0,0.0,37.09504890441895,26.7134521484375,0.0,0,0.001271769,0
LR0505,Tewor,Grand Cape Mount,34478.0,625.18653147,2022,2,0,0,0.0,27.433569145202632,26.430453491210937,2022-02-01,0,55.1483409582288,0.0,0.0,12.986369943618774,25.800207901000977,0.0,0,4.2458203e-05,0
LR0505,Tewor,Grand Cape Mount,34478.0,625.18653147,2022,3,0,0,0.0,61.01378421783448,26.41188201904297,2022-03-01,0,55.1483409582288,0.0,0.0,27.433569145202632,26.430453491210937,0.0,0,3.7324153e-06,0
LR0505,Tewor,Grand Cape Mount,34478.0,625.18653147,2022,4,0,0,0.0,121.6306930541992,26.61983451843262,2022-04-01,0,55.1483409582288,0.0,0.0,61.01378421783448,26.41188201904297,0.0,0,1.3756419e-06,0
LR0505,Tewor,Grand Cape Mount,34478.0,625.18653147,2022,5,0,0,0.0,262.4342788696289,26.59398994445801,2022-05-01,0,55.1483409582288,0.0,0.0,121.6306930541992,26.61983451843262,0.0,1,4.035469e-05,0
LR0505,Tewor,Grand Cape Mount,34478.0,625.18653147,2022,6,0,0,0.0,728.7183135986328,25.83224716186524,2022-06-01,0,55.1483409582288,0.0,0.0,262.4342788696289,26.59398994445801,0.0,1,0.0003429392,0
LR0505,Tewor,Grand Cape Mount,34478.0,625.18653147,2022,7,0,0,0.0,385.5754104614258,24.72330207824707,2022-07-01,0,55.1483409582288,0.0,0.0,728.7183135986328,25.83224716186524,0.0,1,0.0015247654,0
LR0505,Tewor,Grand Cape Mount,34478.0,625.18653147,2022,8,0,0,0.0,565.5652786254883,24.434223175048828,2022-08-01,0,55.1483409582288,0.0,0.0,385.5754104614258,24.72330207824707,0.0,1,4.9910006e-05,0
LR0505,Tewor,Grand Cape Mount,34478.0,625.18653147,2022,9,0,0,0.0,512.5401657104492,24.84731330871582,2022-09-01,0,55.1483409582288,0.0,0.0,565.5652786254883,24.434223175048828,0.0,1,0.0003628764,0
LR0505,Tewor,Grand Cape Mount,34478.0,625.18653147,2022,10,0,0,0.0,335.82551727294924,25.723019409179688,2022-10-01,0,55.1483409582288,0.0,0.0,512.5401657104492,24.84731330871582,0.0,1,3.948353e-05,0
LR0505,Tewor,Grand Cape Mount,34478.0,625.18653147,2022,11,0,0,0.0,139.1383728027344,25.879447555542,2022-11-01,0,55.1483409582288,0.0,0.0,335.82551727294924,25.723019409179688,0.0,0,3.7559756e-05,0
LR0505,Tewor,Grand Cape Mount,34478.0,625.18653147,2022,12,0,0,0.0,45.977027320861815,26.040956878662108,2022-12-01,0,55.1483409582288,0.0,0.0,139.1383728027344,25.879447555542,0.0,0,0.002774842,0
LR0505,Tewor,Grand Cape Mount,34478.0,625.18653147,2023,1,0,0,0.0,13.102206230163574,25.581292343139648,2023-01-01,0,55.1483409582288,0.0,0.0,45.977027320861815,26.040956878662108,0.0,0,0.00034541154,0
LR0505,Tewor,Grand Cape Mount,34478.0,625.18653147,2023,2,0,0,0.0,17.138042974472043,26.427846908569336,2023-02-01,0,55.1483409582288,0.0,0.0,13.102206230163574,25.581292343139648,0.0,0,6.6076085e-05,0
LR0601,B'hai,Grand Gedeh,13013.0,614.68489925,2020,4,0,0,0.0,149.1112446032072,26.05385513305664,2020-04-01,0,21.170196332914063,0.0,0.0,281.54125976562494,26.19061756134033,0.0,0,0.00042171616,0
LR0601,B'hai,Grand Gedeh,13013.0,614.68489925,2020,5,0,0,0.0,212.94990941097865,26.022747421264647,2020-05-01,0,21.170196332914063,0.0,0.0,149.1112446032072,26.05385513305664,0.0,1,6.251072e-05,0
LR0601,B'hai,Grand Gedeh,13013.0,614.68489925,2020,6,0,0,0.0,274.08164576480266,24.85540561676025,2020-06-01,0,21.170196332914063,0.0,0.0,212.94990941097865,26.022747421264647,0.0,1,0.012599617,0
LR0601,B'hai,Grand Gedeh,13013.0,614.68489925,2020,7,0,0,0.0,163.23566316303453,23.67757730484009,2020-07-01,0,21.170196332914063,0.0,0.0,274.08164576480266,24.85540561676025,0.0,1,0.00046291237,0
LR0601,B'hai,Grand Gedeh,13013.0,614.68489925,2020,8,0,0,0.0,131.7177718313117,23.382952308654783,2020-08-01,0,21.170196332914063,0.0,0.0,163.23566316303453,23.67757730484009,0.0,1,0.00011648245,0
LR0601,B'hai,Grand Gedeh,13013.0,614.68489925,2020,9,0,0,0.0,372.69513421309614,24.266957759857178,2020-09-01,0,21.170196332914063,0.0,0.0,131.7177718313117,23.382952308654783,0.0,1,0.00087851606,0
LR0601,B'hai,Grand Gedeh,13013.0,614.68489925,2020,10,0,0,0.0,195.76901325426604,24.993391513824463,2020-10-01,0,21.170196332914063,0.0,0.0,372.69513421309614,24.266957759857178,0.0,1,9.225093e-05,0
LR0601,B'hai,Grand Gedeh,13013.0,614.68489925,2020,11,0,0,0.0,42.64681163587069,25.21934070587158,2020-11-01,0,21.170196332914063,0.0,0.0,195.76901325426604,24.993391513824463,0.0,0,0.0001129276,0
LR0601,B'hai,Grand Gedeh,13013.0,614.68489925,2020,12,0,0,0.0,77.11418995104337,25.164013195037843,2020-12-01,0,21.170196332914063,0.0,0.0,42.64681163587069,25.21934070587158,0.0,0,1.8106657e-06,0
LR0601,B'hai,Grand Gedeh,13013.0,614.68489925,2021,1,0,0,0.0,17.188163857710986,24.98143901824951,2021-01-01,0,21.170196332914063,0.0,0.0,77.11418995104337,25.164013195037843,0.0,0,6.636556e-05,0
LR0601,B'hai,Grand Gedeh,13013.0,614.68489925,2021,2,0,0,0.0,82.59957203112151,25.84251451492309,2021-02-01,0,21.170196332914063,0.0,0.0,17.188163857710986,24.98143901824951,0.0,0,2.1441997e-06,0
LR0601,B'hai,Grand Gedeh,13013.0,614.68489925,2021,3,0,0,0.0,188.1515454744038,25.49790773391724,2021-03-01,0,21.170196332914063,0.0,0.0,82.59957203112151,25.84251451492309,0.0,0,2.0517002e-05,0
LR0601,B'hai,Grand Gedeh,13013.0,614.68489925,2021,4,0,0,0.0,130.9474668000874,25.785773468017577,2021-04-01,0,21.170196332914063,0.0,0.0,188.1515454744038,25.49790773391724,0.0,0,2.3144068e-05,0
LR0601,B'hai,Grand Gedeh,13013.0,614.68489925,2021,5,0,0,0.0,163.07711069207443,25.78842420578003,2021-05-01,0,21.170196332914063,0.0,0.0,130.9474668000874,25.785773468017577,0.0,1,7.2947932e-06,0
LR0601,B'hai,Grand Gedeh,13013.0,614.68489925,2021,6,0,0,0.0,345.8921364232113,25.048026657104494,2021-06-01,0,21.170196332914063,0.0,0.0,163.07711069207443,25.78842420578003,0.0,1,7.007843e-05,0
LR0601,B'hai,Grand Gedeh,13013.0,614.68489925,2021,7,0,0,0.0,187.2172955964741,24.04512634277344,2021-07-01,0,21.170196332914063,0.0,0.0,345.8921364232113,25.048026657104494,0.0,1,0.0011816055,0
LR0601,B'hai,Grand Gedeh,13013.0,614.68489925,2021,8,3,3,23.05386920771536,361.81183985659953,24.02656736373901,2021-08-01,0,21.170196332914063,0.0,0.0,187.2172955964741,24.04512634277344,0.0,1,9.8720164e-05,0
LR0601,B'hai,Grand Gedeh,13013.0,614.68489925,2021,9,10,10,76.84623069238454,390.9736279939351,24.514506244659422,2021-09-01,1,21.170196332914063,3.0,23.05386920771536,361.81183985659953,24.02656736373901,1.0,1,0.92452496,1
LR0601,B'hai,Grand Gedeh,13013.0,614.68489925,2021,10,0,0,0.0,229.0952574077405,25.237577629089355,2021-10-01,0,21.170196332914063,10.0,76.84623069238454,390.9736279939351,24.514506244659422,4.333333333333333,1,0.007329409,0
LR0601,B'hai,Grand Gedeh,13013.0,614.68489925,2021,11,0,0,0.0,80.47634807385896,25.384043025970456,2021-11-01,0,21.170196332914063,0.0,0.0,229.0952574077405,25.237577629089355,4.333333333333333,0,0.00015586386,0
LR0601,B'hai,Grand Gedeh,13013.0,614.68489925,2021,12,0,0,0.0,22.10060892607036,25.23995838165283,2021-12-01,0,21.170196332914063,0.0,0.0,80.47634807385896,25.384043025970456,3.3333333333333335,0,0.0025020503,0
LR0601,B'hai,Grand Gedeh,13013.0,614.68489925,2022,1,0,0,0.0,13.757453165556257,24.18133354187012,2022-01-01,0,21.170196332914063,0.0,0.0,22.10060892607036,25.23995838165283,0.0,0,0.0052731866,0
LR0601,B'hai,Grand Gedeh,13013.0,614.68489925,2022,2,0,0,0.0,35.810740019145776,25.62476921081543,2022-02-01,0,21.170196332914063,0.0,0.0,13.757453165556257,24.18133354187012,0.0,0,1.8337769e-05,0
LR0601,B'hai,Grand Gedeh,13013.0,614.68489925,2022,3,0,0,0.0,123.97818916722348,25.989084243774418,2022-03-01,0,21.170196332914063,0.0,0.0,35.810740019145776,25.62476921081543,0.0,0,2.037324e-06,0
LR0601,B'hai,Grand Gedeh,13013.0,614.68489925,2022,4,0,0,0.0,160.38156609786185,25.97235012054443,2022-04-01,0,21.170196332914063,0.0,0.0,123.97818916722348,25.989084243774418,0.0,0,5.0766394e-06,0
LR0601,B'hai,Grand Gedeh,13013.0,614.68489925,2022,5,0,0,0.0,192.21605722527755,25.59879274368286,2022-05-01,0,21.170196332914063,0.0,0.0,160.38156609786185,25.97235012054443,0.0,1,5.40262e-06,0
LR0601,B'hai,Grand Gedeh,13013.0,614.68489925,2022,6,0,0,0.0,295.81833287289265,24.78747634887696,2022-06-01,0,21.170196332914063,0.0,0.0,192.21605722527755,25.59879274368286,0.0,1,0.00040304198,0
LR0601,B'hai,Grand Gedeh,13013.0,614.68489925,2022,7,0,0,0.0,129.81468562075966,23.81511287689209,2022-07-01,0,21.170196332914063,0.0,0.0,295.81833287289265,24.78747634887696,0.0,1,0.002106068,0
LR0601,B'hai,Grand Gedeh,13013.0,614.68489925,2022,8,0,0,0.0,224.2387952302632,23.51599292755127,2022-08-01,0,21.170196332914063,0.0,0.0,129.81468562075966,23.81511287689209,0.0,1,3.543669e-05,0
LR0601,B'hai,Grand Gedeh,13013.0,614.68489925,2022,9,0,0,0.0,322.228714792352,24.0106650352478,2022-09-01,0,21.170196332914063,0.0,0.0,224.2387952302632,23.51599292755127,0.0,1,0.0055513093,0
LR0601,B'hai,Grand Gedeh,13013.0,614.68489925,2022,10,0,0,0.0,213.8242524799548,24.942022323608395,2022-10-01,0,21.170196332914063,0.0,0.0,322.228714792352,24.0106650352478,0.0,1,0.00041852987,0
LR0601,B'hai,Grand Gedeh,13013.0,614.68489925,2022,11,0,0,0.0,76.57365196629574,24.839785289764404,2022-11-01,0,21.170196332914063,0.0,0.0,213.8242524799548,24.942022323608395,0.0,0,5.1574447e-05,0
LR0601,B'hai,Grand Gedeh,13013.0,614.68489925,2022,12,0,0,0.0,47.68617268612511,24.31156482696533,2022-12-01,0,21.170196332914063,0.0,0.0,76.57365196629574,24.839785289764404,0.0,0,2.5512978e-05,0
LR0601,B'hai,Grand Gedeh,13013.0,614.68489925,2023,1,0,0,0.0,18.52816240411056,24.264778232574464,2023-01-01,0,21.170196332914063,0.0,0.0,47.68617268612511,24.31156482696533,0.0,0,0.000109106455,0
LR0601,B'hai,Grand Gedeh,13013.0,614.68489925,2023,2,0,0,0.0,38.281994568674186,25.838333892822263,2023-02-01,0,21.170196332914063,0.0,0.0,18.52816240411056,24.264778232574464,0.0,0,1.25252045e-05,0
LR0602,Cavala,Grand Gedeh,34960.0,1279.38554453,2020,4,0,0,0.0,173.93122981144828,26.02765482525493,2020-04-01,0,27.325617480571925,0.0,0.0,233.1455535888672,26.042194322098133,0.0,0,7.341443e-05,0
LR0602,Cavala,Grand Gedeh,34960.0,1279.38554453,2020,5,0,0,0.0,201.26196132562103,25.989227383635768,2020-05-01,0,27.325617480571925,0.0,0.0,173.93122981144828,26.02765482525493,0.0,1,1.1103825e-05,0
LR0602,Cavala,Grand Gedeh,34960.0,1279.38554453,2020,6,0,0,0.0,284.4039251865484,24.865639265193494,2020-06-01,0,27.325617480571925,0.0,0.0,201.26196132562103,25.989227383635768,0.0,1,0.007682477,0
LR0602,Cavala,Grand Gedeh,34960.0,1279.38554453,2020,7,0,0,0.0,125.91025015024036,23.759577196697865,2020-07-01,0,27.325617480571925,0.0,0.0,284.4039251865484,24.865639265193494,0.0,1,0.0050601424,0
LR0602,Cavala,Grand Gedeh,34960.0,1279.38554453,2020,8,0,0,0.0,121.8544460198818,23.45013090621594,2020-08-01,0,27.325617480571925,0.0,0.0,125.91025015024036,23.759577196697865,0.0,1,8.185295e-05,0
LR0602,Cavala,Grand Gedeh,34960.0,1279.38554453,2020,9,0,0,0.0,350.9662303435497,24.330402596052306,2020-09-01,0,27.325617480571925,0.0,0.0,121.8544460198818,23.45013090621594,0.0,1,0.036905296,0
LR0602,Cavala,Grand Gedeh,34960.0,1279.38554453,2020,10,0,0,0.0,231.83415300418167,25.04008266537689,2020-10-01,0,27.325617480571925,0.0,0.0,350.9662303435497,24.330402596052306,0.0,1,0.000895146,0
LR0602,Cavala,Grand Gedeh,34960.0,1279.38554453,2020,11,0,0,0.0,61.65187923724834,25.30632072271304,2020-11-01,0,27.325617480571925,0.0,0.0,231.83415300418167,25.04008266537689,0.0,0,2.5358077e-05,0
LR0602,Cavala,Grand Gedeh,34960.0,1279.38554453,2020,12,0,0,0.0,80.77531041854468,25.24115096691043,2020-12-01,0,27.325617480571925,0.0,0.0,61.65187923724834,25.30632072271304,0.0,0,9.906417e-06,0
LR0602,Cavala,Grand Gedeh,34960.0,1279.38554453,2021,1,0,0,0.0,18.3179880288931,25.03340490474257,2021-01-01,0,27.325617480571925,0.0,0.0,80.77531041854468,25.24115096691043,0.0,0,0.0002276017,0
LR0602,Cavala,Grand Gedeh,34960.0,1279.38554453,2021,2,0,0,0.0,104.20897557185243,25.72182127486828,2021-02-01,0,27.325617480571925,0.0,0.0,18.3179880288931,25.03340490474257,0.0,0,4.518244e-06,0
LR0602,Cavala,Grand Gedeh,34960.0,1279.38554453,2021,3,0,0,0.0,159.29025503305283,25.390878810438995,2021-03-01,0,27.325617480571925,0.0,0.0,104.20897557185243,25.72182127486828,0.0,0,2.354936e-05,0
LR0602,Cavala,Grand Gedeh,34960.0,1279.38554453,2021,4,0,0,0.0,156.5392330854367,25.817149007043174,2021-04-01,0,27.325617480571925,0.0,0.0,159.29025503305283,25.390878810438995,0.0,0,5.682186e-06,0
LR0602,Cavala,Grand Gedeh,34960.0,1279.38554453,2021,5,0,0,0.0,166.82975886418268,25.78258847081384,2021-05-01,0,27.325617480571925,0.0,0.0,156.5392330854367,25.817149007043174,0.0,1,6.7312762e-06,0
LR0602,Cavala,Grand Gedeh,34960.0,1279.38554453,2021,6,0,0,0.0,301.9497211162861,25.06781941790914,2021-06-01,0,27.325617480571925,0.0,0.0,166.82975886418268,25.78258847081384,0.0,1,0.00017641345,0
LR0602,Cavala,Grand Gedeh,34960.0,1279.38554453,2021,7,0,0,0.0,186.6926578619541,24.018574470697448,2021-07-01,0,27.325617480571925,0.0,0.0,301.9497211162861,25.06781941790914,0.0,1,0.078163914,0
LR0602,Cavala,Grand Gedeh,34960.0,1279.38554453,2021,8,0,0,0.0,296.3996777656751,24.0804113787274,2021-08-01,0,27.325617480571925,0.0,0.0,186.6926578619541,24.018574470697448,0.0,1,0.0005789845,0
LR0602,Cavala,Grand Gedeh,34960.0,1279.38554453,2021,9,0,0,0.0,423.28340892302685,24.61140166881472,2021-09-01,0,27.325617480571925,0.0,0.0,296.3996777656751,24.0804113787274,0.0,1,0.044437345,0
LR0602,Cavala,Grand Gedeh,34960.0,1279.38554453,2021,10,0,0,0.0,196.65179834610376,25.30508214373921,2021-10-01,0,27.325617480571925,0.0,0.0,423.28340892302685,24.61140166881472,0.0,1,3.1556967e-05,0
LR0602,Cavala,Grand Gedeh,34960.0,1279.38554453,2021,11,0,0,0.0,75.47176126333383,25.39030673892,2021-11-01,0,27.325617480571925,0.0,0.0,196.65179834610376,25.30508214373921,0.0,0,3.1908818e-05,0
LR0602,Cavala,Grand Gedeh,34960.0,1279.38554453,2021,12,0,0,0.0,23.25899285536546,25.388142430505084,2021-12-01,0,27.325617480571925,0.0,0.0,75.47176126333383,25.39030673892,0.0,0,0.0021886795,0
LR0602,Cavala,Grand Gedeh,34960.0,1279.38554453,2022,1,23,23,65.78947368421052,15.126723509568434,24.314656102380088,2022-01-01,1,27.325617480571925,0.0,0.0,23.25899285536546,25.388142430505084,0.0,0,0.84441245,1
LR0602,Cavala,Grand Gedeh,34960.0,1279.38554453,2022,2,1,1,2.860411899313501,52.10371340238129,25.526173569435297,2022-02-01,0,27.325617480571925,23.0,65.78947368421052,15.126723509568434,24.314656102380088,7.666666666666667,0,0.004774162,0
LR0602,Cavala,Grand Gedeh,34960.0,1279.38554453,2022,3,0,0,0.0,119.95172490829076,25.81365394592285,2022-03-01,0,27.325617480571925,1.0,2.860411899313501,52.10371340238129,25.526173569435297,8.0,0,1.7312777e-05,0
LR0602,Cavala,Grand Gedeh,34960.0,1279.38554453,2022,4,0,0,0.0,184.1494559263572,25.81705656716989,2022-04-01,0,27.325617480571925,0.0,0.0,119.95172490829076,25.81365394592285,8.0,0,1.8153885e-05,0
LR0602,Cavala,Grand Gedeh,34960.0,1279.38554453,2022,5,0,0,0.0,190.91226900540863,25.53755480744117,2022-05-01,0,27.325617480571925,0.0,0.0,184.1494559263572,25.81705656716989,0.3333333333333333,1,0.0016702812,0
LR0602,Cavala,Grand Gedeh,34960.0,1279.38554453,2022,6,0,0,0.0,250.79519966321115,24.809197714162423,2022-06-01,0,27.325617480571925,0.0,0.0,190.91226900540863,25.53755480744117,0.0,1,0.0015657218,0
LR0602,Cavala,Grand Gedeh,34960.0,1279.38554453,2022,7,0,0,0.0,84.66573607615933,23.820469701012907,2022-07-01,0,27.325617480571925,0.0,0.0,250.79519966321115,24.809197714162423,0.0,1,0.00010558431,0
LR0602,Cavala,Grand Gedeh,34960.0,1279.38554453,2022,8,0,0,0.0,207.433587098733,23.561259646748383,2022-08-01,0,27.325617480571925,0.0,0.0,84.66573607615933,23.820469701012907,0.0,1,2.5404865e-05,0
LR0602,Cavala,Grand Gedeh,34960.0,1279.38554453,2022,9,0,0,0.0,307.14361181014624,24.07116193549578,2022-09-01,0,27.325617480571925,0.0,0.0,207.433587098733,23.561259646748383,0.0,1,0.0013786335,0
LR0602,Cavala,Grand Gedeh,34960.0,1279.38554453,2022,10,0,0,0.0,247.06552241398737,25.01564362991688,2022-10-01,0,27.325617480571925,0.0,0.0,307.14361181014624,24.07116193549578,0.0,1,0.00024462806,0
LR0602,Cavala,Grand Gedeh,34960.0,1279.38554453,2022,11,0,0,0.0,87.33394896678436,24.93493670086528,2022-11-01,0,27.325617480571925,0.0,0.0,247.06552241398737,25.01564362991688,0.0,0,0.00011651911,0
LR0602,Cavala,Grand Gedeh,34960.0,1279.38554453,2022,12,0,0,0.0,65.18141281910432,24.448342700337253,2022-12-01,0,27.325617480571925,0.0,0.0,87.33394896678436,24.93493670086528,0.0,0,5.253967e-05,0
LR0602,Cavala,Grand Gedeh,34960.0,1279.38554453,2023,1,0,0,0.0,25.71106578142215,24.214230559593027,2023-01-01,0,27.325617480571925,0.0,0.0,65.18141281910432,24.448342700337253,0.0,0,0.000211397,0
LR0602,Cavala,Grand Gedeh,34960.0,1279.38554453,2023,2,0,0,0.0,46.36175801203801,25.651845444080447,2023-02-01,0,27.325617480571925,0.0,0.0,25.71106578142215,24.214230559593027,0.0,0,7.3453066e-06,0
LR0603,Gbao,Grand Gedeh,19211.0,1758.28097322,2020,4,0,0,0.0,178.82985208802302,26.120676810281324,2020-04-01,0,10.926012561472605,0.0,0.0,253.26862580897443,26.20800165544477,0.0,0,0.00013608356,0
LR0603,Gbao,Grand Gedeh,19211.0,1758.28097322,2020,5,0,0,0.0,223.26194168349443,26.037585007516963,2020-05-01,0,10.926012561472605,0.0,0.0,178.82985208802302,26.120676810281324,0.0,1,8.0140184e-05,0
LR0603,Gbao,Grand Gedeh,19211.0,1758.28097322,2020,6,0,0,0.0,330.6552930928893,24.88409992686489,2020-06-01,0,10.926012561472605,0.0,0.0,223.26194168349443,26.037585007516963,0.0,1,0.007912837,0
LR0603,Gbao,Grand Gedeh,19211.0,1758.28097322,2020,7,0,0,0.0,152.32544708251947,23.7531606105336,2020-07-01,0,10.926012561472605,0.0,0.0,330.6552930928893,24.88409992686489,0.0,1,0.00027197358,0
LR0603,Gbao,Grand Gedeh,19211.0,1758.28097322,2020,8,0,0,0.0,117.7806918903933,23.476219043397062,2020-08-01,0,10.926012561472605,0.0,0.0,152.32544708251947,23.7531606105336,0.0,1,2.0688487e-05,0
LR0603,Gbao,Grand Gedeh,19211.0,1758.28097322,2020,9,0,0,0.0,341.4526393049854,24.33210245768228,2020-09-01,0,10.926012561472605,0.0,0.0,117.7806918903933,23.476219043397062,0.0,1,0.00091038045,0
LR0603,Gbao,Grand Gedeh,19211.0,1758.28097322,2020,10,0,0,0.0,236.5639224294888,25.094131871273635,2020-10-01,0,10.926012561472605,0.0,0.0,341.4526393049854,24.33210245768228,0.0,1,5.613896e-05,0
LR0603,Gbao,Grand Gedeh,19211.0,1758.28097322,2020,11,0,0,0.0,57.67380827564304,25.36380306043124,2020-11-01,0,10.926012561472605,0.0,0.0,236.5639224294888,25.094131871273635,0.0,0,1.6722555e-05,0
LR0603,Gbao,Grand Gedeh,19211.0,1758.28097322,2020,12,0,0,0.0,89.56192572642179,25.35311611911706,2020-12-01,0,10.926012561472605,0.0,0.0,57.67380827564304,25.36380306043124,0.0,0,2.1817577e-06,0
LR0603,Gbao,Grand Gedeh,19211.0,1758.28097322,2021,1,0,0,0.0,24.15674212827521,25.120764213695857,2021-01-01,0,10.926012561472605,0.0,0.0,89.56192572642179,25.35311611911706,0.0,0,0.00078986376,0
LR0603,Gbao,Grand Gedeh,19211.0,1758.28097322,2021,2,0,0,0.0,108.92930137504965,25.846466064453125,2021-02-01,0,10.926012561472605,0.0,0.0,24.15674212827521,25.120764213695857,0.0,0,1.0985299e-06,0
LR0603,Gbao,Grand Gedeh,19211.0,1758.28097322,2021,3,0,0,0.0,184.6666420112222,25.46070035298665,2021-03-01,0,10.926012561472605,0.0,0.0,108.92930137504965,25.846466064453125,0.0,0,1.5677464e-05,0
LR0603,Gbao,Grand Gedeh,19211.0,1758.28097322,2021,4,0,0,0.0,161.78968474824546,25.87510771500437,2021-04-01,0,10.926012561472605,0.0,0.0,184.6666420112222,25.46070035298665,0.0,0,5.3602603e-06,0
LR0603,Gbao,Grand Gedeh,19211.0,1758.28097322,2021,5,0,0,0.0,204.4040302341268,25.850895831459447,2021-05-01,0,10.926012561472605,0.0,0.0,161.78968474824546,25.87510771500437,0.0,1,9.491182e-06,0
LR0603,Gbao,Grand Gedeh,19211.0,1758.28097322,2021,6,0,0,0.0,352.47181468898964,25.132193682486548,2021-06-01,0,10.926012561472605,0.0,0.0,204.4040302341268,25.850895831459447,0.0,1,5.660385e-05,0
LR0603,Gbao,Grand Gedeh,19211.0,1758.28097322,2021,7,0,0,0.0,194.2346799171577,24.0694422470896,2021-07-01,0,10.926012561472605,0.0,0.0,352.47181468898964,25.132193682486548,0.0,1,0.00017786806,0
LR0603,Gbao,Grand Gedeh,19211.0,1758.28097322,2021,8,0,0,0.0,340.9617754402808,24.12480638738264,2021-08-01,0,10.926012561472605,0.0,0.0,194.2346799171577,24.0694422470896,0.0,1,0.00014756538,0
LR0603,Gbao,Grand Gedeh,19211.0,1758.28097322,2021,9,0,0,0.0,426.2276388911878,24.620850445931413,2021-09-01,0,10.926012561472605,0.0,0.0,340.9617754402808,24.12480638738264,0.0,1,0.0048430557,0
LR0603,Gbao,Grand Gedeh,19211.0,1758.28097322,2021,10,2,2,10.410702201863517,216.16956419863945,25.3344217936198,2021-10-01,0,10.926012561472605,0.0,0.0,426.2276388911878,24.620850445931413,0.0,1,1.738828e-05,0
LR0603,Gbao,Grand Gedeh,19211.0,1758.28097322,2021,11,0,0,0.0,83.6165818036613,25.48413929186369,2021-11-01,0,10.926012561472605,2.0,10.410702201863517,216.16956419863945,25.3344217936198,0.6666666666666666,0,0.00015757023,0
LR0603,Gbao,Grand Gedeh,19211.0,1758.28097322,2021,12,0,0,0.0,26.76272217702057,25.49936217592473,2021-12-01,0,10.926012561472605,0.0,0.0,83.6165818036613,25.48413929186369,0.6666666666666666,0,0.0040799147,0
LR0603,Gbao,Grand Gedeh,19211.0,1758.28097322,2022,1,0,0,0.0,18.74718594955186,24.473732797723063,2022-01-01,0,10.926012561472605,0.0,0.0,26.76272217702057,25.49936217592473,0.6666666666666666,0,0.004166735,0
LR0603,Gbao,Grand Gedeh,19211.0,1758.28097322,2022,2,0,0,0.0,58.36503976078357,25.64848096747148,2022-02-01,0,10.926012561472605,0.0,0.0,18.74718594955186,24.473732797723063,0.0,0,3.3035642e-06,0
LR0603,Gbao,Grand Gedeh,19211.0,1758.28097322,2022,3,0,0,0.0,139.1897161451437,25.92384475574159,2022-03-01,0,10.926012561472605,0.0,0.0,58.36503976078357,25.64848096747148,0.0,0,2.308636e-06,0
LR0603,Gbao,Grand Gedeh,19211.0,1758.28097322,2022,4,0,0,0.0,192.25190346927965,25.934534206725004,2022-04-01,0,10.926012561472605,0.0,0.0,139.1897161451437,25.92384475574159,0.0,0,7.637639e-06,0
LR0603,Gbao,Grand Gedeh,19211.0,1758.28097322,2022,5,0,0,0.0,214.0374000678628,25.650150432921297,2022-05-01,0,10.926012561472605,0.0,0.0,192.25190346927965,25.934534206725004,0.0,1,5.5767698e-05,0
LR0603,Gbao,Grand Gedeh,19211.0,1758.28097322,2022,6,0,0,0.0,334.5320845781747,24.834676407931145,2022-06-01,0,10.926012561472605,0.0,0.0,214.0374000678628,25.650150432921297,0.0,1,0.0024118642,0
LR0603,Gbao,Grand Gedeh,19211.0,1758.28097322,2022,7,0,0,0.0,81.98514143087097,23.842503162852505,2022-07-01,0,10.926012561472605,0.0,0.0,334.5320845781747,24.834676407931145,0.0,1,0.00017941878,0
LR0603,Gbao,Grand Gedeh,19211.0,1758.28097322,2022,8,0,0,0.0,215.05262264962928,23.59875709132145,2022-08-01,0,10.926012561472605,0.0,0.0,81.98514143087097,23.842503162852505,0.0,1,1.0241182e-05,0
LR0603,Gbao,Grand Gedeh,19211.0,1758.28097322,2022,9,0,0,0.0,298.8515242237156,24.081623780099967,2022-09-01,0,10.926012561472605,0.0,0.0,215.05262264962928,23.59875709132145,0.0,1,0.00086082355,0
LR0603,Gbao,Grand Gedeh,19211.0,1758.28097322,2022,10,0,0,0.0,273.520555916479,25.06861188118918,2022-10-01,0,10.926012561472605,0.0,0.0,298.8515242237156,24.081623780099967,0.0,1,0.00012747745,0
LR0603,Gbao,Grand Gedeh,19211.0,1758.28097322,2022,11,0,0,0.0,113.2565149856826,25.012662084479075,2022-11-01,0,10.926012561472605,0.0,0.0,273.520555916479,25.06861188118918,0.0,0,9.072546e-06,0
LR0603,Gbao,Grand Gedeh,19211.0,1758.28097322,2022,12,0,0,0.0,69.9774127895549,24.59629513924581,2022-12-01,0,10.926012561472605,0.0,0.0,113.2565149856826,25.012662084479075,0.0,0,0.00013012125,0
LR0603,Gbao,Grand Gedeh,19211.0,1758.28097322,2023,1,0,0,0.0,26.012963957705747,24.452372366921946,2023-01-01,0,10.926012561472605,0.0,0.0,69.9774127895549,24.59629513924581,0.0,0,2.4702567e-05,0
LR0603,Gbao,Grand Gedeh,19211.0,1758.28097322,2023,2,0,0,0.0,42.658577676546784,25.87250381603576,2023-02-01,0,10.926012561472605,0.0,0.0,26.012963957705747,24.452372366921946,0.0,0,4.346049e-06,0
LR0604,Gboe-Ploe,Grand Gedeh,6464.0,1650.0478397,2020,4,0,0,0.0,178.69022938121446,26.2139091162846,2020-04-01,0,3.9174621756271253,0.0,0.0,265.6115803111684,26.34395326417068,0.0,0,0.00011882627,0
LR0604,Gboe-Ploe,Grand Gedeh,6464.0,1650.0478397,2020,5,0,0,0.0,241.6622400457209,26.099374738232843,2020-05-01,0,3.9174621756271253,0.0,0.0,178.69022938121446,26.2139091162846,0.0,1,0.00034164859,0
LR0604,Gboe-Ploe,Grand Gedeh,6464.0,1650.0478397,2020,6,0,0,0.0,365.3893299449573,24.93269857867011,2020-06-01,0,3.9174621756271253,0.0,0.0,241.6622400457209,26.099374738232843,0.0,1,0.0068308613,0
LR0604,Gboe-Ploe,Grand Gedeh,6464.0,1650.0478397,2020,7,0,0,0.0,195.63042713512075,23.78849486646981,2020-07-01,0,3.9174621756271253,0.0,0.0,365.3893299449573,24.93269857867011,0.0,1,0.00015034404,0
LR0604,Gboe-Ploe,Grand Gedeh,6464.0,1650.0478397,2020,8,0,0,0.0,126.1758926391602,23.53012844611857,2020-08-01,0,3.9174621756271253,0.0,0.0,195.63042713512075,23.78849486646981,0.0,1,2.8337361e-05,0
LR0604,Gboe-Ploe,Grand Gedeh,6464.0,1650.0478397,2020,9,0,0,0.0,379.7841203169389,24.365178305527262,2020-09-01,0,3.9174621756271253,0.0,0.0,126.1758926391602,23.53012844611857,0.0,1,0.00027823463,0
LR0604,Gboe-Ploe,Grand Gedeh,6464.0,1650.0478397,2020,10,0,0,0.0,240.07677529074928,25.16041906948748,2020-10-01,0,3.9174621756271253,0.0,0.0,379.7841203169389,24.365178305527262,0.0,1,6.785768e-05,0
LR0604,Gboe-Ploe,Grand Gedeh,6464.0,1650.0478397,2020,11,0,0,0.0,60.203562441739166,25.433531004807044,2020-11-01,0,3.9174621756271253,0.0,0.0,240.07677529074928,25.16041906948748,0.0,0,5.9740425e-05,0
LR0604,Gboe-Ploe,Grand Gedeh,6464.0,1650.0478397,2020,12,0,0,0.0,96.3274124145508,25.46049884269977,2020-12-01,0,3.9174621756271253,0.0,0.0,60.203562441739166,25.433531004807044,0.0,0,1.3406134e-05,0
LR0604,Gboe-Ploe,Grand Gedeh,6464.0,1650.0478397,2021,1,0,0,0.0,23.96842767542059,25.21066001365925,2021-01-01,0,3.9174621756271253,0.0,0.0,96.3274124145508,25.46049884269977,0.0,0,0.00199744,0
LR0604,Gboe-Ploe,Grand Gedeh,6464.0,1650.0478397,2021,2,0,0,0.0,110.94475014426487,25.9538868213522,2021-02-01,0,3.9174621756271253,0.0,0.0,23.96842767542059,25.21066001365925,0.0,0,6.4071055e-06,0
LR0604,Gboe-Ploe,Grand Gedeh,6464.0,1650.0478397,2021,3,0,0,0.0,216.32035910866475,25.530853764764192,2021-03-01,0,3.9174621756271253,0.0,0.0,110.94475014426487,25.9538868213522,0.0,0,0.00038631118,0
LR0604,Gboe-Ploe,Grand Gedeh,6464.0,1650.0478397,2021,4,0,0,0.0,151.42794022993613,25.948803770131075,2021-04-01,0,3.9174621756271253,0.0,0.0,216.32035910866475,25.530853764764192,0.0,0,0.0002851485,0
LR0604,Gboe-Ploe,Grand Gedeh,6464.0,1650.0478397,2021,5,0,0,0.0,221.34245633212004,25.92996912989123,2021-05-01,0,3.9174621756271253,0.0,0.0,151.42794022993613,25.948803770131075,0.0,1,6.362465e-05,0
LR0604,Gboe-Ploe,Grand Gedeh,6464.0,1650.0478397,2021,6,0,0,0.0,407.01611328124994,25.20634598567569,2021-06-01,0,3.9174621756271253,0.0,0.0,221.34245633212004,25.92996912989123,0.0,1,0.00083052885,0
LR0604,Gboe-Ploe,Grand Gedeh,6464.0,1650.0478397,2021,7,0,0,0.0,216.0792189164595,24.141574267683367,2021-07-01,0,3.9174621756271253,0.0,0.0,407.01611328124994,25.20634598567569,0.0,1,0.00020471956,0
LR0604,Gboe-Ploe,Grand Gedeh,6464.0,1650.0478397,2021,8,0,0,0.0,364.3791553844106,24.193886066305232,2021-08-01,0,3.9174621756271253,0.0,0.0,216.0792189164595,24.141574267683367,0.0,1,8.422744e-05,0
LR0604,Gboe-Ploe,Grand Gedeh,6464.0,1650.0478397,2021,9,0,0,0.0,428.3288529829546,24.660767818319385,2021-09-01,0,3.9174621756271253,0.0,0.0,364.3791553844106,24.193886066305232,0.0,1,0.0014744126,0
LR0604,Gboe-Ploe,Grand Gedeh,6464.0,1650.0478397,2021,10,0,0,0.0,222.17260409268465,25.387430388351973,2021-10-01,0,3.9174621756271253,0.0,0.0,428.3288529829546,24.660767818319385,0.0,1,4.912722e-05,0
LR0604,Gboe-Ploe,Grand Gedeh,6464.0,1650.0478397,2021,11,0,0,0.0,103.11566148237746,25.57870302529171,2021-11-01,0,3.9174621756271253,0.0,0.0,222.17260409268465,25.387430388351973,0.0,0,9.202144e-05,0
LR0604,Gboe-Ploe,Grand Gedeh,6464.0,1650.0478397,2021,12,0,0,0.0,34.05471902327104,25.61437455539045,2021-12-01,0,3.9174621756271253,0.0,0.0,103.11566148237746,25.57870302529171,0.0,0,0.0009207175,0
LR0604,Gboe-Ploe,Grand Gedeh,6464.0,1650.0478397,2022,1,0,0,0.0,20.404589184847744,24.63008170292296,2022-01-01,0,3.9174621756271253,0.0,0.0,34.05471902327104,25.61437455539045,0.0,0,0.00019780983,0
LR0604,Gboe-Ploe,Grand Gedeh,6464.0,1650.0478397,2022,2,0,0,0.0,62.90872816606001,25.754183473258184,2022-02-01,0,3.9174621756271253,0.0,0.0,20.404589184847744,24.63008170292296,0.0,0,8.525035e-06,0
LR0604,Gboe-Ploe,Grand Gedeh,6464.0,1650.0478397,2022,3,0,0,0.0,163.21983434503727,26.01446743669181,2022-03-01,0,3.9174621756271253,0.0,0.0,62.90872816606001,25.754183473258184,0.0,0,3.0143e-05,0
LR0604,Gboe-Ploe,Grand Gedeh,6464.0,1650.0478397,2022,4,0,0,0.0,185.09508999911225,26.03788500818713,2022-04-01,0,3.9174621756271253,0.0,0.0,163.21983434503727,26.01446743669181,0.0,0,3.3338718e-05,0
LR0604,Gboe-Ploe,Grand Gedeh,6464.0,1650.0478397,2022,5,0,0,0.0,232.5779876708984,25.75783887402765,2022-05-01,0,3.9174621756271253,0.0,0.0,185.09508999911225,26.03788500818713,0.0,1,6.610419e-05,0
LR0604,Gboe-Ploe,Grand Gedeh,6464.0,1650.0478397,2022,6,0,0,0.0,410.6714410955256,24.888429641723626,2022-06-01,0,3.9174621756271253,0.0,0.0,232.5779876708984,25.75783887402765,0.0,1,0.00031623273,0
LR0604,Gboe-Ploe,Grand Gedeh,6464.0,1650.0478397,2022,7,0,0,0.0,96.68961250998755,23.895499426743083,2022-07-01,0,3.9174621756271253,0.0,0.0,410.6714410955256,24.888429641723626,0.0,1,0.00014002489,0
LR0604,Gboe-Ploe,Grand Gedeh,6464.0,1650.0478397,2022,8,0,0,0.0,229.855717606978,23.660254511339907,2022-08-01,0,3.9174621756271253,0.0,0.0,96.68961250998755,23.895499426743083,0.0,1,1.9705936e-05,0
LR0604,Gboe-Ploe,Grand Gedeh,6464.0,1650.0478397,2022,9,0,0,0.0,316.57404174804685,24.12339351917135,2022-09-01,0,3.9174621756271253,0.0,0.0,229.855717606978,23.660254511339907,0.0,1,0.00083342363,0
LR0604,Gboe-Ploe,Grand Gedeh,6464.0,1650.0478397,2022,10,0,0,0.0,268.57305297851553,25.13459057643496,2022-10-01,0,3.9174621756271253,0.0,0.0,316.57404174804685,24.12339351917135,0.0,1,0.00011005136,0
LR0604,Gboe-Ploe,Grand Gedeh,6464.0,1650.0478397,2022,11,0,0,0.0,142.45986022949216,25.098777113289668,2022-11-01,0,3.9174621756271253,0.0,0.0,268.57305297851553,25.13459057643496,0.0,0,4.0603598e-05,0
LR0604,Gboe-Ploe,Grand Gedeh,6464.0,1650.0478397,2022,12,0,0,0.0,60.79744644165037,24.74076964937407,2022-12-01,0,3.9174621756271253,0.0,0.0,142.45986022949216,25.098777113289668,0.0,0,8.399491e-05,0
LR0604,Gboe-Ploe,Grand Gedeh,6464.0,1650.0478397,2023,1,0,0,0.0,23.913737210360445,24.64960062092748,2023-01-01,0,3.9174621756271253,0.0,0.0,60.79744644165037,24.74076964937407,0.0,0,1.1914633e-05,0
LR0604,Gboe-Ploe,Grand Gedeh,6464.0,1650.0478397,2023,2,0,0,0.0,34.41309547424316,26.040418032942146,2023-02-01,0,3.9174621756271253,0.0,0.0,23.913737210360445,24.64960062092748,0.0,0,3.696731e-05,0
LR0605,Glio-Twarbo,Grand Gedeh,6659.0,1406.32907778,2020,4,0,0,0.0,159.59542150082794,26.12709273232354,2020-04-01,0,4.735022623944994,0.0,0.0,216.2169186135997,26.073112911648224,0.0,0,0.00049754366,0
LR0605,Glio-Twarbo,Grand Gedeh,6659.0,1406.32907778,2020,5,0,0,0.0,207.80723306407103,25.991060045030387,2020-05-01,0,4.735022623944994,0.0,0.0,159.59542150082794,26.12709273232354,0.0,1,2.4162471e-05,0
LR0605,Glio-Twarbo,Grand Gedeh,6659.0,1406.32907778,2020,6,0,0,0.0,250.23425060769785,24.87675438986884,2020-06-01,0,4.735022623944994,0.0,0.0,207.80723306407103,25.991060045030387,0.0,1,0.0016026611,0
LR0605,Glio-Twarbo,Grand Gedeh,6659.0,1406.32907778,2020,7,0,0,0.0,88.50277510933252,23.876975218455,2020-07-01,0,4.735022623944994,0.0,0.0,250.23425060769785,24.87675438986884,0.0,1,2.7919576e-05,0
LR0605,Glio-Twarbo,Grand Gedeh,6659.0,1406.32907778,2020,8,0,0,0.0,95.34167065827744,23.551591449313687,2020-08-01,0,4.735022623944994,0.0,0.0,88.50277510933252,23.876975218455,0.0,1,6.466823e-06,0
LR0605,Glio-Twarbo,Grand Gedeh,6659.0,1406.32907778,2020,9,0,0,0.0,349.4208785347316,24.42270713382297,2020-09-01,0,4.735022623944994,0.0,0.0,95.34167065827744,23.551591449313687,0.0,1,0.00024664873,0
LR0605,Glio-Twarbo,Grand Gedeh,6659.0,1406.32907778,2020,10,0,0,0.0,287.7470922055452,25.12111547258165,2020-10-01,0,4.735022623944994,0.0,0.0,349.4208785347316,24.42270713382297,0.0,1,0.00023220989,0
LR0605,Glio-Twarbo,Grand Gedeh,6659.0,1406.32907778,2020,11,0,0,0.0,104.2530567335046,25.40641514460245,2020-11-01,0,4.735022623944994,0.0,0.0,287.7470922055452,25.12111547258165,0.0,0,5.3019685e-05,0
LR0605,Glio-Twarbo,Grand Gedeh,6659.0,1406.32907778,2020,12,0,0,0.0,86.66201948082964,25.480676227145725,2020-12-01,0,4.735022623944994,0.0,0.0,104.2530567335046,25.40641514460245,0.0,0,3.3076885e-05,0
LR0605,Glio-Twarbo,Grand Gedeh,6659.0,1406.32907778,2021,1,0,0,0.0,21.88277010295702,25.33999676174588,2021-01-01,0,4.735022623944994,0.0,0.0,86.66201948082964,25.480676227145725,0.0,0,0.00286665,0
LR0605,Glio-Twarbo,Grand Gedeh,6659.0,1406.32907778,2021,2,0,0,0.0,81.0446539339812,25.83583799997966,2021-02-01,0,4.735022623944994,0.0,0.0,21.88277010295702,25.33999676174588,0.0,0,9.45244e-06,0
LR0605,Glio-Twarbo,Grand Gedeh,6659.0,1406.32907778,2021,3,0,0,0.0,184.5452990324601,25.400439156426327,2021-03-01,0,4.735022623944994,0.0,0.0,81.0446539339812,25.83583799997966,0.0,0,4.8622685e-05,0
LR0605,Glio-Twarbo,Grand Gedeh,6659.0,1406.32907778,2021,4,0,0,0.0,141.47375770237133,25.876851717631027,2021-04-01,0,4.735022623944994,0.0,0.0,184.5452990324601,25.400439156426327,0.0,0,2.6075975e-05,0
LR0605,Glio-Twarbo,Grand Gedeh,6659.0,1406.32907778,2021,5,0,0,0.0,171.3522760142451,25.81063673231337,2021-05-01,0,4.735022623944994,0.0,0.0,141.47375770237133,25.876851717631027,0.0,1,4.0822495e-05,0
LR0605,Glio-Twarbo,Grand Gedeh,6659.0,1406.32907778,2021,6,0,0,0.0,307.9070474375849,25.104943540361194,2021-06-01,0,4.735022623944994,0.0,0.0,171.3522760142451,25.81063673231337,0.0,1,6.0565635e-05,0
LR0605,Glio-Twarbo,Grand Gedeh,6659.0,1406.32907778,2021,7,0,0,0.0,167.16950259001354,24.06784174177381,2021-07-01,0,4.735022623944994,0.0,0.0,307.9070474375849,25.104943540361194,0.0,1,0.00012600872,0
LR0605,Glio-Twarbo,Grand Gedeh,6659.0,1406.32907778,2021,8,0,0,0.0,219.1736370584239,24.159142812093098,2021-08-01,0,4.735022623944994,0.0,0.0,167.16950259001354,24.06784174177381,0.0,1,1.19766855e-05,0
LR0605,Glio-Twarbo,Grand Gedeh,6659.0,1406.32907778,2021,9,0,0,0.0,417.9296808657439,24.777081648508705,2021-09-01,0,4.735022623944994,0.0,0.0,219.1736370584239,24.159142812093098,0.0,1,0.00023642553,0
LR0605,Glio-Twarbo,Grand Gedeh,6659.0,1406.32907778,2021,10,0,0,0.0,246.5750589785368,25.356997648874923,2021-10-01,0,4.735022623944994,0.0,0.0,417.9296808657439,24.777081648508705,0.0,1,4.220441e-05,0
LR0605,Glio-Twarbo,Grand Gedeh,6659.0,1406.32907778,2021,11,0,0,0.0,87.2006074656611,25.417272196875683,2021-11-01,0,4.735022623944994,0.0,0.0,246.5750589785368,25.356997648874923,0.0,0,9.429954e-05,0
LR0605,Glio-Twarbo,Grand Gedeh,6659.0,1406.32907778,2021,12,0,0,0.0,28.377199007117227,25.704176002078583,2021-12-01,0,4.735022623944994,0.0,0.0,87.2006074656611,25.417272196875683,0.0,0,0.0005667301,0
LR0605,Glio-Twarbo,Grand Gedeh,6659.0,1406.32907778,2022,1,0,0,0.0,11.910453195157258,24.66784848107232,2022-01-01,0,4.735022623944994,0.0,0.0,28.377199007117227,25.704176002078583,0.0,0,0.0062633194,0
LR0605,Glio-Twarbo,Grand Gedeh,6659.0,1406.32907778,2022,2,0,0,0.0,40.77955237678859,25.663901699913872,2022-02-01,0,4.735022623944994,0.0,0.0,11.910453195157258,24.66784848107232,0.0,0,1.1701313e-05,0
LR0605,Glio-Twarbo,Grand Gedeh,6659.0,1406.32907778,2022,3,0,0,0.0,140.9626108252484,25.788506242964,2022-03-01,0,4.735022623944994,0.0,0.0,40.77955237678859,25.663901699913872,0.0,0,1.0551788e-05,0
LR0605,Glio-Twarbo,Grand Gedeh,6659.0,1406.32907778,2022,4,0,0,0.0,181.60817884362265,25.797286987304688,2022-04-01,0,4.735022623944994,0.0,0.0,140.9626108252484,25.788506242964,0.0,0,2.3809867e-05,0
LR0605,Glio-Twarbo,Grand Gedeh,6659.0,1406.32907778,2022,5,0,0,0.0,204.8890457153321,25.474824640485977,2022-05-01,0,4.735022623944994,0.0,0.0,181.60817884362265,25.797286987304688,0.0,1,0.0001414734,0
LR0605,Glio-Twarbo,Grand Gedeh,6659.0,1406.32907778,2022,6,0,0,0.0,294.5427916153617,24.824358251359723,2022-06-01,0,4.735022623944994,0.0,0.0,204.8890457153321,25.474824640485977,0.0,1,0.0005895006,0
LR0605,Glio-Twarbo,Grand Gedeh,6659.0,1406.32907778,2022,7,0,0,0.0,60.58090591430663,23.829899575975205,2022-07-01,0,4.735022623944994,0.0,0.0,294.5427916153617,24.824358251359723,0.0,1,0.00017496974,0
LR0605,Glio-Twarbo,Grand Gedeh,6659.0,1406.32907778,2022,8,0,0,0.0,166.80916595458984,23.653542412651912,2022-08-01,0,4.735022623944994,0.0,0.0,60.58090591430663,23.829899575975205,0.0,1,3.541287e-06,0
LR0605,Glio-Twarbo,Grand Gedeh,6659.0,1406.32907778,2022,9,0,0,0.0,263.4757979019829,24.20100508795845,2022-09-01,0,4.735022623944994,0.0,0.0,166.80916595458984,23.653542412651912,0.0,1,3.230896e-05,0
LR0605,Glio-Twarbo,Grand Gedeh,6659.0,1406.32907778,2022,10,0,0,0.0,247.47708129882807,25.18449444240994,2022-10-01,0,4.735022623944994,0.0,0.0,263.4757979019829,24.20100508795845,0.0,1,0.000109095534,0
LR0605,Glio-Twarbo,Grand Gedeh,6659.0,1406.32907778,2022,11,0,0,0.0,116.13843420277472,25.09307024214003,2022-11-01,0,4.735022623944994,0.0,0.0,247.47708129882807,25.18449444240994,0.0,0,7.8061516e-05,0
LR0605,Glio-Twarbo,Grand Gedeh,6659.0,1406.32907778,2022,12,0,0,0.0,60.03544268400773,24.904025713602703,2022-12-01,0,4.735022623944994,0.0,0.0,116.13843420277472,25.09307024214003,0.0,0,5.3268013e-05,0
LR0605,Glio-Twarbo,Grand Gedeh,6659.0,1406.32907778,2023,1,0,0,0.0,26.56059777218363,24.57251363330417,2023-01-01,0,4.735022623944994,0.0,0.0,60.03544268400773,24.904025713602703,0.0,0,1.4164377e-05,0
LR0605,Glio-Twarbo,Grand Gedeh,6659.0,1406.32907778,2023,2,0,0,0.0,53.46480792501698,25.771094269222687,2023-02-01,0,4.735022623944994,0.0,0.0,26.56059777218363,24.57251363330417,0.0,0,5.945226e-06,0
LR0606,Konobo,Grand Gedeh,26588.0,1613.24618859,2020,4,0,0,0.0,195.3143575416421,26.06333409822905,2020-04-01,0,16.481055519020497,0.0,0.0,207.6846612894309,26.03944708750798,0.0,0,3.8965838e-05,0
LR0606,Konobo,Grand Gedeh,26588.0,1613.24618859,2020,5,0,0,0.0,224.38590830676955,25.968826954181377,2020-05-01,0,16.481055519020497,0.0,0.0,195.3143575416421,26.06333409822905,0.0,1,3.8975464e-05,0
LR0606,Konobo,Grand Gedeh,26588.0,1613.24618859,2020,6,0,0,0.0,253.45032371664945,24.852788044856148,2020-06-01,0,16.481055519020497,0.0,0.0,224.38590830676955,25.968826954181377,0.0,1,0.005237095,0
LR0606,Konobo,Grand Gedeh,26588.0,1613.24618859,2020,7,0,0,0.0,101.74468173620836,23.803134808173542,2020-07-01,0,16.481055519020497,0.0,0.0,253.45032371664945,24.852788044856148,0.0,1,5.7360783e-05,0
LR0606,Konobo,Grand Gedeh,26588.0,1613.24618859,2020,8,0,0,0.0,93.5807031595482,23.49653236682598,2020-08-01,0,16.481055519020497,0.0,0.0,101.74468173620836,23.803134808173542,0.0,1,1.3528027e-05,0
LR0606,Konobo,Grand Gedeh,26588.0,1613.24618859,2020,9,0,0,0.0,317.537846403302,24.36969540669368,2020-09-01,0,16.481055519020497,0.0,0.0,93.5807031595482,23.49653236682598,0.0,1,0.0015240366,0
LR0606,Konobo,Grand Gedeh,26588.0,1613.24618859,2020,10,0,0,0.0,271.59652076577225,25.08254498701829,2020-10-01,0,16.481055519020497,0.0,0.0,317.537846403302,24.36969540669368,0.0,1,9.482579e-05,0
LR0606,Konobo,Grand Gedeh,26588.0,1613.24618859,2020,11,0,0,0.0,70.92174170152198,25.366134019998405,2020-11-01,0,16.481055519020497,0.0,0.0,271.59652076577225,25.08254498701829,0.0,0,1.0636544e-05,0
LR0606,Konobo,Grand Gedeh,26588.0,1613.24618859,2020,12,0,0,0.0,98.07587404071164,25.36963657232432,2020-12-01,0,16.481055519020497,0.0,0.0,70.92174170152198,25.366134019998405,0.0,0,3.4661782e-06,0
LR0606,Konobo,Grand Gedeh,26588.0,1613.24618859,2021,1,0,0,0.0,24.245300922753675,25.17559117537278,2021-01-01,0,16.481055519020497,0.0,0.0,98.07587404071164,25.36963657232432,0.0,0,0.00091632025,0
LR0606,Konobo,Grand Gedeh,26588.0,1613.24618859,2021,2,0,0,0.0,91.97599461393536,25.749359717735874,2021-02-01,0,16.481055519020497,0.0,0.0,24.245300922753675,25.17559117537278,0.0,0,1.716344e-06,0
LR0606,Konobo,Grand Gedeh,26588.0,1613.24618859,2021,3,0,0,0.0,158.58521342727371,25.365158191094043,2021-03-01,0,16.481055519020497,0.0,0.0,91.97599461393536,25.749359717735874,0.0,0,7.982349e-06,0
LR0606,Konobo,Grand Gedeh,26588.0,1613.24618859,2021,4,0,0,0.0,169.496636156766,25.84300877497746,2021-04-01,0,16.481055519020497,0.0,0.0,158.58521342727371,25.365158191094043,0.0,0,4.1877142e-06,0
LR0606,Konobo,Grand Gedeh,26588.0,1613.24618859,2021,5,0,0,0.0,198.30465611871685,25.78198245855477,2021-05-01,0,16.481055519020497,0.0,0.0,169.496636156766,25.84300877497746,0.0,1,1.1012101e-05,0
LR0606,Konobo,Grand Gedeh,26588.0,1613.24618859,2021,6,0,0,0.0,282.859573076356,25.08066206711989,2021-06-01,0,16.481055519020497,0.0,0.0,198.30465611871685,25.78198245855477,0.0,1,3.530238e-05,0
LR0606,Konobo,Grand Gedeh,26588.0,1613.24618859,2021,7,0,0,0.0,182.4367281355948,24.01729037211492,2021-07-01,0,16.481055519020497,0.0,0.0,282.859573076356,25.08066206711989,0.0,1,0.0011241056,0
LR0606,Konobo,Grand Gedeh,26588.0,1613.24618859,2021,8,0,0,0.0,222.28241513810065,24.11056892688458,2021-08-01,0,16.481055519020497,0.0,0.0,182.4367281355948,24.01729037211492,0.0,1,3.2246626e-05,0
LR0606,Konobo,Grand Gedeh,26588.0,1613.24618859,2021,9,0,0,0.0,370.7009110360776,24.685316892770626,2021-09-01,0,16.481055519020497,0.0,0.0,222.28241513810065,24.11056892688458,0.0,1,0.0018040669,0
LR0606,Konobo,Grand Gedeh,26588.0,1613.24618859,2021,10,0,0,0.0,197.50983097868144,25.330806548778824,2021-10-01,0,16.481055519020497,0.0,0.0,370.7009110360776,24.685316892770626,0.0,1,7.861564e-06,0
LR0606,Konobo,Grand Gedeh,26588.0,1613.24618859,2021,11,0,0,0.0,74.39737096822485,25.39973768821129,2021-11-01,0,16.481055519020497,0.0,0.0,197.50983097868144,25.330806548778824,0.0,0,1.7627284e-05,0
LR0606,Konobo,Grand Gedeh,26588.0,1613.24618859,2021,12,0,0,0.0,29.32176021360001,25.566562322469856,2021-12-01,0,16.481055519020497,0.0,0.0,74.39737096822485,25.39973768821129,0.0,0,0.0006012073,0
LR0606,Konobo,Grand Gedeh,26588.0,1613.24618859,2022,1,0,0,0.0,15.42159485367109,24.51644860781156,2022-01-01,0,16.481055519020497,0.0,0.0,29.32176021360001,25.566562322469856,0.0,0,0.01462801,0
LR0606,Konobo,Grand Gedeh,26588.0,1613.24618859,2022,2,0,0,0.0,43.78825407208136,25.55941567054161,2022-02-01,0,16.481055519020497,0.0,0.0,15.42159485367109,24.51644860781156,0.0,0,1.22829715e-05,0
LR0606,Konobo,Grand Gedeh,26588.0,1613.24618859,2022,3,0,0,0.0,122.7745965921654,25.75094520128691,2022-03-01,0,16.481055519020497,0.0,0.0,43.78825407208136,25.55941567054161,0.0,0,2.360791e-06,0
LR0606,Konobo,Grand Gedeh,26588.0,1613.24618859,2022,4,0,0,0.0,214.95154960200463,25.76842392407931,2022-04-01,0,16.481055519020497,0.0,0.0,122.7745965921654,25.75094520128691,0.0,0,2.2390339e-05,0
LR0606,Konobo,Grand Gedeh,26588.0,1613.24618859,2022,5,0,0,0.0,226.44296811661627,25.49337955621572,2022-05-01,0,16.481055519020497,0.0,0.0,214.95154960200463,25.76842392407931,0.0,1,0.0014165632,0
LR0606,Konobo,Grand Gedeh,26588.0,1613.24618859,2022,6,0,0,0.0,249.3059439029334,24.80550138766949,2022-06-01,0,16.481055519020497,0.0,0.0,226.44296811661627,25.49337955621572,0.0,1,0.0010859615,0
LR0606,Konobo,Grand Gedeh,26588.0,1613.24618859,2022,7,0,0,0.0,61.448483737009866,23.80365382708036,2022-07-01,0,16.481055519020497,0.0,0.0,249.3059439029334,24.80550138766949,0.0,1,5.6421803e-05,0
LR0606,Konobo,Grand Gedeh,26588.0,1613.24618859,2022,8,0,0,0.0,175.46275185639007,23.594983431009144,2022-08-01,0,16.481055519020497,0.0,0.0,61.448483737009866,23.80365382708036,0.0,1,5.3758176e-06,0
LR0606,Konobo,Grand Gedeh,26588.0,1613.24618859,2022,9,0,0,0.0,252.1370650957216,24.120148952190696,2022-09-01,0,16.481055519020497,0.0,0.0,175.46275185639007,23.594983431009144,0.0,1,3.9018454e-05,0
LR0606,Konobo,Grand Gedeh,26588.0,1613.24618859,2022,10,0,0,0.0,264.1982237617924,25.09772619834313,2022-10-01,0,16.481055519020497,0.0,0.0,252.1370650957216,24.120148952190696,0.0,1,7.152575e-05,0
LR0606,Konobo,Grand Gedeh,26588.0,1613.24618859,2022,11,0,0,0.0,95.29997584504903,25.027752032646763,2022-11-01,0,16.481055519020497,0.0,0.0,264.1982237617924,25.09772619834313,0.0,0,1.1356274e-05,0
LR0606,Konobo,Grand Gedeh,26588.0,1613.24618859,2022,12,0,0,0.0,70.43985568352466,24.69657182693481,2022-12-01,0,16.481055519020497,0.0,0.0,95.29997584504903,25.027752032646763,0.0,0,0.000111304405,0
LR0606,Konobo,Grand Gedeh,26588.0,1613.24618859,2023,1,0,0,0.0,32.028534727276494,24.425938496222862,2023-01-01,0,16.481055519020497,0.0,0.0,70.43985568352466,24.69657182693481,0.0,0,5.211537e-05,0
LR0606,Konobo,Grand Gedeh,26588.0,1613.24618859,2023,2,0,0,0.0,54.87634536455263,25.7115588921767,2023-02-01,0,16.481055519020497,0.0,0.0,32.028534727276494,24.425938496222862,0.0,0,3.2595137e-06,0
LR0607,Putu,Grand Gedeh,34026.0,1091.2021819,2020,4,0,0,0.0,207.12029418945312,26.099915382189632,2020-04-01,0,31.182122400776336,0.0,0.0,282.9373142787389,26.090523499708908,0.0,0,0.00031523788,0
LR0607,Putu,Grand Gedeh,34026.0,1091.2021819,2020,5,0,0,0.0,227.2582737513951,25.940301014826844,2020-05-01,0,31.182122400776336,0.0,0.0,207.12029418945312,26.099915382189632,0.0,1,0.00014686056,0
LR0607,Putu,Grand Gedeh,34026.0,1091.2021819,2020,6,0,0,0.0,362.6280970982143,24.79333882454114,2020-06-01,0,31.182122400776336,0.0,0.0,227.2582737513951,25.940301014826844,0.0,1,0.021543028,0
LR0607,Putu,Grand Gedeh,34026.0,1091.2021819,2020,7,0,0,0.0,126.99932774135046,23.72831158760267,2020-07-01,0,31.182122400776336,0.0,0.0,362.6280970982143,24.79333882454114,0.0,1,0.000892227,0
LR0607,Putu,Grand Gedeh,34026.0,1091.2021819,2020,8,0,0,0.0,103.2008747645787,23.46776805779873,2020-08-01,0,31.182122400776336,0.0,0.0,126.99932774135046,23.72831158760267,0.0,1,4.6146313e-05,0
LR0607,Putu,Grand Gedeh,34026.0,1091.2021819,2020,9,0,0,0.0,391.1027169363838,24.32218620104668,2020-09-01,0,31.182122400776336,0.0,0.0,103.2008747645787,23.46776805779873,0.0,1,0.0005336049,0
LR0607,Putu,Grand Gedeh,34026.0,1091.2021819,2020,10,0,0,0.0,320.1076189313617,25.084281041071964,2020-10-01,0,31.182122400776336,0.0,0.0,391.1027169363838,24.32218620104668,0.0,1,0.0016544438,0
LR0607,Putu,Grand Gedeh,34026.0,1091.2021819,2020,11,0,0,0.0,117.39194619315008,25.378509668203503,2020-11-01,0,31.182122400776336,0.0,0.0,320.1076189313617,25.084281041071964,0.0,0,1.0385049e-05,0
LR0607,Putu,Grand Gedeh,34026.0,1091.2021819,2020,12,0,0,0.0,116.48350088936938,25.41594617794721,2020-12-01,0,31.182122400776336,0.0,0.0,117.39194619315008,25.378509668203503,0.0,0,1.4952934e-05,0
LR0607,Putu,Grand Gedeh,34026.0,1091.2021819,2021,1,0,0,0.0,34.15475747244699,25.235662166888904,2021-01-01,0,31.182122400776336,0.0,0.0,116.48350088936938,25.41594617794721,0.0,0,0.008753329,0
LR0607,Putu,Grand Gedeh,34026.0,1091.2021819,2021,2,0,0,0.0,117.49208134242464,25.79480924361791,2021-02-01,0,31.182122400776336,0.0,0.0,34.15475747244699,25.235662166888904,0.0,0,1.8592449e-06,0
LR0607,Putu,Grand Gedeh,34026.0,1091.2021819,2021,3,0,0,0.0,214.7927974155971,25.339612716283547,2021-03-01,0,31.182122400776336,0.0,0.0,117.49208134242464,25.79480924361791,0.0,0,6.393325e-05,0
LR0607,Putu,Grand Gedeh,34026.0,1091.2021819,2021,4,0,0,0.0,179.5902060372489,25.840389545147232,2021-04-01,0,31.182122400776336,0.0,0.0,214.7927974155971,25.339612716283547,0.0,0,3.0864685e-05,0
LR0607,Putu,Grand Gedeh,34026.0,1091.2021819,2021,5,0,0,0.0,215.11676025390625,25.77455828740047,2021-05-01,0,31.182122400776336,0.0,0.0,179.5902060372489,25.840389545147232,0.0,1,6.0622493e-05,0
LR0607,Putu,Grand Gedeh,34026.0,1091.2021819,2021,6,0,0,0.0,365.0350176130022,25.08551221016125,2021-06-01,0,31.182122400776336,0.0,0.0,215.11676025390625,25.77455828740047,0.0,1,0.00020380478,0
LR0607,Putu,Grand Gedeh,34026.0,1091.2021819,2021,7,0,0,0.0,162.6601811000279,23.95680143894293,2021-07-01,0,31.182122400776336,0.0,0.0,365.0350176130022,25.08551221016125,0.0,1,0.01750248,0
LR0607,Putu,Grand Gedeh,34026.0,1091.2021819,2021,8,0,0,0.0,264.080708530971,24.077083636552867,2021-08-01,0,31.182122400776336,0.0,0.0,162.6601811000279,23.95680143894293,0.0,1,0.00011962515,0
LR0607,Putu,Grand Gedeh,34026.0,1091.2021819,2021,9,0,0,0.0,414.2663792201452,24.660910533024715,2021-09-01,0,31.182122400776336,0.0,0.0,264.080708530971,24.077083636552867,0.0,1,0.00066798227,0
LR0607,Putu,Grand Gedeh,34026.0,1091.2021819,2021,10,0,0,0.0,223.93710981096527,25.31340784904284,2021-10-01,0,31.182122400776336,0.0,0.0,414.2663792201452,24.660910533024715,0.0,1,8.113142e-05,0
LR0607,Putu,Grand Gedeh,34026.0,1091.2021819,2021,11,0,0,0.0,100.48668256487169,25.416799789819954,2021-11-01,0,31.182122400776336,0.0,0.0,223.93710981096527,25.31340784904284,0.0,0,2.9409957e-05,0
LR0607,Putu,Grand Gedeh,34026.0,1091.2021819,2021,12,0,0,0.0,38.69364264351981,25.66049321492513,2021-12-01,0,31.182122400776336,0.0,0.0,100.48668256487169,25.416799789819954,0.0,0,0.00013374355,0
LR0607,Putu,Grand Gedeh,34026.0,1091.2021819,2022,1,0,0,0.0,21.73931091853551,24.69989840189616,2022-01-01,0,31.182122400776336,0.0,0.0,38.69364264351981,25.66049321492513,0.0,0,0.0016818254,0
LR0607,Putu,Grand Gedeh,34026.0,1091.2021819,2022,2,0,0,0.0,70.3356927054269,25.614770106780224,2022-02-01,0,31.182122400776336,0.0,0.0,21.73931091853551,24.69989840189616,0.0,0,2.5865922e-06,0
LR0607,Putu,Grand Gedeh,34026.0,1091.2021819,2022,3,0,0,0.0,167.58203996930797,25.69018046061198,2022-03-01,0,31.182122400776336,0.0,0.0,70.3356927054269,25.614770106780224,0.0,0,2.1327241e-06,0
LR0607,Putu,Grand Gedeh,34026.0,1091.2021819,2022,4,0,0,0.0,220.85513567243308,25.7541334201128,2022-04-01,0,31.182122400776336,0.0,0.0,167.58203996930797,25.69018046061198,0.0,0,1.869083e-05,0
LR0607,Putu,Grand Gedeh,34026.0,1091.2021819,2022,5,0,0,0.0,248.2627768380301,25.50838240599021,2022-05-01,0,31.182122400776336,0.0,0.0,220.85513567243308,25.7541334201128,0.0,1,0.0005472625,0
LR0607,Putu,Grand Gedeh,34026.0,1091.2021819,2022,6,0,0,0.0,378.1894522530693,24.76990264501327,2022-06-01,0,31.182122400776336,0.0,0.0,248.2627768380301,25.50838240599021,0.0,1,0.0016370324,0
LR0607,Putu,Grand Gedeh,34026.0,1091.2021819,2022,7,0,0,0.0,53.25387911115374,23.71551391405937,2022-07-01,0,31.182122400776336,0.0,0.0,378.1894522530693,24.76990264501327,0.0,1,0.00033221574,0
LR0607,Putu,Grand Gedeh,34026.0,1091.2021819,2022,8,0,0,0.0,189.0176504952567,23.542642789009285,2022-08-01,0,31.182122400776336,0.0,0.0,53.25387911115374,23.71551391405937,0.0,1,7.924046e-06,0
LR0607,Putu,Grand Gedeh,34026.0,1091.2021819,2022,9,0,0,0.0,264.80429643903454,24.072677416679188,2022-09-01,0,31.182122400776336,0.0,0.0,189.0176504952567,23.542642789009285,0.0,1,0.00033578058,0
LR0607,Putu,Grand Gedeh,34026.0,1091.2021819,2022,10,0,0,0.0,305.66273018973214,25.106767214261566,2022-10-01,0,31.182122400776336,0.0,0.0,264.80429643903454,24.072677416679188,0.0,1,8.421025e-05,0
LR0607,Putu,Grand Gedeh,34026.0,1091.2021819,2022,11,0,0,0.0,155.78192661830354,25.063523952777565,2022-11-01,0,31.182122400776336,0.0,0.0,305.66273018973214,25.106767214261566,0.0,0,1.7677772e-05,0
LR0607,Putu,Grand Gedeh,34026.0,1091.2021819,2022,12,0,0,0.0,82.41420157296317,24.82126940213717,2022-12-01,0,31.182122400776336,0.0,0.0,155.78192661830354,25.063523952777565,0.0,0,0.00012593652,0
LR0607,Putu,Grand Gedeh,34026.0,1091.2021819,2023,1,0,0,0.0,38.25520226614816,24.659396098210262,2023-01-01,0,31.182122400776336,0.0,0.0,82.41420157296317,24.82126940213717,0.0,0,1.7079552e-05,0
LR0607,Putu,Grand Gedeh,34026.0,1091.2021819,2023,2,0,0,0.0,68.55856170654295,25.83881348830003,2023-02-01,0,31.182122400776336,0.0,0.0,38.25520226614816,24.659396098210262,0.0,0,1.7254953e-06,0
LR0608,Tchien,Grand Gedeh,75771.0,1334.10725997,2020,4,0,0,0.0,175.09042219682175,26.00565338134766,2020-04-01,0,56.79528346296823,0.0,0.0,220.4183432839133,25.971674477181782,0.0,0,0.000114725,0
LR0608,Tchien,Grand Gedeh,75771.0,1334.10725997,2020,5,0,0,0.0,206.2817067232999,25.958756935305715,2020-05-01,0,56.79528346296823,0.0,0.0,175.09042219682175,26.00565338134766,0.0,1,8.529865e-06,0
LR0608,Tchien,Grand Gedeh,75771.0,1334.10725997,2020,6,0,0,0.0,291.7363430369984,24.8611322263392,2020-06-01,0,56.79528346296823,0.0,0.0,206.2817067232999,25.958756935305715,0.0,1,0.006746475,0
LR0608,Tchien,Grand Gedeh,75771.0,1334.10725997,2020,7,4,4,5.279064549761782,122.4914653084495,23.7619259531905,2020-07-01,0,56.79528346296823,0.0,0.0,291.7363430369984,24.8611322263392,0.0,1,0.00042973805,0
LR0608,Tchien,Grand Gedeh,75771.0,1334.10725997,2020,8,3,3,3.9592984123213366,115.34557151794434,23.447513254677386,2020-08-01,0,56.79528346296823,4.0,5.279064549761782,122.4914653084495,23.7619259531905,1.3333333333333333,1,0.007629199,0
LR0608,Tchien,Grand Gedeh,75771.0,1334.10725997,2020,9,6,6,7.918596824642673,357.6191302212802,24.33941273572968,2020-09-01,1,56.79528346296823,3.0,3.9592984123213366,115.34557151794434,23.447513254677386,2.3333333333333335,1,0.8784459,1
LR0608,Tchien,Grand Gedeh,75771.0,1334.10725997,2020,10,1,1,1.3197661374404457,245.9331134449352,25.05650897142364,2020-10-01,0,56.79528346296823,6.0,7.918596824642673,357.6191302212802,24.33941273572968,4.333333333333333,1,0.0016159221,0
LR0608,Tchien,Grand Gedeh,75771.0,1334.10725997,2020,11,0,0,0.0,66.68322797255084,25.332925610425992,2020-11-01,0,56.79528346296823,1.0,1.3197661374404457,245.9331134449352,25.05650897142364,3.3333333333333335,0,0.0032106831,0
LR0608,Tchien,Grand Gedeh,75771.0,1334.10725997,2020,12,2,2,2.639532274880891,82.16442333568226,25.26735994292469,2020-12-01,0,56.79528346296823,0.0,0.0,66.68322797255084,25.332925610425992,2.3333333333333335,0,2.9413799e-05,0
LR0608,Tchien,Grand Gedeh,75771.0,1334.10725997,2021,1,0,0,0.0,18.59403902834112,25.022942752372924,2021-01-01,0,56.79528346296823,2.0,2.639532274880891,82.16442333568226,25.26735994292469,1.0,0,0.007356909,0
LR0608,Tchien,Grand Gedeh,75771.0,1334.10725997,2021,2,0,0,0.0,96.9457967931574,25.64737622330828,2021-02-01,0,56.79528346296823,0.0,0.0,18.59403902834112,25.022942752372924,0.6666666666666666,0,2.218631e-05,0
LR0608,Tchien,Grand Gedeh,75771.0,1334.10725997,2021,3,0,0,0.0,148.6211814880371,25.33142480617617,2021-03-01,0,56.79528346296823,0.0,0.0,96.9457967931574,25.64737622330828,0.6666666666666666,0,5.7938963e-05,0
LR0608,Tchien,Grand Gedeh,75771.0,1334.10725997,2021,4,0,0,0.0,159.02428332242098,25.815038960154467,2021-04-01,0,56.79528346296823,0.0,0.0,148.6211814880371,25.33142480617617,0.0,0,4.833099e-06,0
LR0608,Tchien,Grand Gedeh,75771.0,1334.10725997,2021,5,0,0,0.0,183.53379613702947,25.75460387439262,2021-05-01,0,56.79528346296823,0.0,0.0,159.02428332242098,25.815038960154467,0.0,1,7.20714e-06,0
LR0608,Tchien,Grand Gedeh,75771.0,1334.10725997,2021,6,1,1,1.3197661374404457,302.41455771706313,25.06209257172376,2021-06-01,0,56.79528346296823,0.0,0.0,183.53379613702947,25.75460387439262,0.0,1,0.0001366053,0
LR0608,Tchien,Grand Gedeh,75771.0,1334.10725997,2021,7,7,7,9.23836296208312,189.81975936889648,23.98845426047721,2021-07-01,1,56.79528346296823,1.0,1.3197661374404457,302.41455771706313,25.06209257172376,0.3333333333333333,1,0.9211842,1
LR0608,Tchien,Grand Gedeh,75771.0,1334.10725997,2021,8,0,0,0.0,286.0243530273437,24.070324362778084,2021-08-01,0,56.79528346296823,7.0,9.23836296208312,189.81975936889648,23.98845426047721,2.6666666666666665,1,0.031044455,0
LR0608,Tchien,Grand Gedeh,75771.0,1334.10725997,2021,9,0,0,0.0,400.9681382612749,24.62923324398878,2021-09-01,0,56.79528346296823,0.0,0.0,286.0243530273437,24.070324362778084,2.6666666666666665,1,0.004902183,0
LR0608,Tchien,Grand Gedeh,75771.0,1334.10725997,2021,10,0,0,0.0,183.67384581132367,25.32179511465678,2021-10-01,0,56.79528346296823,0.0,0.0,400.9681382612749,24.62923324398878,2.3333333333333335,1,0.00020565356,0
LR0608,Tchien,Grand Gedeh,75771.0,1334.10725997,2021,11,0,0,0.0,73.93893909454347,25.38318024612055,2021-11-01,0,56.79528346296823,0.0,0.0,183.67384581132367,25.32179511465678,0.0,0,3.4959285e-05,0
LR0608,Tchien,Grand Gedeh,75771.0,1334.10725997,2021,12,0,0,0.0,21.76227272640574,25.429448709255315,2021-12-01,0,56.79528346296823,0.0,0.0,73.93893909454347,25.38318024612055,0.0,0,0.0015331133,0
LR0608,Tchien,Grand Gedeh,75771.0,1334.10725997,2022,1,0,0,0.0,14.39605446295305,24.33069843199195,2022-01-01,0,56.79528346296823,0.0,0.0,21.76227272640574,25.429448709255315,0.0,0,0.067416884,0
LR0608,Tchien,Grand Gedeh,75771.0,1334.10725997,2022,2,0,0,0.0,47.73868517442184,25.43393442107409,2022-02-01,0,56.79528346296823,0.0,0.0,14.39605446295305,24.33069843199195,0.0,0,3.9281702e-05,0
LR0608,Tchien,Grand Gedeh,75771.0,1334.10725997,2022,3,0,0,0.0,116.34775387157092,25.72876139384944,2022-03-01,0,56.79528346296823,0.0,0.0,47.73868517442184,25.43393442107409,0.0,0,1.5135524e-06,0
LR0608,Tchien,Grand Gedeh,75771.0,1334.10725997,2022,4,0,0,0.0,193.0618903420188,25.73317765026557,2022-04-01,0,56.79528346296823,0.0,0.0,116.34775387157092,25.72876139384944,0.0,0,1.7234515e-05,0
LR0608,Tchien,Grand Gedeh,75771.0,1334.10725997,2022,5,0,0,0.0,209.83280355280093,25.499236037091507,2022-05-01,0,56.79528346296823,0.0,0.0,193.0618903420188,25.73317765026557,0.0,1,0.00038458765,0
LR0608,Tchien,Grand Gedeh,75771.0,1334.10725997,2022,6,0,0,0.0,242.6424505060369,24.793889208537777,2022-06-01,0,56.79528346296823,0.0,0.0,209.83280355280093,25.499236037091507,0.0,1,0.0006873433,0
LR0608,Tchien,Grand Gedeh,75771.0,1334.10725997,2022,7,0,0,0.0,77.42158829082143,23.80253894154619,2022-07-01,0,56.79528346296823,0.0,0.0,242.6424505060369,24.793889208537777,0.0,1,3.8961563e-05,0
LR0608,Tchien,Grand Gedeh,75771.0,1334.10725997,2022,8,0,0,0.0,201.7930488586425,23.55627608880764,2022-08-01,0,56.79528346296823,0.0,0.0,77.42158829082143,23.80253894154619,0.0,1,1.2133287e-05,0
LR0608,Tchien,Grand Gedeh,75771.0,1334.10725997,2022,9,0,0,0.0,277.0654744234951,24.08086185920529,2022-09-01,0,56.79528346296823,0.0,0.0,201.7930488586425,23.55627608880764,0.0,1,0.00024858204,0
LR0608,Tchien,Grand Gedeh,75771.0,1334.10725997,2022,10,0,0,0.0,262.1918511824174,25.04091686155738,2022-10-01,0,56.79528346296823,0.0,0.0,277.0654744234951,24.08086185920529,0.0,1,5.291947e-05,0
LR0608,Tchien,Grand Gedeh,75771.0,1334.10725997,2022,11,0,0,0.0,93.14290610226718,24.959535552234183,2022-11-01,0,56.79528346296823,0.0,0.0,262.1918511824174,25.04091686155738,0.0,0,5.7630823e-05,0
LR0608,Tchien,Grand Gedeh,75771.0,1334.10725997,2022,12,0,0,0.0,66.06754068894818,24.491939079470747,2022-12-01,0,56.79528346296823,0.0,0.0,93.14290610226718,24.959535552234183,0.0,0,5.4673517e-05,0
LR0608,Tchien,Grand Gedeh,75771.0,1334.10725997,2023,1,0,0,0.0,28.06703931635076,24.19696407783321,2023-01-01,0,56.79528346296823,0.0,0.0,66.06754068894818,24.491939079470747,0.0,0,5.0803086e-05,0
LR0608,Tchien,Grand Gedeh,75771.0,1334.10725997,2023,2,0,0,0.0,47.86825006658382,25.58619345688238,2023-02-01,0,56.79528346296823,0.0,0.0,28.06703931635076,24.19696407783321,0.0,0,1.0373379e-05,0
LR0701,Barclayville,Grand Kru,12619.0,540.7486448,2020,4,0,0,0.0,174.99974149816177,27.14032868778005,2020-04-01,0,23.3361657423427,0.0,0.0,271.3960616167854,27.092280556173883,0.0,0,0.00047275823,0
LR0701,Barclayville,Grand Kru,12619.0,540.7486448,2020,5,0,0,0.0,300.6135433421416,26.85589711806353,2020-05-01,0,23.3361657423427,0.0,0.0,174.99974149816177,27.14032868778005,0.0,1,4.6882273e-05,0
LR0701,Barclayville,Grand Kru,12619.0,540.7486448,2020,6,0,0,0.0,478.08973065544575,25.605862897985126,2020-06-01,0,23.3361657423427,0.0,0.0,300.6135433421416,26.85589711806353,0.0,1,0.002834521,0
LR0701,Barclayville,Grand Kru,12619.0,540.7486448,2020,7,7,7,55.47190744116015,146.53336423986102,24.62268133724437,2020-07-01,1,23.3361657423427,0.0,0.0,478.08973065544575,25.605862897985126,0.0,1,0.6959769,1
LR0701,Barclayville,Grand Kru,12619.0,540.7486448,2020,8,1,1,7.924558205880023,62.6115987441119,24.41554832458496,2020-08-01,0,23.3361657423427,7.0,55.47190744116015,146.53336423986102,24.62268133724437,2.3333333333333335,1,0.006217337,0
LR0701,Barclayville,Grand Kru,12619.0,540.7486448,2020,9,0,0,0.0,251.60274011948533,24.99907145780676,2020-09-01,0,23.3361657423427,1.0,7.924558205880023,62.6115987441119,24.41554832458496,2.6666666666666665,1,0.000115399554,0
LR0701,Barclayville,Grand Kru,12619.0,540.7486448,2020,10,0,0,0.0,535.9942447437959,25.832233204561124,2020-10-01,0,23.3361657423427,0.0,0.0,251.60274011948533,24.99907145780676,2.6666666666666665,1,0.00026862213,0
LR0701,Barclayville,Grand Kru,12619.0,540.7486448,2020,11,0,0,0.0,294.23413624483,26.14048856847426,2020-11-01,0,23.3361657423427,0.0,0.0,535.9942447437959,25.832233204561124,0.3333333333333333,0,0.00017242122,0
LR0701,Barclayville,Grand Kru,12619.0,540.7486448,2020,12,0,0,0.0,105.18571876077092,26.2708459741929,2020-12-01,0,23.3361657423427,0.0,0.0,294.23413624483,26.14048856847426,0.0,0,0.00023825644,0
LR0701,Barclayville,Grand Kru,12619.0,540.7486448,2021,1,0,0,0.0,50.12086284861845,26.336658814374143,2021-01-01,0,23.3361657423427,0.0,0.0,105.18571876077092,26.2708459741929,0.0,0,1.0591712e-05,0
LR0701,Barclayville,Grand Kru,12619.0,540.7486448,2021,2,0,0,0.0,125.88729678883271,26.742360283346738,2021-02-01,0,23.3361657423427,0.0,0.0,50.12086284861845,26.336658814374143,0.0,0,2.3289074e-06,0
LR0701,Barclayville,Grand Kru,12619.0,540.7486448,2021,3,0,0,0.0,161.41768601361443,26.19863151101505,2021-03-01,0,23.3361657423427,0.0,0.0,125.88729678883271,26.742360283346738,0.0,0,2.2282406e-05,0
LR0701,Barclayville,Grand Kru,12619.0,540.7486448,2021,4,0,0,0.0,154.130952722886,26.83406975690056,2021-04-01,0,23.3361657423427,0.0,0.0,161.41768601361443,26.19863151101505,0.0,0,1.02587765e-05,0
LR0701,Barclayville,Grand Kru,12619.0,540.7486448,2021,5,0,0,0.0,223.3821859920726,26.76677872152889,2021-05-01,0,23.3361657423427,0.0,0.0,154.130952722886,26.83406975690056,0.0,1,7.388893e-05,0
LR0701,Barclayville,Grand Kru,12619.0,540.7486448,2021,6,0,0,0.0,625.4202342313879,26.04808156630572,2021-06-01,0,23.3361657423427,0.0,0.0,223.3821859920726,26.76677872152889,0.0,1,0.0003145357,0
LR0701,Barclayville,Grand Kru,12619.0,540.7486448,2021,7,0,0,0.0,315.4742934283089,24.978411506204043,2021-07-01,0,23.3361657423427,0.0,0.0,625.4202342313879,26.04808156630572,0.0,1,0.0015101366,0
LR0701,Barclayville,Grand Kru,12619.0,540.7486448,2021,8,0,0,0.0,225.81627251120176,25.04936184602625,2021-08-01,0,23.3361657423427,0.0,0.0,315.4742934283089,24.978411506204043,0.0,1,0.0003253561,0
LR0701,Barclayville,Grand Kru,12619.0,540.7486448,2021,9,0,0,0.0,421.7525850183824,25.453134873334104,2021-09-01,0,23.3361657423427,0.0,0.0,225.81627251120176,25.04936184602625,0.0,1,0.00026531707,0
LR0701,Barclayville,Grand Kru,12619.0,540.7486448,2021,10,0,0,0.0,364.4606843836168,26.10462727266199,2021-10-01,0,23.3361657423427,0.0,0.0,421.7525850183824,25.453134873334104,0.0,1,0.00019863805,0
LR0701,Barclayville,Grand Kru,12619.0,540.7486448,2021,11,0,0,0.0,219.339802461512,26.223264133228977,2021-11-01,0,23.3361657423427,0.0,0.0,364.4606843836168,26.10462727266199,0.0,0,0.00025621007,0
LR0701,Barclayville,Grand Kru,12619.0,540.7486448,2021,12,0,0,0.0,109.71327523624196,26.72996420018813,2021-12-01,0,23.3361657423427,0.0,0.0,219.339802461512,26.223264133228977,0.0,0,5.560313e-05,0
LR0701,Barclayville,Grand Kru,12619.0,540.7486448,2022,1,0,0,0.0,32.163479187909296,26.425780464621152,2022-01-01,0,23.3361657423427,0.0,0.0,109.71327523624196,26.72996420018813,0.0,0,0.00024375915,0
LR0701,Barclayville,Grand Kru,12619.0,540.7486448,2022,2,0,0,0.0,73.9508285522461,26.66022872924805,2022-02-01,0,23.3361657423427,0.0,0.0,32.163479187909296,26.425780464621152,0.0,0,5.0810763e-06,0
LR0701,Barclayville,Grand Kru,12619.0,540.7486448,2022,3,0,0,0.0,170.51532072179458,26.48427312514361,2022-03-01,0,23.3361657423427,0.0,0.0,73.9508285522461,26.66022872924805,0.0,0,4.477016e-06,0
LR0701,Barclayville,Grand Kru,12619.0,540.7486448,2022,4,0,0,0.0,198.91435062184053,26.781758140115176,2022-04-01,0,23.3361657423427,0.0,0.0,170.51532072179458,26.48427312514361,0.0,0,1.4129542e-05,0
LR0701,Barclayville,Grand Kru,12619.0,540.7486448,2022,5,0,0,0.0,323.96536075367646,26.491262660307047,2022-05-01,0,23.3361657423427,0.0,0.0,198.91435062184053,26.781758140115176,0.0,1,0.000105739266,0
LR0701,Barclayville,Grand Kru,12619.0,540.7486448,2022,6,0,0,0.0,744.978713091682,25.682034772985126,2022-06-01,0,23.3361657423427,0.0,0.0,323.96536075367646,26.491262660307047,0.0,1,0.0015560226,0
LR0701,Barclayville,Grand Kru,12619.0,540.7486448,2022,7,0,0,0.0,71.02345275878908,24.55164067885455,2022-07-01,0,23.3361657423427,0.0,0.0,744.978713091682,25.682034772985126,0.0,1,0.04550768,0
LR0701,Barclayville,Grand Kru,12619.0,540.7486448,2022,8,0,0,0.0,120.93830243278953,24.380953171673944,2022-08-01,0,23.3361657423427,0.0,0.0,71.02345275878908,24.55164067885455,0.0,1,1.275431e-05,0
LR0701,Barclayville,Grand Kru,12619.0,540.7486448,2022,9,0,0,0.0,276.2917067583869,24.815944447236905,2022-09-01,0,23.3361657423427,0.0,0.0,120.93830243278953,24.380953171673944,0.0,1,0.00040562966,0
LR0701,Barclayville,Grand Kru,12619.0,540.7486448,2022,10,0,0,0.0,358.2659014533548,25.87169568678912,2022-10-01,0,23.3361657423427,0.0,0.0,276.2917067583869,24.815944447236905,0.0,1,9.705847e-05,0
LR0701,Barclayville,Grand Kru,12619.0,540.7486448,2022,11,0,0,0.0,329.7432340734145,25.95284046846277,2022-11-01,0,23.3361657423427,0.0,0.0,358.2659014533548,25.87169568678912,0.0,0,0.00018935454,0
LR0701,Barclayville,Grand Kru,12619.0,540.7486448,2022,12,0,0,0.0,139.82509119370405,26.22271829492906,2022-12-01,0,23.3361657423427,0.0,0.0,329.7432340734145,25.95284046846277,0.0,0,0.00013326324,0
LR0701,Barclayville,Grand Kru,12619.0,540.7486448,2023,1,0,0,0.0,42.74249233919031,26.44130067264333,2023-01-01,0,23.3361657423427,0.0,0.0,139.82509119370405,26.22271829492906,0.0,0,0.00038951475,0
LR0701,Barclayville,Grand Kru,12619.0,540.7486448,2023,2,0,0,0.0,80.83796422621784,27.00762154074276,2023-02-01,0,23.3361657423427,0.0,0.0,42.74249233919031,26.44130067264333,0.0,0,3.870017e-06,0
LR0702,Bleebo,Grand Kru,2820.0,112.01209783,2020,4,0,0,0.0,172.4367879231771,26.984092712402344,2020-04-01,0,25.17585202519727,0.0,0.0,307.2322998046875,26.927846908569336,0.0,0,0.00042703218,0
LR0702,Bleebo,Grand Kru,2820.0,112.01209783,2020,5,0,0,0.0,298.5474548339844,26.699353218078613,2020-05-01,0,25.17585202519727,0.0,0.0,172.4367879231771,26.984092712402344,0.0,1,5.2168423e-05,0
LR0702,Bleebo,Grand Kru,2820.0,112.01209783,2020,6,0,0,0.0,470.93323771158856,25.447633743286133,2020-06-01,0,25.17585202519727,0.0,0.0,298.5474548339844,26.699353218078613,0.0,1,0.0027043228,0
LR0702,Bleebo,Grand Kru,2820.0,112.01209783,2020,7,0,0,0.0,180.7168986002604,24.46385669708252,2020-07-01,0,25.17585202519727,0.0,0.0,470.93323771158856,25.447633743286133,0.0,1,0.014850702,0
LR0702,Bleebo,Grand Kru,2820.0,112.01209783,2020,8,0,0,0.0,60.588905334472656,24.2505464553833,2020-08-01,0,25.17585202519727,0.0,0.0,180.7168986002604,24.46385669708252,0.0,1,0.00010559548,0
LR0702,Bleebo,Grand Kru,2820.0,112.01209783,2020,9,0,0,0.0,253.1521860758464,24.876025199890137,2020-09-01,0,25.17585202519727,0.0,0.0,60.588905334472656,24.2505464553833,0.0,1,2.9902154e-05,0
LR0702,Bleebo,Grand Kru,2820.0,112.01209783,2020,10,0,0,0.0,520.8194071451823,25.69880104064941,2020-10-01,0,25.17585202519727,0.0,0.0,253.1521860758464,24.876025199890137,0.0,1,3.8512844e-05,0
LR0702,Bleebo,Grand Kru,2820.0,112.01209783,2020,11,0,0,0.0,308.5619405110677,26.007208824157715,2020-11-01,0,25.17585202519727,0.0,0.0,520.8194071451823,25.69880104064941,0.0,0,0.00010289567,0
LR0702,Bleebo,Grand Kru,2820.0,112.01209783,2020,12,0,0,0.0,101.60468292236328,26.14288711547852,2020-12-01,0,25.17585202519727,0.0,0.0,308.5619405110677,26.007208824157715,0.0,0,6.723963e-05,0
LR0702,Bleebo,Grand Kru,2820.0,112.01209783,2021,1,0,0,0.0,56.28876876831055,26.185948371887207,2021-01-01,0,25.17585202519727,0.0,0.0,101.60468292236328,26.14288711547852,0.0,0,1.0483422e-05,0
LR0702,Bleebo,Grand Kru,2820.0,112.01209783,2021,2,0,0,0.0,134.76952616373697,26.588594436645508,2021-02-01,0,25.17585202519727,0.0,0.0,56.28876876831055,26.185948371887207,0.0,0,2.6543812e-06,0
LR0702,Bleebo,Grand Kru,2820.0,112.01209783,2021,3,0,0,0.0,183.5896250406901,26.05308055877685,2021-03-01,0,25.17585202519727,0.0,0.0,134.76952616373697,26.588594436645508,0.0,0,1.8608396e-05,0
LR0702,Bleebo,Grand Kru,2820.0,112.01209783,2021,4,0,0,0.0,150.7360636393229,26.6721830368042,2021-04-01,0,25.17585202519727,0.0,0.0,183.5896250406901,26.05308055877685,0.0,0,8.175455e-06,0
LR0702,Bleebo,Grand Kru,2820.0,112.01209783,2021,5,0,0,0.0,211.8263905843099,26.60067176818848,2021-05-01,0,25.17585202519727,0.0,0.0,150.7360636393229,26.6721830368042,0.0,1,6.392398e-05,0
LR0702,Bleebo,Grand Kru,2820.0,112.01209783,2021,6,0,0,0.0,671.5816446940104,25.888325691223145,2021-06-01,0,25.17585202519727,0.0,0.0,211.8263905843099,26.60067176818848,0.0,1,0.00013360703,0
LR0702,Bleebo,Grand Kru,2820.0,112.01209783,2021,7,0,0,0.0,337.396484375,24.798161506652832,2021-07-01,0,25.17585202519727,0.0,0.0,671.5816446940104,25.888325691223145,0.0,1,0.010253856,0
LR0702,Bleebo,Grand Kru,2820.0,112.01209783,2021,8,0,0,0.0,227.05530802408853,24.87729358673096,2021-08-01,0,25.17585202519727,0.0,0.0,337.396484375,24.798161506652832,0.0,1,0.0008661494,0
LR0702,Bleebo,Grand Kru,2820.0,112.01209783,2021,9,0,0,0.0,407.2351888020833,25.33160400390625,2021-09-01,0,25.17585202519727,0.0,0.0,227.05530802408853,24.87729358673096,0.0,1,7.0662245e-05,0
LR0702,Bleebo,Grand Kru,2820.0,112.01209783,2021,10,0,0,0.0,352.63062540690106,25.954296112060547,2021-10-01,0,25.17585202519727,0.0,0.0,407.2351888020833,25.33160400390625,0.0,1,0.00018102136,0
LR0702,Bleebo,Grand Kru,2820.0,112.01209783,2021,11,0,0,0.0,226.2818857828776,26.07784652709961,2021-11-01,0,25.17585202519727,0.0,0.0,352.63062540690106,25.954296112060547,0.0,0,0.0006838047,0
LR0702,Bleebo,Grand Kru,2820.0,112.01209783,2021,12,0,0,0.0,111.4797592163086,26.58172035217285,2021-12-01,0,25.17585202519727,0.0,0.0,226.2818857828776,26.07784652709961,0.0,0,3.4259276e-05,0
LR0702,Bleebo,Grand Kru,2820.0,112.01209783,2022,1,0,0,0.0,31.74444071451823,26.200732231140137,2022-01-01,0,25.17585202519727,0.0,0.0,111.4797592163086,26.58172035217285,0.0,0,0.00058207836,0
LR0702,Bleebo,Grand Kru,2820.0,112.01209783,2022,2,0,0,0.0,81.0271504720052,26.50459289550781,2022-02-01,0,25.17585202519727,0.0,0.0,31.74444071451823,26.200732231140137,0.0,0,1.5044702e-06,0
LR0702,Bleebo,Grand Kru,2820.0,112.01209783,2022,3,0,0,0.0,195.27733866373697,26.345722198486328,2022-03-01,0,25.17585202519727,0.0,0.0,81.0271504720052,26.50459289550781,0.0,0,3.0934834e-06,0
LR0702,Bleebo,Grand Kru,2820.0,112.01209783,2022,4,0,0,0.0,200.1455535888672,26.606332778930664,2022-04-01,0,25.17585202519727,0.0,0.0,195.27733866373697,26.345722198486328,0.0,0,2.0156433e-05,0
LR0702,Bleebo,Grand Kru,2820.0,112.01209783,2022,5,0,0,0.0,296.38622029622394,26.314223289489743,2022-05-01,0,25.17585202519727,0.0,0.0,200.1455535888672,26.606332778930664,0.0,1,8.4741034e-05,0
LR0702,Bleebo,Grand Kru,2820.0,112.01209783,2022,6,0,0,0.0,764.7965494791666,25.51621913909912,2022-06-01,0,25.17585202519727,0.0,0.0,296.38622029622394,26.314223289489743,0.0,1,0.00453058,0
LR0702,Bleebo,Grand Kru,2820.0,112.01209783,2022,7,0,0,0.0,80.93604278564453,24.379966735839844,2022-07-01,0,25.17585202519727,0.0,0.0,764.7965494791666,25.51621913909912,0.0,1,0.009776109,0
LR0702,Bleebo,Grand Kru,2820.0,112.01209783,2022,8,0,0,0.0,137.0986557006836,24.229432106018063,2022-08-01,0,25.17585202519727,0.0,0.0,80.93604278564453,24.379966735839844,0.0,1,8.690071e-05,0
LR0702,Bleebo,Grand Kru,2820.0,112.01209783,2022,9,0,0,0.0,287.7904256184896,24.677446365356445,2022-09-01,0,25.17585202519727,0.0,0.0,137.0986557006836,24.229432106018063,0.0,1,0.0019250565,0
LR0702,Bleebo,Grand Kru,2820.0,112.01209783,2022,10,0,0,0.0,363.8880818684896,25.745176315307617,2022-10-01,0,25.17585202519727,0.0,0.0,287.7904256184896,24.677446365356445,0.0,1,0.00014762561,0
LR0702,Bleebo,Grand Kru,2820.0,112.01209783,2022,11,0,0,0.0,344.9798685709636,25.820877075195312,2022-11-01,0,25.17585202519727,0.0,0.0,363.8880818684896,25.745176315307617,0.0,0,0.0001378894,0
LR0702,Bleebo,Grand Kru,2820.0,112.01209783,2022,12,0,0,0.0,155.42479960123697,26.056001663208008,2022-12-01,0,25.17585202519727,0.0,0.0,344.9798685709636,25.820877075195312,0.0,0,0.00015302711,0
LR0702,Bleebo,Grand Kru,2820.0,112.01209783,2023,1,0,0,0.0,51.25388590494792,26.20346069335937,2023-01-01,0,25.17585202519727,0.0,0.0,155.42479960123697,26.056001663208008,0.0,0,1.4538362e-05,0
LR0702,Bleebo,Grand Kru,2820.0,112.01209783,2023,2,0,0,0.0,93.50207773844402,26.83467674255371,2023-02-01,0,25.17585202519727,0.0,0.0,51.25388590494792,26.20346069335937,0.0,0,2.4360625e-06,0
LR0703,Bolloh,Grand Kru,1755.0,127.03994453,2020,4,0,0,0.0,190.0108184814453,26.926156997680664,2020-04-01,0,13.814552631401405,0.0,0.0,311.0236511230469,26.909451802571613,0.0,0,8.888245e-05,0
LR0703,Bolloh,Grand Kru,1755.0,127.03994453,2020,5,0,0,0.0,332.87357330322266,26.647764841715496,2020-05-01,0,13.814552631401405,0.0,0.0,190.0108184814453,26.926156997680664,0.0,1,8.494767e-05,0
LR0703,Bolloh,Grand Kru,1755.0,127.03994453,2020,6,0,0,0.0,515.6774597167969,25.42035865783692,2020-06-01,0,13.814552631401405,0.0,0.0,332.87357330322266,26.647764841715496,0.0,1,0.0004661306,0
LR0703,Bolloh,Grand Kru,1755.0,127.03994453,2020,7,0,0,0.0,142.80745697021484,24.425992329915363,2020-07-01,0,13.814552631401405,0.0,0.0,515.6774597167969,25.42035865783692,0.0,1,0.0003426361,0
LR0703,Bolloh,Grand Kru,1755.0,127.03994453,2020,8,0,0,0.0,84.68275833129883,24.23206075032552,2020-08-01,0,13.814552631401405,0.0,0.0,142.80745697021484,24.425992329915363,0.0,1,0.00010723845,0
LR0703,Bolloh,Grand Kru,1755.0,127.03994453,2020,9,0,0,0.0,328.82379150390625,24.8694388071696,2020-09-01,0,13.814552631401405,0.0,0.0,84.68275833129883,24.23206075032552,0.0,1,7.259136e-05,0
LR0703,Bolloh,Grand Kru,1755.0,127.03994453,2020,10,0,0,0.0,464.6730041503906,25.66603914896648,2020-10-01,0,13.814552631401405,0.0,0.0,328.82379150390625,24.8694388071696,0.0,1,3.702277e-05,0
LR0703,Bolloh,Grand Kru,1755.0,127.03994453,2020,11,0,0,0.0,290.3352279663086,25.981451670328777,2020-11-01,0,13.814552631401405,0.0,0.0,464.6730041503906,25.66603914896648,0.0,0,1.5435e-05,0
LR0703,Bolloh,Grand Kru,1755.0,127.03994453,2020,12,0,0,0.0,113.77100944519044,26.125940322875977,2020-12-01,0,13.814552631401405,0.0,0.0,290.3352279663086,25.981451670328777,0.0,0,7.956687e-05,0
LR0703,Bolloh,Grand Kru,1755.0,127.03994453,2021,1,0,0,0.0,53.39805793762207,26.136808395385746,2021-01-01,0,13.814552631401405,0.0,0.0,113.77100944519044,26.125940322875977,0.0,0,5.5066896e-05,0
LR0703,Bolloh,Grand Kru,1755.0,127.03994453,2021,2,0,0,0.0,149.6659393310547,26.613380432128903,2021-02-01,0,13.814552631401405,0.0,0.0,53.39805793762207,26.136808395385746,0.0,0,1.3906264e-06,0
LR0703,Bolloh,Grand Kru,1755.0,127.03994453,2021,3,0,0,0.0,229.6503219604492,26.020171483357743,2021-03-01,0,13.814552631401405,0.0,0.0,149.6659393310547,26.613380432128903,0.0,0,6.1220526e-05,0
LR0703,Bolloh,Grand Kru,1755.0,127.03994453,2021,4,0,0,0.0,165.10385131835938,26.610799153645832,2021-04-01,0,13.814552631401405,0.0,0.0,229.6503219604492,26.020171483357743,0.0,0,4.8343383e-05,0
LR0703,Bolloh,Grand Kru,1755.0,127.03994453,2021,5,0,0,0.0,246.9947662353516,26.562615076700848,2021-05-01,0,13.814552631401405,0.0,0.0,165.10385131835938,26.610799153645832,0.0,1,1.908677e-05,0
LR0703,Bolloh,Grand Kru,1755.0,127.03994453,2021,6,0,0,0.0,684.671875,25.824347813924152,2021-06-01,0,13.814552631401405,0.0,0.0,246.9947662353516,26.562615076700848,0.0,1,0.0001260521,0
LR0703,Bolloh,Grand Kru,1755.0,127.03994453,2021,7,0,0,0.0,294.49942779541016,24.75349807739257,2021-07-01,0,13.814552631401405,0.0,0.0,684.671875,25.824347813924152,0.0,1,0.0002913445,0
LR0703,Bolloh,Grand Kru,1755.0,127.03994453,2021,8,0,0,0.0,286.31201934814453,24.85861714680989,2021-08-01,0,13.814552631401405,0.0,0.0,294.49942779541016,24.75349807739257,0.0,1,0.0012423416,0
LR0703,Bolloh,Grand Kru,1755.0,127.03994453,2021,9,0,0,0.0,435.8392562866211,25.28551419576009,2021-09-01,0,13.814552631401405,0.0,0.0,286.31201934814453,24.85861714680989,0.0,1,8.4741034e-05,0
LR0703,Bolloh,Grand Kru,1755.0,127.03994453,2021,10,0,0,0.0,386.7262878417969,25.937095642089844,2021-10-01,0,13.814552631401405,0.0,0.0,435.8392562866211,25.28551419576009,0.0,1,1.174468e-05,0
LR0703,Bolloh,Grand Kru,1755.0,127.03994453,2021,11,0,0,0.0,209.6255416870117,26.069735209147137,2021-11-01,0,13.814552631401405,0.0,0.0,386.7262878417969,25.937095642089844,0.0,0,9.4195915e-05,0
LR0703,Bolloh,Grand Kru,1755.0,127.03994453,2021,12,0,0,0.0,91.45670890808104,26.53652572631836,2021-12-01,0,13.814552631401405,0.0,0.0,209.6255416870117,26.069735209147137,0.0,0,8.5813335e-06,0
LR0703,Bolloh,Grand Kru,1755.0,127.03994453,2022,1,0,0,0.0,35.09094429016113,26.112829844156902,2022-01-01,0,13.814552631401405,0.0,0.0,91.45670890808104,26.53652572631836,0.0,0,0.00015486433,0
LR0703,Bolloh,Grand Kru,1755.0,127.03994453,2022,2,0,0,0.0,82.49712562561035,26.49531428019206,2022-02-01,0,13.814552631401405,0.0,0.0,35.09094429016113,26.112829844156902,0.0,0,7.8736355e-07,0
LR0703,Bolloh,Grand Kru,1755.0,127.03994453,2022,3,0,0,0.0,205.90100860595703,26.30233764648437,2022-03-01,0,13.814552631401405,0.0,0.0,82.49712562561035,26.49531428019206,0.0,0,2.3159153e-06,0
LR0703,Bolloh,Grand Kru,1755.0,127.03994453,2022,4,0,0,0.0,199.4093780517578,26.57305908203125,2022-04-01,0,13.814552631401405,0.0,0.0,205.90100860595703,26.30233764648437,0.0,0,2.1631471e-05,0
LR0703,Bolloh,Grand Kru,1755.0,127.03994453,2022,5,0,0,0.0,337.10375213623047,26.29482078552246,2022-05-01,0,13.814552631401405,0.0,0.0,199.4093780517578,26.57305908203125,0.0,1,6.741715e-05,0
LR0703,Bolloh,Grand Kru,1755.0,127.03994453,2022,6,0,0,0.0,635.5883636474609,25.489267349243164,2022-06-01,0,13.814552631401405,0.0,0.0,337.10375213623047,26.29482078552246,0.0,1,0.0002452661,0
LR0703,Bolloh,Grand Kru,1755.0,127.03994453,2022,7,0,0,0.0,65.94503974914551,24.37267176310221,2022-07-01,0,13.814552631401405,0.0,0.0,635.5883636474609,25.489267349243164,0.0,1,0.00033501812,0
LR0703,Bolloh,Grand Kru,1755.0,127.03994453,2022,8,0,0,0.0,131.09556770324707,24.207028071085613,2022-08-01,0,13.814552631401405,0.0,0.0,65.94503974914551,24.37267176310221,0.0,1,4.4961896e-05,0
LR0703,Bolloh,Grand Kru,1755.0,127.03994453,2022,9,0,0,0.0,308.211181640625,24.66408602396648,2022-09-01,0,13.814552631401405,0.0,0.0,131.09556770324707,24.207028071085613,0.0,1,0.00052339194,0
LR0703,Bolloh,Grand Kru,1755.0,127.03994453,2022,10,0,0,0.0,412.1182403564453,25.70797793070476,2022-10-01,0,13.814552631401405,0.0,0.0,308.211181640625,24.66408602396648,0.0,1,3.514011e-05,0
LR0703,Bolloh,Grand Kru,1755.0,127.03994453,2022,11,0,0,0.0,312.7425308227539,25.790703455607098,2022-11-01,0,13.814552631401405,0.0,0.0,412.1182403564453,25.70797793070476,0.0,0,2.3963788e-05,0
LR0703,Bolloh,Grand Kru,1755.0,127.03994453,2022,12,0,0,0.0,125.76938247680664,25.97129758199056,2022-12-01,0,13.814552631401405,0.0,0.0,312.7425308227539,25.790703455607098,0.0,0,1.3221979e-05,0
LR0703,Bolloh,Grand Kru,1755.0,127.03994453,2023,1,0,0,0.0,40.47646427154541,26.14220937093099,2023-01-01,0,13.814552631401405,0.0,0.0,125.76938247680664,25.97129758199056,0.0,0,0.00066410354,0
LR0703,Bolloh,Grand Kru,1755.0,127.03994453,2023,2,0,0,0.0,71.89728927612305,26.810009002685547,2023-02-01,0,13.814552631401405,0.0,0.0,40.47646427154541,26.14220937093099,0.0,0,4.0628456e-06,0
LR0704,Buah,Grand Kru,2903.0,279.30400761,2020,4,1,1,34.44712366517396,172.4937744140625,26.791332244873047,2020-04-01,0,10.393692610574856,0.0,0.0,299.461412217882,26.75008265177409,0.0,0,0.000338665,0
LR0704,Buah,Grand Kru,2903.0,279.30400761,2020,5,0,0,0.0,307.1258951822917,26.48978805541992,2020-05-01,0,10.393692610574856,1.0,34.44712366517396,172.4937744140625,26.791332244873047,0.5,1,4.932504e-05,0
LR0704,Buah,Grand Kru,2903.0,279.30400761,2020,6,0,0,0.0,465.7494642469618,25.2375602722168,2020-06-01,0,10.393692610574856,0.0,0.0,307.1258951822917,26.48978805541992,0.3333333333333333,1,0.012953293,0
LR0704,Buah,Grand Kru,2903.0,279.30400761,2020,7,0,0,0.0,141.41017320421008,24.256039513481987,2020-07-01,0,10.393692610574856,0.0,0.0,465.7494642469618,25.2375602722168,0.3333333333333333,1,0.00067590276,0
LR0704,Buah,Grand Kru,2903.0,279.30400761,2020,8,0,0,0.0,74.31623416476779,24.0691892835829,2020-08-01,0,10.393692610574856,0.0,0.0,141.41017320421008,24.256039513481987,0.0,1,0.00013435184,0
LR0704,Buah,Grand Kru,2903.0,279.30400761,2020,9,0,0,0.0,264.9706743028429,24.729187223646377,2020-09-01,0,10.393692610574856,0.0,0.0,74.31623416476779,24.0691892835829,0.0,1,2.0457119e-05,0
LR0704,Buah,Grand Kru,2903.0,279.30400761,2020,10,0,0,0.0,494.0187174479167,25.54186036851671,2020-10-01,0,10.393692610574856,0.0,0.0,264.9706743028429,24.729187223646377,0.0,1,5.309001e-05,0
LR0704,Buah,Grand Kru,2903.0,279.30400761,2020,11,0,0,0.0,290.1455993652344,25.83793385823568,2020-11-01,0,10.393692610574856,0.0,0.0,494.0187174479167,25.54186036851671,0.0,0,2.5742394e-05,0
LR0704,Buah,Grand Kru,2903.0,279.30400761,2020,12,0,0,0.0,114.33533477783205,25.9927241007487,2020-12-01,0,10.393692610574856,0.0,0.0,290.1455993652344,25.83793385823568,0.0,0,9.059145e-05,0
LR0704,Buah,Grand Kru,2903.0,279.30400761,2021,1,0,0,0.0,53.63202158610026,26.00600306193034,2021-01-01,0,10.393692610574856,0.0,0.0,114.33533477783205,25.9927241007487,0.0,0,8.6607855e-05,0
LR0704,Buah,Grand Kru,2903.0,279.30400761,2021,2,0,0,0.0,133.999752468533,26.436436123318146,2021-02-01,0,10.393692610574856,0.0,0.0,53.63202158610026,26.00600306193034,0.0,0,3.976368e-06,0
LR0704,Buah,Grand Kru,2903.0,279.30400761,2021,3,0,0,0.0,200.57178412543405,25.87508053249783,2021-03-01,0,10.393692610574856,0.0,0.0,133.999752468533,26.436436123318146,0.0,0,2.3526083e-05,0
LR0704,Buah,Grand Kru,2903.0,279.30400761,2021,4,0,0,0.0,149.48859659830728,26.467453002929688,2021-04-01,0,10.393692610574856,0.0,0.0,200.57178412543405,25.87508053249783,0.0,0,5.920544e-05,0
LR0704,Buah,Grand Kru,2903.0,279.30400761,2021,5,0,0,0.0,218.90828789605035,26.39736832512749,2021-05-01,0,10.393692610574856,0.0,0.0,149.48859659830728,26.467453002929688,0.0,1,0.00013363762,0
LR0704,Buah,Grand Kru,2903.0,279.30400761,2021,6,0,0,0.0,624.089111328125,25.6851912604438,2021-06-01,0,10.393692610574856,0.0,0.0,218.90828789605035,26.39736832512749,0.0,1,0.00036545238,0
LR0704,Buah,Grand Kru,2903.0,279.30400761,2021,7,0,0,0.0,295.3335876464844,24.565651575724285,2021-07-01,0,10.393692610574856,0.0,0.0,624.089111328125,25.6851912604438,0.0,1,0.002463321,0
LR0704,Buah,Grand Kru,2903.0,279.30400761,2021,8,0,0,0.0,261.39686584472656,24.671663496229385,2021-08-01,0,10.393692610574856,0.0,0.0,295.3335876464844,24.565651575724285,0.0,1,0.0023590322,0
LR0704,Buah,Grand Kru,2903.0,279.30400761,2021,9,0,0,0.0,393.79097832573785,25.16006787618001,2021-09-01,0,10.393692610574856,0.0,0.0,261.39686584472656,24.671663496229385,0.0,1,7.1875686e-05,0
LR0704,Buah,Grand Kru,2903.0,279.30400761,2021,10,0,0,0.0,368.8374769422743,25.78189828660753,2021-10-01,0,10.393692610574856,0.0,0.0,393.79097832573785,25.16006787618001,0.0,1,3.0828236e-05,0
LR0704,Buah,Grand Kru,2903.0,279.30400761,2021,11,0,0,0.0,201.6081373426649,25.916968663533527,2021-11-01,0,10.393692610574856,0.0,0.0,368.8374769422743,25.78189828660753,0.0,0,4.5244913e-05,0
LR0704,Buah,Grand Kru,2903.0,279.30400761,2021,12,0,0,0.0,102.5744086371528,26.41722679138184,2021-12-01,0,10.393692610574856,0.0,0.0,201.6081373426649,25.916968663533527,0.0,0,1.815719e-05,0
LR0704,Buah,Grand Kru,2903.0,279.30400761,2022,1,0,0,0.0,35.14550315009223,25.9759890238444,2022-01-01,0,10.393692610574856,0.0,0.0,102.5744086371528,26.41722679138184,0.0,0,0.00026530743,0
LR0704,Buah,Grand Kru,2903.0,279.30400761,2022,2,0,0,0.0,73.65628814697266,26.32878261142307,2022-02-01,0,10.393692610574856,0.0,0.0,35.14550315009223,25.9759890238444,0.0,0,5.7673315e-06,0
LR0704,Buah,Grand Kru,2903.0,279.30400761,2022,3,0,0,0.0,184.45929633246524,26.14648501078288,2022-03-01,0,10.393692610574856,0.0,0.0,73.65628814697266,26.32878261142307,0.0,0,1.36199105e-05,0
LR0704,Buah,Grand Kru,2903.0,279.30400761,2022,4,0,0,0.0,191.39630126953125,26.406139585706924,2022-04-01,0,10.393692610574856,0.0,0.0,184.45929633246524,26.14648501078288,0.0,0,2.553637e-05,0
LR0704,Buah,Grand Kru,2903.0,279.30400761,2022,5,0,0,0.0,316.52796766493054,26.105138142903645,2022-05-01,0,10.393692610574856,0.0,0.0,191.39630126953125,26.406139585706924,0.0,1,0.00070661935,0
LR0704,Buah,Grand Kru,2903.0,279.30400761,2022,6,0,0,0.0,688.7498304578993,25.309887144300674,2022-06-01,0,10.393692610574856,0.0,0.0,316.52796766493054,26.105138142903645,0.0,1,0.00015639832,0
LR0704,Buah,Grand Kru,2903.0,279.30400761,2022,7,0,0,0.0,68.6200574239095,24.16445753309462,2022-07-01,0,10.393692610574856,0.0,0.0,688.7498304578993,25.309887144300674,0.0,1,0.00033604927,0
LR0704,Buah,Grand Kru,2903.0,279.30400761,2022,8,0,0,0.0,143.96049499511722,24.03910806443956,2022-08-01,0,10.393692610574856,0.0,0.0,68.6200574239095,24.16445753309462,0.0,1,3.2593543e-05,0
LR0704,Buah,Grand Kru,2903.0,279.30400761,2022,9,0,0,0.0,287.47029961480035,24.508842680189343,2022-09-01,0,10.393692610574856,0.0,0.0,143.96049499511722,24.03910806443956,0.0,1,0.00028446072,0
LR0704,Buah,Grand Kru,2903.0,279.30400761,2022,10,0,0,0.0,392.5819600423177,25.58360841539171,2022-10-01,0,10.393692610574856,0.0,0.0,287.47029961480035,24.508842680189343,0.0,1,5.77929e-05,0
LR0704,Buah,Grand Kru,2903.0,279.30400761,2022,11,0,0,0.0,314.52720133463544,25.672288682725696,2022-11-01,0,10.393692610574856,0.0,0.0,392.5819600423177,25.58360841539171,0.0,0,7.407567e-05,0
LR0704,Buah,Grand Kru,2903.0,279.30400761,2022,12,0,0,0.0,127.75187259250217,25.8660208384196,2022-12-01,0,10.393692610574856,0.0,0.0,314.52720133463544,25.672288682725696,0.0,0,4.5179164e-05,0
LR0704,Buah,Grand Kru,2903.0,279.30400761,2023,1,0,0,0.0,48.436951107449005,26.04334852430556,2023-01-01,0,10.393692610574856,0.0,0.0,127.75187259250217,25.8660208384196,0.0,0,0.0012454393,0
LR0704,Buah,Grand Kru,2903.0,279.30400761,2023,2,0,0,0.0,80.84137980143228,26.70297728644477,2023-02-01,0,10.393692610574856,0.0,0.0,48.436951107449005,26.04334852430556,0.0,0,2.8140478e-06,0
LR0705,Dorbor,Grand Kru,8167.0,237.86786125,2020,4,0,0,0.0,182.7842593722873,26.699430227279663,2020-04-01,0,34.334188557807956,0.0,0.0,321.6718851725261,26.666765451431274,0.0,0,0.00011120458,0
LR0705,Dorbor,Grand Kru,8167.0,237.86786125,2020,5,0,0,0.0,312.1717631022135,26.399551153182983,2020-05-01,0,34.334188557807956,0.0,0.0,182.7842593722873,26.699430227279663,0.0,1,0.0005897395,0
LR0705,Dorbor,Grand Kru,8167.0,237.86786125,2020,6,0,0,0.0,489.3777703179253,25.15206003189087,2020-06-01,0,34.334188557807956,0.0,0.0,312.1717631022135,26.399551153182983,0.0,1,0.0037195964,0
LR0705,Dorbor,Grand Kru,8167.0,237.86786125,2020,7,0,0,0.0,121.27723269992404,24.16773295402527,2020-07-01,0,34.334188557807956,0.0,0.0,489.3777703179253,25.15206003189087,0.0,1,0.004210133,0
LR0705,Dorbor,Grand Kru,8167.0,237.86786125,2020,8,0,0,0.0,75.29697926839192,23.98511385917664,2020-08-01,0,34.334188557807956,0.0,0.0,121.27723269992404,24.16773295402527,0.0,1,0.00014195134,0
LR0705,Dorbor,Grand Kru,8167.0,237.86786125,2020,9,0,0,0.0,346.1887681749132,24.66569232940674,2020-09-01,0,34.334188557807956,0.0,0.0,75.29697926839192,23.98511385917664,0.0,1,0.00021845086,0
LR0705,Dorbor,Grand Kru,8167.0,237.86786125,2020,10,0,0,0.0,462.023918999566,25.469965457916256,2020-10-01,0,34.334188557807956,0.0,0.0,346.1887681749132,24.66569232940674,0.0,1,0.00014730629,0
LR0705,Dorbor,Grand Kru,8167.0,237.86786125,2020,11,0,0,0.0,277.612791273329,25.76585602760315,2020-11-01,0,34.334188557807956,0.0,0.0,462.023918999566,25.469965457916256,0.0,0,4.0783467e-05,0
LR0705,Dorbor,Grand Kru,8167.0,237.86786125,2020,12,0,0,0.0,109.74280209011502,25.92326545715332,2020-12-01,0,34.334188557807956,0.0,0.0,277.612791273329,25.76585602760315,0.0,0,2.4825846e-05,0
LR0705,Dorbor,Grand Kru,8167.0,237.86786125,2021,1,0,0,0.0,52.238648308648,25.916561365127563,2021-01-01,0,34.334188557807956,0.0,0.0,109.74280209011502,25.92326545715332,0.0,0,3.1496565e-05,0
LR0705,Dorbor,Grand Kru,8167.0,237.86786125,2021,2,0,0,0.0,149.60445658365884,26.365602493286133,2021-02-01,0,34.334188557807956,0.0,0.0,52.238648308648,25.916561365127563,0.0,0,2.7392305e-06,0
LR0705,Dorbor,Grand Kru,8167.0,237.86786125,2021,3,0,0,0.0,234.926752726237,25.795812368392944,2021-03-01,0,34.334188557807956,0.0,0.0,149.60445658365884,26.365602493286133,0.0,0,1.311462e-05,0
LR0705,Dorbor,Grand Kru,8167.0,237.86786125,2021,4,0,0,0.0,159.44845920138886,26.373779773712155,2021-04-01,0,34.334188557807956,0.0,0.0,234.926752726237,25.795812368392944,0.0,0,2.6802541e-05,0
LR0705,Dorbor,Grand Kru,8167.0,237.86786125,2021,5,0,0,0.0,230.50069003634985,26.30617427825928,2021-05-01,0,34.334188557807956,0.0,0.0,159.44845920138886,26.373779773712155,0.0,1,8.8087705e-05,0
LR0705,Dorbor,Grand Kru,8167.0,237.86786125,2021,6,0,0,0.0,636.8120930989584,25.592670917510983,2021-06-01,0,34.334188557807956,0.0,0.0,230.50069003634985,26.30617427825928,0.0,1,0.00028688827,0
LR0705,Dorbor,Grand Kru,8167.0,237.86786125,2021,7,0,0,0.0,260.20992702907984,24.4656822681427,2021-07-01,0,34.334188557807956,0.0,0.0,636.8120930989584,25.592670917510983,0.0,1,0.0029978028,0
LR0705,Dorbor,Grand Kru,8167.0,237.86786125,2021,8,0,0,0.0,280.04696316189234,24.58209800720215,2021-08-01,0,34.334188557807956,0.0,0.0,260.20992702907984,24.4656822681427,0.0,1,0.0026471007,0
LR0705,Dorbor,Grand Kru,8167.0,237.86786125,2021,9,0,0,0.0,438.75617133246527,25.08458495140076,2021-09-01,0,34.334188557807956,0.0,0.0,280.04696316189234,24.58209800720215,0.0,1,0.00025330245,0
LR0705,Dorbor,Grand Kru,8167.0,237.86786125,2021,10,0,0,0.0,379.37484063042535,25.705530166625977,2021-10-01,0,34.334188557807956,0.0,0.0,438.75617133246527,25.08458495140076,0.0,1,2.962174e-05,0
LR0705,Dorbor,Grand Kru,8167.0,237.86786125,2021,11,0,0,0.0,191.88761393229169,25.8451886177063,2021-11-01,0,34.334188557807956,0.0,0.0,379.37484063042535,25.705530166625977,0.0,0,3.3442622e-05,0
LR0705,Dorbor,Grand Kru,8167.0,237.86786125,2021,12,0,0,0.0,92.21524726019965,26.332926034927368,2021-12-01,0,34.334188557807956,0.0,0.0,191.88761393229169,25.8451886177063,0.0,0,1.4389625e-05,0
LR0705,Dorbor,Grand Kru,8167.0,237.86786125,2022,1,0,0,0.0,35.66096115112305,25.844176769256592,2022-01-01,0,34.334188557807956,0.0,0.0,92.21524726019965,26.332926034927368,0.0,0,9.5748146e-05,0
LR0705,Dorbor,Grand Kru,8167.0,237.86786125,2022,2,0,0,0.0,77.19235144721137,26.246805906295776,2022-02-01,0,34.334188557807956,0.0,0.0,35.66096115112305,25.844176769256592,0.0,0,3.2481473e-06,0
LR0705,Dorbor,Grand Kru,8167.0,237.86786125,2022,3,0,0,0.0,201.6431596544054,26.067022085189816,2022-03-01,0,34.334188557807956,0.0,0.0,77.19235144721137,26.246805906295776,0.0,0,7.3629317e-06,0
LR0705,Dorbor,Grand Kru,8167.0,237.86786125,2022,4,0,0,0.0,199.35840861002603,26.31412529945373,2022-04-01,0,34.334188557807956,0.0,0.0,201.6431596544054,26.067022085189816,0.0,0,2.1053493e-05,0
LR0705,Dorbor,Grand Kru,8167.0,237.86786125,2022,5,0,0,0.0,316.2164306640625,26.01494312286377,2022-05-01,0,34.334188557807956,0.0,0.0,199.35840861002603,26.31412529945373,0.0,1,0.0011090444,0
LR0705,Dorbor,Grand Kru,8167.0,237.86786125,2022,6,0,0,0.0,597.5510660807292,25.2212872505188,2022-06-01,0,34.334188557807956,0.0,0.0,316.2164306640625,26.01494312286377,0.0,1,0.0003775663,0
LR0705,Dorbor,Grand Kru,8167.0,237.86786125,2022,7,0,0,0.0,55.41508907741971,24.078855991363525,2022-07-01,0,34.334188557807956,0.0,0.0,597.5510660807292,25.2212872505188,0.0,1,0.0044978694,0
LR0705,Dorbor,Grand Kru,8167.0,237.86786125,2022,8,0,0,0.0,150.01500956217447,23.9592719078064,2022-08-01,0,34.334188557807956,0.0,0.0,55.41508907741971,24.078855991363525,0.0,1,2.1236447e-05,0
LR0705,Dorbor,Grand Kru,8167.0,237.86786125,2022,9,0,0,0.0,312.1194186740452,24.436574697494503,2022-09-01,0,34.334188557807956,0.0,0.0,150.01500956217447,23.9592719078064,0.0,1,0.0015017255,0
LR0705,Dorbor,Grand Kru,8167.0,237.86786125,2022,10,0,0,0.0,409.97475518120666,25.51169419288636,2022-10-01,0,34.334188557807956,0.0,0.0,312.1194186740452,24.436574697494503,0.0,1,0.00026492626,0
LR0705,Dorbor,Grand Kru,8167.0,237.86786125,2022,11,0,0,0.0,296.3770412868924,25.59998273849488,2022-11-01,0,34.334188557807956,0.0,0.0,409.97475518120666,25.51169419288636,0.0,0,7.980806e-05,0
LR0705,Dorbor,Grand Kru,8167.0,237.86786125,2022,12,0,0,0.0,122.13355424669054,25.759976863861084,2022-12-01,0,34.334188557807956,0.0,0.0,296.3770412868924,25.59998273849488,0.0,0,6.389284e-05,0
LR0705,Dorbor,Grand Kru,8167.0,237.86786125,2023,1,0,0,0.0,42.67063946194119,25.92162251472473,2023-01-01,0,34.334188557807956,0.0,0.0,122.13355424669054,25.759976863861084,0.0,0,0.0008412143,0
LR0705,Dorbor,Grand Kru,8167.0,237.86786125,2023,2,0,0,0.0,76.21976555718317,26.61994504928589,2023-02-01,0,34.334188557807956,0.0,0.0,42.67063946194119,25.92162251472473,0.0,0,3.6073702e-06,0
LR0706,Dweh,Grand Kru,3966.0,84.02568804,2020,4,0,0,0.0,196.90839385986328,26.57185045878093,2020-04-01,0,47.19985152769003,0.0,0.0,322.1944885253906,26.532028834025063,0.0,0,0.00013324684,0
LR0706,Dweh,Grand Kru,3966.0,84.02568804,2020,5,0,0,0.0,285.13365173339844,26.2582270304362,2020-05-01,0,47.19985152769003,0.0,0.0,196.90839385986328,26.57185045878093,0.0,1,0.00012720644,0
LR0706,Dweh,Grand Kru,3966.0,84.02568804,2020,6,0,0,0.0,452.1259002685547,24.9997075398763,2020-06-01,0,47.19985152769003,0.0,0.0,285.13365173339844,26.2582270304362,0.0,1,0.007656794,0
LR0706,Dweh,Grand Kru,3966.0,84.02568804,2020,7,0,0,0.0,141.5486602783203,24.02243423461914,2020-07-01,0,47.19985152769003,0.0,0.0,452.1259002685547,24.9997075398763,0.0,1,0.00026354595,0
LR0706,Dweh,Grand Kru,3966.0,84.02568804,2020,8,0,0,0.0,70.3036003112793,23.84833335876465,2020-08-01,0,47.19985152769003,0.0,0.0,141.5486602783203,24.02243423461914,0.0,1,1.9533707e-05,0
LR0706,Dweh,Grand Kru,3966.0,84.02568804,2020,9,0,0,0.0,430.0543518066406,24.55316607157389,2020-09-01,0,47.19985152769003,0.0,0.0,70.3036003112793,23.84833335876465,0.0,1,2.7858458e-05,0
LR0706,Dweh,Grand Kru,3966.0,84.02568804,2020,10,0,0,0.0,413.8579864501953,25.35878562927246,2020-10-01,0,47.19985152769003,0.0,0.0,430.0543518066406,24.55316607157389,0.0,1,5.7715184e-05,0
LR0706,Dweh,Grand Kru,3966.0,84.02568804,2020,11,0,0,0.0,246.5545654296875,25.644332885742188,2020-11-01,0,47.19985152769003,0.0,0.0,413.8579864501953,25.35878562927246,0.0,0,3.635005e-05,0
LR0706,Dweh,Grand Kru,3966.0,84.02568804,2020,12,0,0,0.0,113.2919464111328,25.81215604146321,2020-12-01,0,47.19985152769003,0.0,0.0,246.5545654296875,25.644332885742188,0.0,0,1.1577206e-05,0
LR0706,Dweh,Grand Kru,3966.0,84.02568804,2021,1,0,0,0.0,55.16556358337402,25.79586664835612,2021-01-01,0,47.19985152769003,0.0,0.0,113.2919464111328,25.81215604146321,0.0,0,2.9859868e-05,0
LR0706,Dweh,Grand Kru,3966.0,84.02568804,2021,2,0,0,0.0,153.76605224609375,26.232340494791668,2021-02-01,0,47.19985152769003,0.0,0.0,55.16556358337402,25.79586664835612,0.0,0,1.9823008e-06,0
LR0706,Dweh,Grand Kru,3966.0,84.02568804,2021,3,0,0,0.0,229.8302993774414,25.67012659708659,2021-03-01,0,47.19985152769003,0.0,0.0,153.76605224609375,26.232340494791668,0.0,0,1.5888925e-05,0
LR0706,Dweh,Grand Kru,3966.0,84.02568804,2021,4,0,0,0.0,165.29116821289062,26.239016850789387,2021-04-01,0,47.19985152769003,0.0,0.0,229.8302993774414,25.67012659708659,0.0,0,2.9992547e-05,0
LR0706,Dweh,Grand Kru,3966.0,84.02568804,2021,5,0,0,0.0,225.5548477172852,26.16198984781901,2021-05-01,0,47.19985152769003,0.0,0.0,165.29116821289062,26.239016850789387,0.0,1,9.096177e-05,0
LR0706,Dweh,Grand Kru,3966.0,84.02568804,2021,6,0,0,0.0,520.2974853515625,25.459788004557293,2021-06-01,0,47.19985152769003,0.0,0.0,225.5548477172852,26.16198984781901,0.0,1,0.0007332273,0
LR0706,Dweh,Grand Kru,3966.0,84.02568804,2021,7,0,0,0.0,269.2539825439453,24.30323028564453,2021-07-01,0,47.19985152769003,0.0,0.0,520.2974853515625,25.459788004557293,0.0,1,0.0007717321,0
LR0706,Dweh,Grand Kru,3966.0,84.02568804,2021,8,0,0,0.0,278.7410430908203,24.428141911824543,2021-08-01,0,47.19985152769003,0.0,0.0,269.2539825439453,24.30323028564453,0.0,1,0.00025730237,0
LR0706,Dweh,Grand Kru,3966.0,84.02568804,2021,9,0,0,0.0,452.0209655761719,24.972103118896484,2021-09-01,0,47.19985152769003,0.0,0.0,278.7410430908203,24.428141911824543,0.0,1,0.00012969265,0
LR0706,Dweh,Grand Kru,3966.0,84.02568804,2021,10,0,0,0.0,322.42095947265625,25.57517115275065,2021-10-01,0,47.19985152769003,0.0,0.0,452.0209655761719,24.972103118896484,0.0,1,7.4352036e-05,0
LR0706,Dweh,Grand Kru,3966.0,84.02568804,2021,11,0,0,0.0,170.91998291015625,25.71944999694824,2021-11-01,0,47.19985152769003,0.0,0.0,322.42095947265625,25.57517115275065,0.0,0,1.6144446e-05,0
LR0706,Dweh,Grand Kru,3966.0,84.02568804,2021,12,0,0,0.0,94.0031623840332,26.2207825978597,2021-12-01,0,47.19985152769003,0.0,0.0,170.91998291015625,25.71944999694824,0.0,0,5.892292e-06,0
LR0706,Dweh,Grand Kru,3966.0,84.02568804,2022,1,0,0,0.0,31.25253868103028,25.697234471639,2022-01-01,0,47.19985152769003,0.0,0.0,94.0031623840332,26.2207825978597,0.0,0,6.697341e-05,0
LR0706,Dweh,Grand Kru,3966.0,84.02568804,2022,2,0,0,0.0,84.06217575073242,26.11193402608236,2022-02-01,0,47.19985152769003,0.0,0.0,31.25253868103028,25.697234471639,0.0,0,3.3704853e-06,0
LR0706,Dweh,Grand Kru,3966.0,84.02568804,2022,3,0,0,0.0,216.28436279296875,25.93345642089844,2022-03-01,0,47.19985152769003,0.0,0.0,84.06217575073242,26.11193402608236,0.0,0,4.239454e-06,0
LR0706,Dweh,Grand Kru,3966.0,84.02568804,2022,4,0,0,0.0,207.5942840576172,26.16887092590332,2022-04-01,0,47.19985152769003,0.0,0.0,216.28436279296875,25.93345642089844,0.0,0,9.582542e-05,0
LR0706,Dweh,Grand Kru,3966.0,84.02568804,2022,5,0,0,0.0,282.3186340332031,25.856905619303387,2022-05-01,0,47.19985152769003,0.0,0.0,207.5942840576172,26.16887092590332,0.0,1,5.482472e-05,0
LR0706,Dweh,Grand Kru,3966.0,84.02568804,2022,6,0,0,0.0,519.8771514892578,25.070578893025715,2022-06-01,0,47.19985152769003,0.0,0.0,282.3186340332031,25.856905619303387,0.0,1,0.0002260487,0
LR0706,Dweh,Grand Kru,3966.0,84.02568804,2022,7,0,0,0.0,54.67293357849121,23.91344451904297,2022-07-01,0,47.19985152769003,0.0,0.0,519.8771514892578,25.070578893025715,0.0,1,0.0010470444,0
LR0706,Dweh,Grand Kru,3966.0,84.02568804,2022,8,0,0,0.0,178.90885162353516,23.82029851277669,2022-08-01,0,47.19985152769003,0.0,0.0,54.67293357849121,23.91344451904297,0.0,1,3.0748006e-06,0
LR0706,Dweh,Grand Kru,3966.0,84.02568804,2022,9,0,0,0.0,315.3511657714844,24.309734344482425,2022-09-01,0,47.19985152769003,0.0,0.0,178.90885162353516,23.82029851277669,0.0,1,0.0003186651,0
LR0706,Dweh,Grand Kru,3966.0,84.02568804,2022,10,0,0,0.0,366.6134185791016,25.400950749715168,2022-10-01,0,47.19985152769003,0.0,0.0,315.3511657714844,24.309734344482425,0.0,1,4.8509635e-05,0
LR0706,Dweh,Grand Kru,3966.0,84.02568804,2022,11,0,0,0.0,265.88270568847656,25.4948787689209,2022-11-01,0,47.19985152769003,0.0,0.0,366.6134185791016,25.400950749715168,0.0,0,4.8795016e-05,0
LR0706,Dweh,Grand Kru,3966.0,84.02568804,2022,12,0,0,0.0,122.17760467529295,25.64538510640462,2022-12-01,0,47.19985152769003,0.0,0.0,265.88270568847656,25.4948787689209,0.0,0,1.529769e-05,0
LR0706,Dweh,Grand Kru,3966.0,84.02568804,2023,1,0,0,0.0,50.89273452758789,25.804850896199543,2023-01-01,0,47.19985152769003,0.0,0.0,122.17760467529295,25.64538510640462,0.0,0,6.0297025e-05,0
LR0706,Dweh,Grand Kru,3966.0,84.02568804,2023,2,0,0,0.0,79.02108001708984,26.5174134572347,2023-02-01,0,47.19985152769003,0.0,0.0,50.89273452758789,25.804850896199543,0.0,0,1.6489006e-06,0
LR0707,Felo-Jekwi,Grand Kru,3903.0,161.51705705,2020,4,0,0,0.0,179.76469167073566,27.260661697387697,2020-04-01,0,24.164630481050484,0.0,0.0,253.1724395751953,27.229851531982423,0.0,0,0.00041350606,0
LR0707,Felo-Jekwi,Grand Kru,3903.0,161.51705705,2020,5,0,0,0.0,317.5165506998697,26.990736389160155,2020-05-01,0,24.164630481050484,0.0,0.0,179.76469167073566,27.260661697387697,0.0,1,0.0003856463,0
LR0707,Felo-Jekwi,Grand Kru,3903.0,161.51705705,2020,6,0,0,0.0,487.02541097005206,25.76110115051269,2020-06-01,0,24.164630481050484,0.0,0.0,317.5165506998697,26.990736389160155,0.0,1,0.001933938,0
LR0707,Felo-Jekwi,Grand Kru,3903.0,161.51705705,2020,7,1,1,25.62131693569049,135.50807444254556,24.76598396301269,2020-07-01,0,24.164630481050484,0.0,0.0,487.02541097005206,25.76110115051269,0.0,1,0.007422468,0
LR0707,Felo-Jekwi,Grand Kru,3903.0,161.51705705,2020,8,0,0,0.0,68.11267217000325,24.555374908447263,2020-08-01,0,24.164630481050484,1.0,25.62131693569049,135.50807444254556,24.76598396301269,0.3333333333333333,1,0.00041829073,0
LR0707,Felo-Jekwi,Grand Kru,3903.0,161.51705705,2020,9,0,0,0.0,237.62875111897785,25.12298393249512,2020-09-01,0,24.164630481050484,0.0,0.0,68.11267217000325,24.555374908447263,0.3333333333333333,1,1.6458309e-05,0
LR0707,Felo-Jekwi,Grand Kru,3903.0,161.51705705,2020,10,0,0,0.0,537.7199300130208,25.94294204711914,2020-10-01,0,24.164630481050484,0.0,0.0,237.62875111897785,25.12298393249512,0.3333333333333333,1,0.0007305239,0
LR0707,Felo-Jekwi,Grand Kru,3903.0,161.51705705,2020,11,0,0,0.0,278.82444763183594,26.260129165649413,2020-11-01,0,24.164630481050484,0.0,0.0,537.7199300130208,25.94294204711914,0.0,0,0.0001453802,0
LR0707,Felo-Jekwi,Grand Kru,3903.0,161.51705705,2020,12,0,0,0.0,102.03551737467448,26.39169235229492,2020-12-01,0,24.164630481050484,0.0,0.0,278.82444763183594,26.260129165649413,0.0,0,0.00017645668,0
LR0707,Felo-Jekwi,Grand Kru,3903.0,161.51705705,2021,1,0,0,0.0,45.27062352498372,26.459724807739256,2021-01-01,0,24.164630481050484,0.0,0.0,102.03551737467448,26.39169235229492,0.0,0,2.8834258e-05,0
LR0707,Felo-Jekwi,Grand Kru,3903.0,161.51705705,2021,2,0,0,0.0,127.24053446451822,26.896075439453124,2021-02-01,0,24.164630481050484,0.0,0.0,45.27062352498372,26.459724807739256,0.0,0,3.870017e-06,0
LR0707,Felo-Jekwi,Grand Kru,3903.0,161.51705705,2021,3,0,0,0.0,162.55288696289062,26.32177734375,2021-03-01,0,24.164630481050484,0.0,0.0,127.24053446451822,26.896075439453124,0.0,0,1.6590127e-05,0
LR0707,Felo-Jekwi,Grand Kru,3903.0,161.51705705,2021,4,0,0,0.0,151.4944839477539,26.955187606811524,2021-04-01,0,24.164630481050484,0.0,0.0,162.55288696289062,26.32177734375,0.0,0,1.1054378e-05,0
LR0707,Felo-Jekwi,Grand Kru,3903.0,161.51705705,2021,5,0,0,0.0,231.6876805623372,26.91053771972656,2021-05-01,0,24.164630481050484,0.0,0.0,151.4944839477539,26.955187606811524,0.0,1,6.973398e-05,0
LR0707,Felo-Jekwi,Grand Kru,3903.0,161.51705705,2021,6,0,0,0.0,680.8597920735677,26.164825439453125,2021-06-01,0,24.164630481050484,0.0,0.0,231.6876805623372,26.91053771972656,0.0,1,0.0008486086,0
LR0707,Felo-Jekwi,Grand Kru,3903.0,161.51705705,2021,7,0,0,0.0,324.9156748453776,25.136451721191406,2021-07-01,0,24.164630481050484,0.0,0.0,680.8597920735677,26.164825439453125,0.0,1,0.0020547593,0
LR0707,Felo-Jekwi,Grand Kru,3903.0,161.51705705,2021,8,0,0,0.0,235.9236704508464,25.208600997924805,2021-08-01,0,24.164630481050484,0.0,0.0,324.9156748453776,25.136451721191406,0.0,1,7.120358e-05,0
LR0707,Felo-Jekwi,Grand Kru,3903.0,161.51705705,2021,9,0,0,0.0,421.6233215332031,25.56699752807617,2021-09-01,0,24.164630481050484,0.0,0.0,235.9236704508464,25.208600997924805,0.0,1,0.0001385143,0
LR0707,Felo-Jekwi,Grand Kru,3903.0,161.51705705,2021,10,0,0,0.0,394.7036997477214,26.238964462280272,2021-10-01,0,24.164630481050484,0.0,0.0,421.6233215332031,25.56699752807617,0.0,1,0.00014765306,0
LR0707,Felo-Jekwi,Grand Kru,3903.0,161.51705705,2021,11,0,0,0.0,207.5542246500651,26.35566635131836,2021-11-01,0,24.164630481050484,0.0,0.0,394.7036997477214,26.238964462280272,0.0,0,0.00032309964,0
LR0707,Felo-Jekwi,Grand Kru,3903.0,161.51705705,2021,12,0,0,0.0,98.3305753072103,26.840164184570312,2021-12-01,0,24.164630481050484,0.0,0.0,207.5542246500651,26.35566635131836,0.0,0,1.4527703e-05,0
LR0707,Felo-Jekwi,Grand Kru,3903.0,161.51705705,2022,1,0,0,0.0,26.65424060821533,26.568096160888672,2022-01-01,0,24.164630481050484,0.0,0.0,98.3305753072103,26.840164184570312,0.0,0,0.0001135605,0
LR0707,Felo-Jekwi,Grand Kru,3903.0,161.51705705,2022,2,0,0,0.0,75.33179092407227,26.80727500915528,2022-02-01,0,24.164630481050484,0.0,0.0,26.65424060821533,26.568096160888672,0.0,0,6.6829775e-06,0
LR0707,Felo-Jekwi,Grand Kru,3903.0,161.51705705,2022,3,0,0,0.0,171.17043050130206,26.608249282836915,2022-03-01,0,24.164630481050484,0.0,0.0,75.33179092407227,26.80727500915528,0.0,0,3.9491806e-06,0
LR0707,Felo-Jekwi,Grand Kru,3903.0,161.51705705,2022,4,0,0,0.0,193.38444010416669,26.926611328125,2022-04-01,0,24.164630481050484,0.0,0.0,171.17043050130206,26.608249282836915,0.0,0,1.5874717e-05,0
LR0707,Felo-Jekwi,Grand Kru,3903.0,161.51705705,2022,5,0,0,0.0,330.4582824707031,26.64857902526856,2022-05-01,0,24.164630481050484,0.0,0.0,193.38444010416669,26.926611328125,0.0,1,0.00014788655,0
LR0707,Felo-Jekwi,Grand Kru,3903.0,161.51705705,2022,6,0,0,0.0,694.4254760742188,25.83577346801757,2022-06-01,0,24.164630481050484,0.0,0.0,330.4582824707031,26.64857902526856,0.0,1,0.0028696149,0
LR0707,Felo-Jekwi,Grand Kru,3903.0,161.51705705,2022,7,0,0,0.0,73.04452514648438,24.72297821044922,2022-07-01,0,24.164630481050484,0.0,0.0,694.4254760742188,25.83577346801757,0.0,1,0.0047622323,0
LR0707,Felo-Jekwi,Grand Kru,3903.0,161.51705705,2022,8,0,0,0.0,100.61212412516277,24.51814498901367,2022-08-01,0,24.164630481050484,0.0,0.0,73.04452514648438,24.72297821044922,0.0,1,1.6442902e-05,0
LR0707,Felo-Jekwi,Grand Kru,3903.0,161.51705705,2022,9,0,0,0.0,278.2062632242839,24.95481414794921,2022-09-01,0,24.164630481050484,0.0,0.0,100.61212412516277,24.51814498901367,0.0,1,4.5584628e-05,0
LR0707,Felo-Jekwi,Grand Kru,3903.0,161.51705705,2022,10,0,0,0.0,343.26300048828125,25.980201721191406,2022-10-01,0,24.164630481050484,0.0,0.0,278.2062632242839,24.95481414794921,0.0,1,0.0007797256,0
LR0707,Felo-Jekwi,Grand Kru,3903.0,161.51705705,2022,11,0,0,0.0,329.7229766845703,26.05454864501953,2022-11-01,0,24.164630481050484,0.0,0.0,343.26300048828125,25.980201721191406,0.0,0,0.0010107692,0
LR0707,Felo-Jekwi,Grand Kru,3903.0,161.51705705,2022,12,0,0,0.0,116.02894846598308,26.33117065429688,2022-12-01,0,24.164630481050484,0.0,0.0,329.7229766845703,26.05454864501953,0.0,0,5.1271436e-05,0
LR0707,Felo-Jekwi,Grand Kru,3903.0,161.51705705,2023,1,0,0,0.0,31.91535727183024,26.548131942749023,2023-01-01,0,24.164630481050484,0.0,0.0,116.02894846598308,26.33117065429688,0.0,0,0.00031190104,0
LR0707,Felo-Jekwi,Grand Kru,3903.0,161.51705705,2023,2,0,0,0.0,63.39904912312825,27.10194358825684,2023-02-01,0,24.164630481050484,0.0,0.0,31.91535727183024,26.548131942749023,0.0,0,2.1256648e-05,0
LR0708,Fenetoe,Grand Kru,2236.0,41.28126999,2020,4,0,0,0.0,188.774154663086,26.9626522064209,2020-04-01,0,54.1650002662624,0.0,0.0,297.2147827148437,26.93554306030273,0.0,0,0.00043971319,0
LR0708,Fenetoe,Grand Kru,2236.0,41.28126999,2020,5,0,0,0.0,337.18121337890625,26.683226585388184,2020-05-01,0,54.1650002662624,0.0,0.0,188.774154663086,26.9626522064209,0.0,1,0.0005251344,0
LR0708,Fenetoe,Grand Kru,2236.0,41.28126999,2020,6,0,0,0.0,505.462890625,25.453492164611816,2020-06-01,0,54.1650002662624,0.0,0.0,337.18121337890625,26.683226585388184,0.0,1,0.003974727,0
LR0708,Fenetoe,Grand Kru,2236.0,41.28126999,2020,7,0,0,0.0,142.11395263671875,24.46069431304932,2020-07-01,0,54.1650002662624,0.0,0.0,505.462890625,25.453492164611816,0.0,1,0.000817948,0
LR0708,Fenetoe,Grand Kru,2236.0,41.28126999,2020,8,0,0,0.0,88.05532836914062,24.26324462890625,2020-08-01,0,54.1650002662624,0.0,0.0,142.11395263671875,24.46069431304932,0.0,1,2.2190034e-05,0
LR0708,Fenetoe,Grand Kru,2236.0,41.28126999,2020,9,0,0,0.0,290.3964233398437,24.89372062683105,2020-09-01,0,54.1650002662624,0.0,0.0,88.05532836914062,24.26324462890625,0.0,1,2.7759275e-05,0
LR0708,Fenetoe,Grand Kru,2236.0,41.28126999,2020,10,0,0,0.0,475.24658203125,25.69525909423828,2020-10-01,0,54.1650002662624,0.0,0.0,290.3964233398437,24.89372062683105,0.0,1,1.8722192e-05,0
LR0708,Fenetoe,Grand Kru,2236.0,41.28126999,2020,11,0,0,0.0,295.0630187988281,26.007612228393555,2020-11-01,0,54.1650002662624,0.0,0.0,475.24658203125,25.69525909423828,0.0,0,9.052962e-05,0
LR0708,Fenetoe,Grand Kru,2236.0,41.28126999,2020,12,0,0,0.0,111.4731903076172,26.14994716644287,2020-12-01,0,54.1650002662624,0.0,0.0,295.0630187988281,26.007612228393555,0.0,0,9.3296076e-05,0
LR0708,Fenetoe,Grand Kru,2236.0,41.28126999,2021,1,0,0,0.0,52.00226593017578,26.17238998413086,2021-01-01,0,54.1650002662624,0.0,0.0,111.4731903076172,26.14994716644287,0.0,0,5.3763244e-05,0
LR0708,Fenetoe,Grand Kru,2236.0,41.28126999,2021,2,0,0,0.0,141.92884826660156,26.632901191711422,2021-02-01,0,54.1650002662624,0.0,0.0,52.00226593017578,26.17238998413086,0.0,0,2.2366812e-06,0
LR0708,Fenetoe,Grand Kru,2236.0,41.28126999,2021,3,0,0,0.0,204.85516357421875,26.049296379089355,2021-03-01,0,54.1650002662624,0.0,0.0,141.92884826660156,26.632901191711422,0.0,0,3.6205543e-05,0
LR0708,Fenetoe,Grand Kru,2236.0,41.28126999,2021,4,0,0,0.0,159.9520263671875,26.6478271484375,2021-04-01,0,54.1650002662624,0.0,0.0,204.85516357421875,26.049296379089355,0.0,0,1.1274381e-05,0
LR0708,Fenetoe,Grand Kru,2236.0,41.28126999,2021,5,0,0,0.0,249.074935913086,26.596797943115234,2021-05-01,0,54.1650002662624,0.0,0.0,159.9520263671875,26.6478271484375,0.0,1,5.8810645e-05,0
LR0708,Fenetoe,Grand Kru,2236.0,41.28126999,2021,6,0,0,0.0,708.0888671875,25.861550331115723,2021-06-01,0,54.1650002662624,0.0,0.0,249.074935913086,26.596797943115234,0.0,1,0.00011958992,0
LR0708,Fenetoe,Grand Kru,2236.0,41.28126999,2021,7,0,0,0.0,308.400146484375,24.791274070739743,2021-07-01,0,54.1650002662624,0.0,0.0,708.0888671875,25.861550331115723,0.0,1,0.0024693462,0
LR0708,Fenetoe,Grand Kru,2236.0,41.28126999,2021,8,0,0,0.0,281.7381896972656,24.89070987701416,2021-08-01,0,54.1650002662624,0.0,0.0,308.400146484375,24.791274070739743,0.0,1,0.00024704201,0
LR0708,Fenetoe,Grand Kru,2236.0,41.28126999,2021,9,0,0,0.0,408.0481567382813,25.317994117736816,2021-09-01,0,54.1650002662624,0.0,0.0,281.7381896972656,24.89070987701416,0.0,1,4.8215898e-05,0
LR0708,Fenetoe,Grand Kru,2236.0,41.28126999,2021,10,0,0,0.0,393.7657470703125,25.96695137023925,2021-10-01,0,54.1650002662624,0.0,0.0,408.0481567382813,25.317994117736816,0.0,1,0.00010248566,0
LR0708,Fenetoe,Grand Kru,2236.0,41.28126999,2021,11,0,0,0.0,203.73536682128903,26.093689918518063,2021-11-01,0,54.1650002662624,0.0,0.0,393.7657470703125,25.96695137023925,0.0,0,0.000100776255,0
LR0708,Fenetoe,Grand Kru,2236.0,41.28126999,2021,12,0,0,0.0,91.48257446289062,26.568198204040527,2021-12-01,0,54.1650002662624,0.0,0.0,203.73536682128903,26.093689918518063,0.0,0,4.536763e-06,0
LR0708,Fenetoe,Grand Kru,2236.0,41.28126999,2022,1,0,0,0.0,34.427268981933594,26.16729164123535,2022-01-01,0,54.1650002662624,0.0,0.0,91.48257446289062,26.568198204040527,0.0,0,7.876236e-05,0
LR0708,Fenetoe,Grand Kru,2236.0,41.28126999,2022,2,0,0,0.0,84.90339660644531,26.521368980407715,2022-02-01,0,54.1650002662624,0.0,0.0,34.427268981933594,26.16729164123535,0.0,0,1.1423349e-06,0
LR0708,Fenetoe,Grand Kru,2236.0,41.28126999,2022,3,0,0,0.0,191.5277557373047,26.32917022705078,2022-03-01,0,54.1650002662624,0.0,0.0,84.90339660644531,26.521368980407715,0.0,0,3.6536433e-06,0
LR0708,Fenetoe,Grand Kru,2236.0,41.28126999,2022,4,0,0,0.0,201.5014038085937,26.60583782196045,2022-04-01,0,54.1650002662624,0.0,0.0,191.5277557373047,26.32917022705078,0.0,0,2.5455574e-05,0
LR0708,Fenetoe,Grand Kru,2236.0,41.28126999,2022,5,0,0,0.0,362.10491943359375,26.324188232421875,2022-05-01,0,54.1650002662624,0.0,0.0,201.5014038085937,26.60583782196045,0.0,1,0.00021135448,0
LR0708,Fenetoe,Grand Kru,2236.0,41.28126999,2022,6,0,0,0.0,655.373779296875,25.522879600524902,2022-06-01,0,54.1650002662624,0.0,0.0,362.10491943359375,26.324188232421875,0.0,1,0.0020037184,0
LR0708,Fenetoe,Grand Kru,2236.0,41.28126999,2022,7,0,0,0.0,69.38269805908203,24.40213298797608,2022-07-01,0,54.1650002662624,0.0,0.0,655.373779296875,25.522879600524902,0.0,1,0.0006011036,0
LR0708,Fenetoe,Grand Kru,2236.0,41.28126999,2022,8,0,0,0.0,128.2353515625,24.234819412231445,2022-08-01,0,54.1650002662624,0.0,0.0,69.38269805908203,24.40213298797608,0.0,1,1.1868601e-05,0
LR0708,Fenetoe,Grand Kru,2236.0,41.28126999,2022,9,0,0,0.0,297.12322998046875,24.69310569763184,2022-09-01,0,54.1650002662624,0.0,0.0,128.2353515625,24.234819412231445,0.0,1,7.25533e-05,0
LR0708,Fenetoe,Grand Kru,2236.0,41.28126999,2022,10,0,0,0.0,407.75592041015625,25.73725986480713,2022-10-01,0,54.1650002662624,0.0,0.0,297.12322998046875,24.69310569763184,0.0,1,4.8075402e-05,0
LR0708,Fenetoe,Grand Kru,2236.0,41.28126999,2022,11,0,0,0.0,317.847412109375,25.81600856781006,2022-11-01,0,54.1650002662624,0.0,0.0,407.75592041015625,25.73725986480713,0.0,0,0.000106104795,0
LR0708,Fenetoe,Grand Kru,2236.0,41.28126999,2022,12,0,0,0.0,124.83482360839844,26.015175819396973,2022-12-01,0,54.1650002662624,0.0,0.0,317.847412109375,25.81600856781006,0.0,0,3.3324795e-05,0
LR0708,Fenetoe,Grand Kru,2236.0,41.28126999,2023,1,0,0,0.0,37.69511795043945,26.19176483154297,2023-01-01,0,54.1650002662624,0.0,0.0,124.83482360839844,26.015175819396973,0.0,0,0.0005768091,0
LR0708,Fenetoe,Grand Kru,2236.0,41.28126999,2023,2,0,0,0.0,72.30174255371094,26.83728408813477,2023-02-01,0,54.1650002662624,0.0,0.0,37.69511795043945,26.19176483154297,0.0,0,5.0186054e-06,0
LR0709,Forpoh,Grand Kru,4970.0,77.90186803,2020,4,0,0,0.0,185.483642578125,26.605841636657715,2020-04-01,0,63.798213389261136,0.0,0.0,333.3574981689453,26.57737445831299,0.0,0,0.00033507627,0
LR0709,Forpoh,Grand Kru,4970.0,77.90186803,2020,5,0,0,0.0,288.5424346923828,26.31990432739257,2020-05-01,0,63.798213389261136,0.0,0.0,185.483642578125,26.605841636657715,0.0,1,0.001959384,0
LR0709,Forpoh,Grand Kru,4970.0,77.90186803,2020,6,0,0,0.0,444.2264404296875,25.08272075653076,2020-06-01,0,63.798213389261136,0.0,0.0,288.5424346923828,26.31990432739257,0.0,1,0.025883663,0
LR0709,Forpoh,Grand Kru,4970.0,77.90186803,2020,7,0,0,0.0,105.14276123046876,24.09078311920166,2020-07-01,0,63.798213389261136,0.0,0.0,444.2264404296875,25.08272075653076,0.0,1,0.00029533502,0
LR0709,Forpoh,Grand Kru,4970.0,77.90186803,2020,8,0,0,0.0,77.50544357299805,23.89938735961914,2020-08-01,0,63.798213389261136,0.0,0.0,105.14276123046876,24.09078311920166,0.0,1,0.00021990052,0
LR0709,Forpoh,Grand Kru,4970.0,77.90186803,2020,9,0,0,0.0,418.2092895507813,24.60580825805664,2020-09-01,0,63.798213389261136,0.0,0.0,77.50544357299805,23.89938735961914,0.0,1,0.00020880681,0
LR0709,Forpoh,Grand Kru,4970.0,77.90186803,2020,10,0,0,0.0,437.41802978515625,25.404356956481934,2020-10-01,0,63.798213389261136,0.0,0.0,418.2092895507813,24.60580825805664,0.0,1,0.0029585047,0
LR0709,Forpoh,Grand Kru,4970.0,77.90186803,2020,11,0,0,0.0,255.5884780883789,25.70132827758789,2020-11-01,0,63.798213389261136,0.0,0.0,437.41802978515625,25.404356956481934,0.0,0,7.009093e-05,0
LR0709,Forpoh,Grand Kru,4970.0,77.90186803,2020,12,0,0,0.0,106.37390899658205,25.84834861755371,2020-12-01,0,63.798213389261136,0.0,0.0,255.5884780883789,25.70132827758789,0.0,0,0.00010826542,0
LR0709,Forpoh,Grand Kru,4970.0,77.90186803,2021,1,0,0,0.0,51.10956573486328,25.818778038024902,2021-01-01,0,63.798213389261136,0.0,0.0,106.37390899658205,25.84834861755371,0.0,0,0.0015193427,0
LR0709,Forpoh,Grand Kru,4970.0,77.90186803,2021,2,0,0,0.0,165.4586944580078,26.28004264831543,2021-02-01,0,63.798213389261136,0.0,0.0,51.10956573486328,25.818778038024902,0.0,0,1.4849579e-05,0
LR0709,Forpoh,Grand Kru,4970.0,77.90186803,2021,3,0,0,0.0,246.98665618896484,25.72006130218506,2021-03-01,0,63.798213389261136,0.0,0.0,165.4586944580078,26.28004264831543,0.0,0,0.00019487743,0
LR0709,Forpoh,Grand Kru,4970.0,77.90186803,2021,4,0,0,0.0,168.67794799804688,26.28594207763672,2021-04-01,0,63.798213389261136,0.0,0.0,246.98665618896484,25.72006130218506,0.0,0,0.0001414158,0
LR0709,Forpoh,Grand Kru,4970.0,77.90186803,2021,5,0,0,0.0,231.9453811645508,26.21748733520508,2021-05-01,0,63.798213389261136,0.0,0.0,168.67794799804688,26.28594207763672,0.0,1,0.00082493003,0
LR0709,Forpoh,Grand Kru,4970.0,77.90186803,2021,6,0,0,0.0,554.0423278808594,25.50793838500977,2021-06-01,0,63.798213389261136,0.0,0.0,231.9453811645508,26.21748733520508,0.0,1,0.008193864,0
LR0709,Forpoh,Grand Kru,4970.0,77.90186803,2021,7,0,0,0.0,228.5105133056641,24.376439094543457,2021-07-01,0,63.798213389261136,0.0,0.0,554.0423278808594,25.50793838500977,0.0,1,0.004992679,0
LR0709,Forpoh,Grand Kru,4970.0,77.90186803,2021,8,0,0,0.0,268.59498596191406,24.49654006958008,2021-08-01,0,63.798213389261136,0.0,0.0,228.5105133056641,24.376439094543457,0.0,1,0.0017501009,0
LR0709,Forpoh,Grand Kru,4970.0,77.90186803,2021,9,0,0,0.0,447.3833770751953,25.01589012145996,2021-09-01,0,63.798213389261136,0.0,0.0,268.59498596191406,24.49654006958008,0.0,1,0.0010164517,0
LR0709,Forpoh,Grand Kru,4970.0,77.90186803,2021,10,0,0,0.0,320.9972686767578,25.63584041595459,2021-10-01,0,63.798213389261136,0.0,0.0,447.3833770751953,25.01589012145996,0.0,1,0.0002457635,0
LR0709,Forpoh,Grand Kru,4970.0,77.90186803,2021,11,0,0,0.0,173.61920166015625,25.773298263549805,2021-11-01,0,63.798213389261136,0.0,0.0,320.9972686767578,25.63584041595459,0.0,0,9.6791264e-05,0
LR0709,Forpoh,Grand Kru,4970.0,77.90186803,2021,12,0,0,0.0,87.3493537902832,26.2374963760376,2021-12-01,0,63.798213389261136,0.0,0.0,173.61920166015625,25.773298263549805,0.0,0,8.158729e-05,0
LR0709,Forpoh,Grand Kru,4970.0,77.90186803,2022,1,0,0,0.0,33.11906814575195,25.68115234375,2022-01-01,0,63.798213389261136,0.0,0.0,87.3493537902832,26.2374963760376,0.0,0,0.0004636439,0
LR0709,Forpoh,Grand Kru,4970.0,77.90186803,2022,2,0,0,0.0,86.53239440917969,26.15421295166016,2022-02-01,0,63.798213389261136,0.0,0.0,33.11906814575195,25.68115234375,0.0,0,1.5903113e-05,0
LR0709,Forpoh,Grand Kru,4970.0,77.90186803,2022,3,0,0,0.0,207.82262420654297,26.00238609313965,2022-03-01,0,63.798213389261136,0.0,0.0,86.53239440917969,26.15421295166016,0.0,0,1.8461333e-05,0
LR0709,Forpoh,Grand Kru,4970.0,77.90186803,2022,4,0,0,0.0,208.83435821533203,26.221826553344727,2022-04-01,0,63.798213389261136,0.0,0.0,207.82262420654297,26.00238609313965,0.0,0,0.00025467647,0
LR0709,Forpoh,Grand Kru,4970.0,77.90186803,2022,5,0,0,0.0,290.4156799316406,25.928013801574707,2022-05-01,0,63.798213389261136,0.0,0.0,208.83435821533203,26.221826553344727,0.0,1,0.0015712013,0
LR0709,Forpoh,Grand Kru,4970.0,77.90186803,2022,6,0,0,0.0,513.5276489257812,25.141173362731934,2022-06-01,0,63.798213389261136,0.0,0.0,290.4156799316406,25.928013801574707,0.0,1,0.0018537961,0
LR0709,Forpoh,Grand Kru,4970.0,77.90186803,2022,7,0,0,0.0,46.53689193725586,24.00822734832764,2022-07-01,0,63.798213389261136,0.0,0.0,513.5276489257812,25.141173362731934,0.0,1,0.0009220884,0
LR0709,Forpoh,Grand Kru,4970.0,77.90186803,2022,8,0,0,0.0,158.38406372070312,23.88761711120605,2022-08-01,0,63.798213389261136,0.0,0.0,46.53689193725586,24.00822734832764,0.0,1,6.736883e-05,0
LR0709,Forpoh,Grand Kru,4970.0,77.90186803,2022,9,0,0,0.0,287.8388061523437,24.37263584136963,2022-09-01,0,63.798213389261136,0.0,0.0,158.38406372070312,23.88761711120605,0.0,1,0.00020498775,0
LR0709,Forpoh,Grand Kru,4970.0,77.90186803,2022,10,0,0,0.0,382.1917114257813,25.446776390075684,2022-10-01,0,63.798213389261136,0.0,0.0,287.8388061523437,24.37263584136963,0.0,1,0.00075258757,0
LR0709,Forpoh,Grand Kru,4970.0,77.90186803,2022,11,0,0,0.0,276.0988464355469,25.519136428833008,2022-11-01,0,63.798213389261136,0.0,0.0,382.1917114257813,25.446776390075684,0.0,0,0.00043176854,0
LR0709,Forpoh,Grand Kru,4970.0,77.90186803,2022,12,0,0,0.0,117.98674011230467,25.63120555877685,2022-12-01,0,63.798213389261136,0.0,0.0,276.0988464355469,25.519136428833008,0.0,0,0.00017658444,0
LR0709,Forpoh,Grand Kru,4970.0,77.90186803,2023,1,0,0,0.0,46.84256935119629,25.746994972229004,2023-01-01,0,63.798213389261136,0.0,0.0,117.98674011230467,25.63120555877685,0.0,0,0.019767713,0
LR0709,Forpoh,Grand Kru,4970.0,77.90186803,2023,2,0,0,0.0,78.25625228881836,26.50909805297852,2023-02-01,0,63.798213389261136,0.0,0.0,46.84256935119629,25.746994972229004,0.0,0,7.626604e-06,0
LR0710,Garraway,Grand Kru,17000.0,339.67419617,2020,4,0,0,0.0,165.11536661783853,27.25539631313748,2020-04-01,0,50.04795828380159,0.0,0.0,216.7209201388889,27.19185447692871,0.0,0,0.00013700865,0
LR0710,Garraway,Grand Kru,17000.0,339.67419617,2020,5,0,0,0.0,330.16144476996527,26.973094304402668,2020-05-01,0,50.04795828380159,0.0,0.0,165.11536661783853,27.25539631313748,0.0,1,0.00052078406,0
LR0710,Garraway,Grand Kru,17000.0,339.67419617,2020,6,0,0,0.0,590.7210422092014,25.709394243028427,2020-06-01,0,50.04795828380159,0.0,0.0,330.16144476996527,26.973094304402668,0.0,1,0.0017707017,0
LR0710,Garraway,Grand Kru,17000.0,339.67419617,2020,7,1,1,5.882352941176471,76.6132346259223,24.72854783799913,2020-07-01,0,50.04795828380159,0.0,0.0,590.7210422092014,25.709394243028427,0.0,1,0.00033956714,0
LR0710,Garraway,Grand Kru,17000.0,339.67419617,2020,8,1,1,5.882352941176471,63.68276723225912,24.50470860799153,2020-08-01,0,50.04795828380159,1.0,5.882352941176471,76.6132346259223,24.72854783799913,0.3333333333333333,1,0.00013464605,0
LR0710,Garraway,Grand Kru,17000.0,339.67419617,2020,9,0,0,0.0,214.89952256944449,25.065175162421333,2020-09-01,0,50.04795828380159,1.0,5.882352941176471,63.68276723225912,24.50470860799153,0.6666666666666666,1,2.3277162e-05,0
LR0710,Garraway,Grand Kru,17000.0,339.67419617,2020,10,0,0,0.0,551.4820624457466,25.91212950812446,2020-10-01,0,50.04795828380159,0.0,0.0,214.89952256944449,25.065175162421333,0.6666666666666666,1,0.0012267202,0
LR0710,Garraway,Grand Kru,17000.0,339.67419617,2020,11,0,0,0.0,371.4729580349392,26.232170740763344,2020-11-01,0,50.04795828380159,0.0,0.0,551.4820624457466,25.91212950812446,0.3333333333333333,0,0.00010265331,0
LR0710,Garraway,Grand Kru,17000.0,339.67419617,2020,12,0,0,0.0,109.25218200683597,26.35605663723416,2020-12-01,0,50.04795828380159,0.0,0.0,371.4729580349392,26.232170740763344,0.0,0,2.8899061e-05,0
LR0710,Garraway,Grand Kru,17000.0,339.67419617,2021,1,0,0,0.0,50.151814354790574,26.44526693556044,2021-01-01,0,50.04795828380159,0.0,0.0,109.25218200683597,26.35605663723416,0.0,0,1.1002149e-05,0
LR0710,Garraway,Grand Kru,17000.0,339.67419617,2021,2,0,0,0.0,120.69183180067274,26.812594095865887,2021-02-01,0,50.04795828380159,0.0,0.0,50.151814354790574,26.44526693556044,0.0,0,2.1835124e-06,0
LR0710,Garraway,Grand Kru,17000.0,339.67419617,2021,3,0,0,0.0,107.2732645670573,26.293962054782444,2021-03-01,0,50.04795828380159,0.0,0.0,120.69183180067274,26.812594095865887,0.0,0,9.68015e-06,0
LR0710,Garraway,Grand Kru,17000.0,339.67419617,2021,4,0,0,0.0,134.4503139919705,26.953602684868702,2021-04-01,0,50.04795828380159,0.0,0.0,107.2732645670573,26.293962054782444,0.0,0,1.2054847e-05,0
LR0710,Garraway,Grand Kru,17000.0,339.67419617,2021,5,0,0,0.0,237.42784966362848,26.879070070054794,2021-05-01,0,50.04795828380159,0.0,0.0,134.4503139919705,26.953602684868702,0.0,1,5.660962e-05,0
LR0710,Garraway,Grand Kru,17000.0,339.67419617,2021,6,0,0,0.0,730.3023071289062,26.16761843363444,2021-06-01,0,50.04795828380159,0.0,0.0,237.42784966362848,26.879070070054794,0.0,1,0.000891921,0
LR0710,Garraway,Grand Kru,17000.0,339.67419617,2021,7,0,0,0.0,264.31111823187933,25.100933498806423,2021-07-01,0,50.04795828380159,0.0,0.0,730.3023071289062,26.16761843363444,0.0,1,0.00075361383,0
LR0710,Garraway,Grand Kru,17000.0,339.67419617,2021,8,0,0,0.0,188.9125094943577,25.151519139607743,2021-08-01,0,50.04795828380159,0.0,0.0,264.31111823187933,25.100933498806423,0.0,1,1.5985634e-05,0
LR0710,Garraway,Grand Kru,17000.0,339.67419617,2021,9,0,0,0.0,415.0541822645399,25.547970877753368,2021-09-01,0,50.04795828380159,0.0,0.0,188.9125094943577,25.151519139607743,0.0,1,0.000111511465,0
LR0710,Garraway,Grand Kru,17000.0,339.67419617,2021,10,0,0,0.0,349.4164225260417,26.184555265638565,2021-10-01,0,50.04795828380159,0.0,0.0,415.0541822645399,25.547970877753368,0.0,1,0.00027650592,0
LR0710,Garraway,Grand Kru,17000.0,339.67419617,2021,11,0,0,0.0,274.99338785807294,26.3032455444336,2021-11-01,0,50.04795828380159,0.0,0.0,349.4164225260417,26.184555265638565,0.0,0,0.00033755822,0
LR0710,Garraway,Grand Kru,17000.0,339.67419617,2021,12,0,0,0.0,119.39703623453777,26.83049244350857,2021-12-01,0,50.04795828380159,0.0,0.0,274.99338785807294,26.3032455444336,0.0,0,0.00011584498,0
LR0710,Garraway,Grand Kru,17000.0,339.67419617,2022,1,0,0,0.0,30.429982715182835,26.5750486585829,2022-01-01,0,50.04795828380159,0.0,0.0,119.39703623453777,26.83049244350857,0.0,0,0.00077868946,0
LR0710,Garraway,Grand Kru,17000.0,339.67419617,2022,2,0,0,0.0,101.6899939643012,26.75713433159722,2022-02-01,0,50.04795828380159,0.0,0.0,30.429982715182835,26.5750486585829,0.0,0,2.258049e-06,0
LR0710,Garraway,Grand Kru,17000.0,339.67419617,2022,3,0,0,0.0,142.4718305799696,26.59166675143772,2022-03-01,0,50.04795828380159,0.0,0.0,101.6899939643012,26.75713433159722,0.0,0,8.918314e-06,0
LR0710,Garraway,Grand Kru,17000.0,339.67419617,2022,4,0,0,0.0,186.779781765408,26.88671811421712,2022-04-01,0,50.04795828380159,0.0,0.0,142.4718305799696,26.59166675143772,0.0,0,1.7111995e-05,0
LR0710,Garraway,Grand Kru,17000.0,339.67419617,2022,5,0,0,0.0,298.2264506022136,26.60278744167752,2022-05-01,0,50.04795828380159,0.0,0.0,186.779781765408,26.88671811421712,0.0,1,0.00011886536,0
LR0710,Garraway,Grand Kru,17000.0,339.67419617,2022,6,0,0,0.0,816.5957302517361,25.78765466478136,2022-06-01,0,50.04795828380159,0.0,0.0,298.2264506022136,26.60278744167752,0.0,1,0.001487717,0
LR0710,Garraway,Grand Kru,17000.0,339.67419617,2022,7,0,0,0.0,62.84306038750543,24.650063620673286,2022-07-01,0,50.04795828380159,0.0,0.0,816.5957302517361,25.78765466478136,0.0,1,0.0011093668,0
LR0710,Garraway,Grand Kru,17000.0,339.67419617,2022,8,0,0,0.0,109.75987497965497,24.473613315158417,2022-08-01,0,50.04795828380159,0.0,0.0,62.84306038750543,24.650063620673286,0.0,1,1.9859528e-06,0
LR0710,Garraway,Grand Kru,17000.0,339.67419617,2022,9,0,0,0.0,295.883293999566,24.886131286621094,2022-09-01,0,50.04795828380159,0.0,0.0,109.75987497965497,24.473613315158417,0.0,1,3.1629454e-05,0
LR0710,Garraway,Grand Kru,17000.0,339.67419617,2022,10,0,0,0.0,346.3609619140625,25.955100589328342,2022-10-01,0,50.04795828380159,0.0,0.0,295.883293999566,24.886131286621094,0.0,1,8.890755e-05,0
LR0710,Garraway,Grand Kru,17000.0,339.67419617,2022,11,0,0,0.0,399.5918443467882,26.042878256903755,2022-11-01,0,50.04795828380159,0.0,0.0,346.3609619140625,25.955100589328342,0.0,0,0.00034877512,0
LR0710,Garraway,Grand Kru,17000.0,339.67419617,2022,12,0,0,0.0,158.40124172634546,26.35375425550673,2022-12-01,0,50.04795828380159,0.0,0.0,399.5918443467882,26.042878256903755,0.0,0,1.8897555e-05,0
LR0710,Garraway,Grand Kru,17000.0,339.67419617,2023,1,0,0,0.0,43.89656151665581,26.548640569051106,2023-01-01,0,50.04795828380159,0.0,0.0,158.40124172634546,26.35375425550673,0.0,0,0.00012319846,0
LR0710,Garraway,Grand Kru,17000.0,339.67419617,2023,2,0,0,0.0,94.23672654893664,27.08670637342665,2023-02-01,0,50.04795828380159,0.0,0.0,43.89656151665581,26.548640569051106,0.0,0,5.280284e-06,0
LR0711,Gee,Grand Kru,5328.0,70.16378825,2020,4,0,0,0.0,171.60263061523438,26.6160306930542,2020-04-01,0,75.93660680087353,0.0,0.0,321.3412475585937,26.576154708862305,0.0,0,0.0002208629,0
LR0711,Gee,Grand Kru,5328.0,70.16378825,2020,5,0,0,0.0,299.1766815185547,26.29630470275879,2020-05-01,0,75.93660680087353,0.0,0.0,171.60263061523438,26.6160306930542,0.0,1,0.00079273054,0
LR0711,Gee,Grand Kru,5328.0,70.16378825,2020,6,0,0,0.0,468.9438171386719,25.032858848571777,2020-06-01,0,75.93660680087353,0.0,0.0,299.1766815185547,26.29630470275879,0.0,1,0.029956076,0
LR0711,Gee,Grand Kru,5328.0,70.16378825,2020,7,0,0,0.0,133.1046600341797,24.058302879333496,2020-07-01,0,75.93660680087353,0.0,0.0,468.9438171386719,25.032858848571777,0.0,1,0.00019295653,0
LR0711,Gee,Grand Kru,5328.0,70.16378825,2020,8,0,0,0.0,68.48311996459961,23.88899326324463,2020-08-01,0,75.93660680087353,0.0,0.0,133.1046600341797,24.058302879333496,0.0,1,8.7373424e-05,0
LR0711,Gee,Grand Kru,5328.0,70.16378825,2020,9,0,0,0.0,303.6819152832031,24.580803871154785,2020-09-01,0,75.93660680087353,0.0,0.0,68.48311996459961,23.88899326324463,0.0,1,5.486666e-05,0
LR0711,Gee,Grand Kru,5328.0,70.16378825,2020,10,0,0,0.0,468.341796875,25.390480041503903,2020-10-01,0,75.93660680087353,0.0,0.0,303.6819152832031,24.580803871154785,0.0,1,0.00025326986,0
LR0711,Gee,Grand Kru,5328.0,70.16378825,2020,11,0,0,0.0,277.280029296875,25.67573070526123,2020-11-01,0,75.93660680087353,0.0,0.0,468.341796875,25.390480041503903,0.0,0,0.0001480656,0
LR0711,Gee,Grand Kru,5328.0,70.16378825,2020,12,0,0,0.0,116.8476448059082,25.84726905822754,2020-12-01,0,75.93660680087353,0.0,0.0,277.280029296875,25.67573070526123,0.0,0,0.0001513659,0
LR0711,Gee,Grand Kru,5328.0,70.16378825,2021,1,0,0,0.0,54.334228515625,25.84076404571533,2021-01-01,0,75.93660680087353,0.0,0.0,116.8476448059082,25.84726905822754,0.0,0,0.0011104484,0
LR0711,Gee,Grand Kru,5328.0,70.16378825,2021,2,0,0,0.0,138.77568817138672,26.2730073928833,2021-02-01,0,75.93660680087353,0.0,0.0,54.334228515625,25.84076404571533,0.0,0,1.4251976e-05,0
LR0711,Gee,Grand Kru,5328.0,70.16378825,2021,3,0,0,0.0,222.8641967773437,25.706368446350098,2021-03-01,0,75.93660680087353,0.0,0.0,138.77568817138672,26.2730073928833,0.0,0,0.00024810256,0
LR0711,Gee,Grand Kru,5328.0,70.16378825,2021,4,0,0,0.0,148.25013732910156,26.281225204467773,2021-04-01,0,75.93660680087353,0.0,0.0,222.8641967773437,25.706368446350098,0.0,0,0.00014859854,0
LR0711,Gee,Grand Kru,5328.0,70.16378825,2021,5,0,0,0.0,224.504997253418,26.20441627502441,2021-05-01,0,75.93660680087353,0.0,0.0,148.25013732910156,26.281225204467773,0.0,1,0.0005441539,0
LR0711,Gee,Grand Kru,5328.0,70.16378825,2021,6,0,0,0.0,642.9340515136719,25.50093650817871,2021-06-01,0,75.93660680087353,0.0,0.0,224.504997253418,26.20441627502441,0.0,1,0.004349581,0
LR0711,Gee,Grand Kru,5328.0,70.16378825,2021,7,0,0,0.0,260.26513671875,24.345568656921387,2021-07-01,0,75.93660680087353,0.0,0.0,642.9340515136719,25.50093650817871,0.0,1,0.000949873,0
LR0711,Gee,Grand Kru,5328.0,70.16378825,2021,8,0,0,0.0,286.37147521972656,24.4688720703125,2021-08-01,0,75.93660680087353,0.0,0.0,260.26513671875,24.345568656921387,0.0,1,0.0013469844,0
LR0711,Gee,Grand Kru,5328.0,70.16378825,2021,9,0,0,0.0,402.454833984375,25.00300121307373,2021-09-01,0,75.93660680087353,0.0,0.0,286.37147521972656,24.4688720703125,0.0,1,0.0002676328,0
LR0711,Gee,Grand Kru,5328.0,70.16378825,2021,10,0,0,0.0,356.85601806640625,25.60885238647461,2021-10-01,0,75.93660680087353,0.0,0.0,402.454833984375,25.00300121307373,0.0,1,0.0004455519,0
LR0711,Gee,Grand Kru,5328.0,70.16378825,2021,11,0,0,0.0,185.39825439453125,25.75475025177002,2021-11-01,0,75.93660680087353,0.0,0.0,356.85601806640625,25.60885238647461,0.0,0,4.6690555e-05,0
LR0711,Gee,Grand Kru,5328.0,70.16378825,2021,12,0,0,0.0,98.88362884521484,26.26562690734864,2021-12-01,0,75.93660680087353,0.0,0.0,185.39825439453125,25.75475025177002,0.0,0,6.995177e-05,0
LR0711,Gee,Grand Kru,5328.0,70.16378825,2022,1,0,0,0.0,37.285892486572266,25.77353858947754,2022-01-01,0,75.93660680087353,0.0,0.0,98.88362884521484,26.26562690734864,0.0,0,0.0007752347,0
LR0711,Gee,Grand Kru,5328.0,70.16378825,2022,2,0,0,0.0,77.74243545532227,26.15562629699707,2022-02-01,0,75.93660680087353,0.0,0.0,37.285892486572266,25.77353858947754,0.0,0,1.2081329e-05,0
LR0711,Gee,Grand Kru,5328.0,70.16378825,2022,3,0,0,0.0,204.7489624023437,25.96465301513672,2022-03-01,0,75.93660680087353,0.0,0.0,77.74243545532227,26.15562629699707,0.0,0,8.212942e-06,0
LR0711,Gee,Grand Kru,5328.0,70.16378825,2022,4,0,0,0.0,188.1225357055664,26.213522911071777,2022-04-01,0,75.93660680087353,0.0,0.0,204.7489624023437,25.96465301513672,0.0,0,7.0136324e-05,0
LR0711,Gee,Grand Kru,5328.0,70.16378825,2022,5,0,0,0.0,295.1744079589844,25.90014266967773,2022-05-01,0,75.93660680087353,0.0,0.0,188.1225357055664,26.213522911071777,0.0,1,0.0010478712,0
LR0711,Gee,Grand Kru,5328.0,70.16378825,2022,6,0,0,0.0,637.0466003417969,25.108991622924805,2022-06-01,0,75.93660680087353,0.0,0.0,295.1744079589844,25.90014266967773,0.0,1,0.0009768212,0
LR0711,Gee,Grand Kru,5328.0,70.16378825,2022,7,0,0,0.0,53.68417167663574,23.94770050048828,2022-07-01,0,75.93660680087353,0.0,0.0,637.0466003417969,25.108991622924805,0.0,1,0.00066300825,0
LR0711,Gee,Grand Kru,5328.0,70.16378825,2022,8,0,0,0.0,166.23876953125,23.85431861877441,2022-08-01,0,75.93660680087353,0.0,0.0,53.68417167663574,23.94770050048828,0.0,1,5.679889e-06,0
LR0711,Gee,Grand Kru,5328.0,70.16378825,2022,9,0,0,0.0,298.0681610107422,24.339076042175293,2022-09-01,0,75.93660680087353,0.0,0.0,166.23876953125,23.85431861877441,0.0,1,0.00011898421,0
LR0711,Gee,Grand Kru,5328.0,70.16378825,2022,10,0,0,0.0,390.6531219482422,25.43140316009521,2022-10-01,0,75.93660680087353,0.0,0.0,298.0681610107422,24.339076042175293,0.0,1,0.0002441653,0
LR0711,Gee,Grand Kru,5328.0,70.16378825,2022,11,0,0,0.0,301.1519927978516,25.53324604034424,2022-11-01,0,75.93660680087353,0.0,0.0,390.6531219482422,25.43140316009521,0.0,0,0.0005078996,0
LR0711,Gee,Grand Kru,5328.0,70.16378825,2022,12,0,0,0.0,119.18053436279295,25.703941345214844,2022-12-01,0,75.93660680087353,0.0,0.0,301.1519927978516,25.53324604034424,0.0,0,0.00021982988,0
LR0711,Gee,Grand Kru,5328.0,70.16378825,2023,1,0,0,0.0,49.14165115356445,25.88875102996826,2023-01-01,0,75.93660680087353,0.0,0.0,119.18053436279295,25.703941345214844,0.0,0,0.0016137633,0
LR0711,Gee,Grand Kru,5328.0,70.16378825,2023,2,0,0,0.0,78.02434158325195,26.5722599029541,2023-02-01,0,75.93660680087353,0.0,0.0,49.14165115356445,25.88875102996826,0.0,0,9.383659e-06,0
LR0712,Grand Cess Wedabo,Grand Kru,18011.0,421.53883266,2020,4,0,0,0.0,177.54143575032552,27.386478424072266,2020-04-01,0,42.72678720094836,0.0,0.0,242.4507670084636,27.32965442112513,0.0,0,0.00018608554,0
LR0712,Grand Cess Wedabo,Grand Kru,18011.0,421.53883266,2020,5,0,0,0.0,304.89264119466145,27.10082803453718,2020-05-01,0,42.72678720094836,0.0,0.0,177.54143575032552,27.386478424072266,0.0,1,0.0016778,0
LR0712,Grand Cess Wedabo,Grand Kru,18011.0,421.53883266,2020,6,0,0,0.0,489.6031880696615,25.83569186074393,2020-06-01,0,42.72678720094836,0.0,0.0,304.89264119466145,27.10082803453718,0.0,1,0.0013887951,0
LR0712,Grand Cess Wedabo,Grand Kru,18011.0,421.53883266,2020,7,0,0,0.0,115.73469034830728,24.862816538129536,2020-07-01,0,42.72678720094836,0.0,0.0,489.6031880696615,25.83569186074393,0.0,1,0.0016562057,0
LR0712,Grand Cess Wedabo,Grand Kru,18011.0,421.53883266,2020,8,0,0,0.0,60.39166107177734,24.65035493033273,2020-08-01,0,42.72678720094836,0.0,0.0,115.73469034830728,24.862816538129536,0.0,1,9.213808e-06,0
LR0712,Grand Cess Wedabo,Grand Kru,18011.0,421.53883266,2020,9,0,0,0.0,231.17802836100265,25.166941779000418,2020-09-01,0,42.72678720094836,0.0,0.0,60.39166107177734,24.65035493033273,0.0,1,2.7248118e-06,0
LR0712,Grand Cess Wedabo,Grand Kru,18011.0,421.53883266,2020,10,0,0,0.0,533.002567545573,26.028908729553223,2020-10-01,0,42.72678720094836,0.0,0.0,231.17802836100265,25.166941779000418,0.0,1,8.974187e-05,0
LR0712,Grand Cess Wedabo,Grand Kru,18011.0,421.53883266,2020,11,0,0,0.0,313.3012410481771,26.340099470955987,2020-11-01,0,42.72678720094836,0.0,0.0,533.002567545573,26.028908729553223,0.0,0,0.00049507676,0
LR0712,Grand Cess Wedabo,Grand Kru,18011.0,421.53883266,2020,12,0,0,0.0,105.14506072998049,26.454230444771905,2020-12-01,0,42.72678720094836,0.0,0.0,313.3012410481771,26.340099470955987,0.0,0,3.0594667e-05,0
LR0712,Grand Cess Wedabo,Grand Kru,18011.0,421.53883266,2021,1,0,0,0.0,49.24987487792969,26.568689891270225,2021-01-01,0,42.72678720094836,0.0,0.0,105.14506072998049,26.454230444771905,0.0,0,1.5342443e-05,0
LR0712,Grand Cess Wedabo,Grand Kru,18011.0,421.53883266,2021,2,0,0,0.0,119.1146484375,26.93754250662668,2021-02-01,0,42.72678720094836,0.0,0.0,49.24987487792969,26.568689891270225,0.0,0,3.4305497e-06,0
LR0712,Grand Cess Wedabo,Grand Kru,18011.0,421.53883266,2021,3,0,0,0.0,132.84523213704426,26.418629101344514,2021-03-01,0,42.72678720094836,0.0,0.0,119.1146484375,26.93754250662668,0.0,0,1.416624e-05,0
LR0712,Grand Cess Wedabo,Grand Kru,18011.0,421.53883266,2021,4,0,0,0.0,152.52470703125,27.09349523271833,2021-04-01,0,42.72678720094836,0.0,0.0,132.84523213704426,26.418629101344514,0.0,0,2.7333948e-05,0
LR0712,Grand Cess Wedabo,Grand Kru,18011.0,421.53883266,2021,5,0,0,0.0,231.0213348388672,27.014947073800226,2021-05-01,0,42.72678720094836,0.0,0.0,152.52470703125,27.09349523271833,0.0,1,9.978958e-05,0
LR0712,Grand Cess Wedabo,Grand Kru,18011.0,421.53883266,2021,6,0,0,0.0,686.6001424153646,26.30562673296248,2021-06-01,0,42.72678720094836,0.0,0.0,231.0213348388672,27.014947073800226,0.0,1,0.0007329565,0
LR0712,Grand Cess Wedabo,Grand Kru,18011.0,421.53883266,2021,7,0,0,0.0,293.3676269531249,25.252381324768063,2021-07-01,0,42.72678720094836,0.0,0.0,686.6001424153646,26.30562673296248,0.0,1,0.00075733877,0
LR0712,Grand Cess Wedabo,Grand Kru,18011.0,421.53883266,2021,8,0,0,0.0,194.87353006998697,25.295280047825404,2021-08-01,0,42.72678720094836,0.0,0.0,293.3676269531249,25.252381324768063,0.0,1,8.5666295e-05,0
LR0712,Grand Cess Wedabo,Grand Kru,18011.0,421.53883266,2021,9,0,0,0.0,445.1706420898438,25.64305182865688,2021-09-01,0,42.72678720094836,0.0,0.0,194.87353006998697,25.295280047825404,0.0,1,3.283229e-05,0
LR0712,Grand Cess Wedabo,Grand Kru,18011.0,421.53883266,2021,10,0,0,0.0,344.4533935546875,26.315354210989817,2021-10-01,0,42.72678720094836,0.0,0.0,445.1706420898438,25.64305182865688,0.0,1,0.00016703746,0
LR0712,Grand Cess Wedabo,Grand Kru,18011.0,421.53883266,2021,11,0,0,0.0,226.6747812906901,26.4244601385934,2021-11-01,0,42.72678720094836,0.0,0.0,344.4533935546875,26.315354210989817,0.0,0,0.0005115943,0
LR0712,Grand Cess Wedabo,Grand Kru,18011.0,421.53883266,2021,12,0,0,0.0,116.16063486735028,26.95815849304199,2021-12-01,0,42.72678720094836,0.0,0.0,226.6747812906901,26.4244601385934,0.0,0,7.681357e-05,0
LR0712,Grand Cess Wedabo,Grand Kru,18011.0,421.53883266,2022,1,0,0,0.0,31.538527043660483,26.77323545728411,2022-01-01,0,42.72678720094836,0.0,0.0,116.16063486735028,26.95815849304199,0.0,0,0.001215675,0
LR0712,Grand Cess Wedabo,Grand Kru,18011.0,421.53883266,2022,2,0,0,0.0,81.63357849121094,26.879793439592632,2022-02-01,0,42.72678720094836,0.0,0.0,31.538527043660483,26.77323545728411,0.0,0,3.1726229e-06,0
LR0712,Grand Cess Wedabo,Grand Kru,18011.0,421.53883266,2022,3,0,0,0.0,157.80157775878908,26.70915004185268,2022-03-01,0,42.72678720094836,0.0,0.0,81.63357849121094,26.879793439592632,0.0,0,3.7139907e-06,0
LR0712,Grand Cess Wedabo,Grand Kru,18011.0,421.53883266,2022,4,0,0,0.0,203.10993143717448,27.04031930650984,2022-04-01,0,42.72678720094836,0.0,0.0,157.80157775878908,26.70915004185268,0.0,0,3.8284823e-05,0
LR0712,Grand Cess Wedabo,Grand Kru,18011.0,421.53883266,2022,5,0,0,0.0,318.6924947102865,26.74712439945766,2022-05-01,0,42.72678720094836,0.0,0.0,203.10993143717448,27.04031930650984,0.0,1,0.00031514806,0
LR0712,Grand Cess Wedabo,Grand Kru,18011.0,421.53883266,2022,6,0,0,0.0,817.459521484375,25.922663279942103,2022-06-01,0,42.72678720094836,0.0,0.0,318.6924947102865,26.74712439945766,0.0,1,0.0009868705,0
LR0712,Grand Cess Wedabo,Grand Kru,18011.0,421.53883266,2022,7,0,0,0.0,66.69553833007814,24.79214382171631,2022-07-01,0,42.72678720094836,0.0,0.0,817.459521484375,25.922663279942103,0.0,1,0.00047244132,0
LR0712,Grand Cess Wedabo,Grand Kru,18011.0,421.53883266,2022,8,0,0,0.0,109.84668375651042,24.60515049525669,2022-08-01,0,42.72678720094836,0.0,0.0,66.69553833007814,24.79214382171631,0.0,1,3.1738696e-06,0
LR0712,Grand Cess Wedabo,Grand Kru,18011.0,421.53883266,2022,9,0,0,0.0,280.7588521321615,25.006181989397323,2022-09-01,0,42.72678720094836,0.0,0.0,109.84668375651042,24.60515049525669,0.0,1,1.0126079e-05,0
LR0712,Grand Cess Wedabo,Grand Kru,18011.0,421.53883266,2022,10,0,0,0.0,328.86740112304693,26.06474930899484,2022-10-01,0,42.72678720094836,0.0,0.0,280.7588521321615,25.006181989397323,0.0,1,0.0012381343,0
LR0712,Grand Cess Wedabo,Grand Kru,18011.0,421.53883266,2022,11,0,0,0.0,341.62123616536456,26.15392439705985,2022-11-01,0,42.72678720094836,0.0,0.0,328.86740112304693,26.06474930899484,0.0,0,0.002263089,0
LR0712,Grand Cess Wedabo,Grand Kru,18011.0,421.53883266,2022,12,0,0,0.0,149.2573699951172,26.49679865155901,2022-12-01,0,42.72678720094836,0.0,0.0,341.62123616536456,26.15392439705985,0.0,0,5.986355e-05,0
LR0712,Grand Cess Wedabo,Grand Kru,18011.0,421.53883266,2023,1,0,0,0.0,40.627874628702806,26.78964710235596,2023-01-01,0,42.72678720094836,0.0,0.0,149.2573699951172,26.49679865155901,0.0,0,0.0005763469,0
LR0712,Grand Cess Wedabo,Grand Kru,18011.0,421.53883266,2023,2,0,0,0.0,83.74573008219402,27.259364673069545,2023-02-01,0,42.72678720094836,0.0,0.0,40.627874628702806,26.78964710235596,0.0,0,6.2654944e-06,0
LR0713,Kpi,Grand Kru,1367.0,182.72218417,2020,4,0,0,0.0,175.68735961914064,26.584579149882,2020-04-01,0,7.481302865382665,0.0,0.0,329.86712036132815,26.54455629984538,0.0,0,0.00013455903,0
LR0713,Kpi,Grand Kru,1367.0,182.72218417,2020,5,0,0,0.0,290.127294921875,26.262012481689453,2020-05-01,0,7.481302865382665,0.0,0.0,175.68735961914064,26.584579149882,0.0,1,0.00011907297,0
LR0713,Kpi,Grand Kru,1367.0,182.72218417,2020,6,0,0,0.0,469.59617919921874,24.996776262919106,2020-06-01,0,7.481302865382665,0.0,0.0,290.127294921875,26.262012481689453,0.0,1,0.00035274719,0
LR0713,Kpi,Grand Kru,1367.0,182.72218417,2020,7,0,0,0.0,135.31224822998047,24.02367337544759,2020-07-01,0,7.481302865382665,0.0,0.0,469.59617919921874,24.996776262919106,0.0,1,9.064106e-05,0
LR0713,Kpi,Grand Kru,1367.0,182.72218417,2020,8,0,0,0.0,68.95490417480468,23.85703563690185,2020-08-01,0,7.481302865382665,0.0,0.0,135.31224822998047,24.02367337544759,0.0,1,1.6095497e-05,0
LR0713,Kpi,Grand Kru,1367.0,182.72218417,2020,9,0,0,0.0,372.5138244628906,24.554808616638184,2020-09-01,0,7.481302865382665,0.0,0.0,68.95490417480468,23.85703563690185,0.0,1,0.00014195162,0
LR0713,Kpi,Grand Kru,1367.0,182.72218417,2020,10,0,0,0.0,444.4519775390625,25.363654136657715,2020-10-01,0,7.481302865382665,0.0,0.0,372.5138244628906,24.554808616638184,0.0,1,0.00016586822,0
LR0713,Kpi,Grand Kru,1367.0,182.72218417,2020,11,0,0,0.0,262.2744995117188,25.646923065185547,2020-11-01,0,7.481302865382665,0.0,0.0,444.4519775390625,25.363654136657715,0.0,0,2.1506512e-05,0
LR0713,Kpi,Grand Kru,1367.0,182.72218417,2020,12,0,0,0.0,111.9876693725586,25.821154594421387,2020-12-01,0,7.481302865382665,0.0,0.0,262.2744995117188,25.646923065185547,0.0,0,6.345832e-05,0
LR0713,Kpi,Grand Kru,1367.0,182.72218417,2021,1,0,0,0.0,55.36549606323242,25.811320622762043,2021-01-01,0,7.481302865382665,0.0,0.0,111.9876693725586,25.821154594421387,0.0,0,8.660752e-05,0
LR0713,Kpi,Grand Kru,1367.0,182.72218417,2021,2,0,0,0.0,152.15349731445312,26.24337482452393,2021-02-01,0,7.481302865382665,0.0,0.0,55.36549606323242,25.811320622762043,0.0,0,8.490917e-06,0
LR0713,Kpi,Grand Kru,1367.0,182.72218417,2021,3,0,0,0.0,229.3091247558594,25.676453908284504,2021-03-01,0,7.481302865382665,0.0,0.0,152.15349731445312,26.24337482452393,0.0,0,6.444141e-05,0
LR0713,Kpi,Grand Kru,1367.0,182.72218417,2021,4,0,0,0.0,153.36954040527343,26.248104731241863,2021-04-01,0,7.481302865382665,0.0,0.0,229.3091247558594,25.676453908284504,0.0,0,0.00022883175,0
LR0713,Kpi,Grand Kru,1367.0,182.72218417,2021,5,0,0,0.0,224.852865600586,26.169941902160645,2021-05-01,0,7.481302865382665,0.0,0.0,153.36954040527343,26.248104731241863,0.0,1,0.00017386628,0
LR0713,Kpi,Grand Kru,1367.0,182.72218417,2021,6,0,0,0.0,586.4393432617187,25.46809228261312,2021-06-01,0,7.481302865382665,0.0,0.0,224.852865600586,26.169941902160645,0.0,1,0.0013554229,0
LR0713,Kpi,Grand Kru,1367.0,182.72218417,2021,7,0,0,0.0,261.3396697998047,24.30666446685791,2021-07-01,0,7.481302865382665,0.0,0.0,586.4393432617187,25.46809228261312,0.0,1,6.819397e-05,0
LR0713,Kpi,Grand Kru,1367.0,182.72218417,2021,8,0,0,0.0,276.42242126464845,24.43294747670492,2021-08-01,0,7.481302865382665,0.0,0.0,261.3396697998047,24.30666446685791,0.0,1,0.0013527921,0
LR0713,Kpi,Grand Kru,1367.0,182.72218417,2021,9,0,0,0.0,431.8762939453125,24.97557481129964,2021-09-01,0,7.481302865382665,0.0,0.0,276.42242126464845,24.43294747670492,0.0,1,0.00020229603,0
LR0713,Kpi,Grand Kru,1367.0,182.72218417,2021,10,0,0,0.0,353.58766479492186,25.578237533569336,2021-10-01,0,7.481302865382665,0.0,0.0,431.8762939453125,24.97557481129964,0.0,1,4.1829408e-05,0
LR0713,Kpi,Grand Kru,1367.0,182.72218417,2021,11,0,0,0.0,181.8567443847656,25.72545051574707,2021-11-01,0,7.481302865382665,0.0,0.0,353.58766479492186,25.578237533569336,0.0,0,7.717819e-05,0
LR0713,Kpi,Grand Kru,1367.0,182.72218417,2021,12,0,0,0.0,96.50603790283203,26.238181749979653,2021-12-01,0,7.481302865382665,0.0,0.0,181.8567443847656,25.72545051574707,0.0,0,2.6885253e-05,0
LR0713,Kpi,Grand Kru,1367.0,182.72218417,2022,1,0,0,0.0,34.07678909301758,25.73643175760905,2022-01-01,0,7.481302865382665,0.0,0.0,96.50603790283203,26.238181749979653,0.0,0,0.00034393568,0
LR0713,Kpi,Grand Kru,1367.0,182.72218417,2022,2,0,0,0.0,79.90419464111328,26.12442429860433,2022-02-01,0,7.481302865382665,0.0,0.0,34.07678909301758,25.73643175760905,0.0,0,1.4417193e-05,0
LR0713,Kpi,Grand Kru,1367.0,182.72218417,2022,3,0,0,0.0,209.7192626953125,25.93261973063151,2022-03-01,0,7.481302865382665,0.0,0.0,79.90419464111328,26.12442429860433,0.0,0,2.659965e-05,0
LR0713,Kpi,Grand Kru,1367.0,182.72218417,2022,4,0,0,0.0,192.6579040527344,26.178963979085285,2022-04-01,0,7.481302865382665,0.0,0.0,209.7192626953125,25.93261973063151,0.0,0,0.00019514629,0
LR0713,Kpi,Grand Kru,1367.0,182.72218417,2022,5,0,0,0.0,288.0578247070313,25.86306699117025,2022-05-01,0,7.481302865382665,0.0,0.0,192.6579040527344,26.178963979085285,0.0,1,8.215299e-05,0
LR0713,Kpi,Grand Kru,1367.0,182.72218417,2022,6,0,0,0.0,579.248779296875,25.07343928019206,2022-06-01,0,7.481302865382665,0.0,0.0,288.0578247070313,25.86306699117025,0.0,1,0.00013930333,0
LR0713,Kpi,Grand Kru,1367.0,182.72218417,2022,7,0,0,0.0,53.67310791015625,23.909493128458656,2022-07-01,0,7.481302865382665,0.0,0.0,579.248779296875,25.07343928019206,0.0,1,8.246082e-05,0
LR0713,Kpi,Grand Kru,1367.0,182.72218417,2022,8,0,0,0.0,161.76577453613282,23.821621894836422,2022-08-01,0,7.481302865382665,0.0,0.0,53.67310791015625,23.909493128458656,0.0,1,3.799314e-06,0
LR0713,Kpi,Grand Kru,1367.0,182.72218417,2022,9,0,0,0.0,315.6308654785156,24.30936018625896,2022-09-01,0,7.481302865382665,0.0,0.0,161.76577453613282,23.821621894836422,0.0,1,0.00047854558,0
LR0713,Kpi,Grand Kru,1367.0,182.72218417,2022,10,0,0,0.0,381.225732421875,25.404560089111328,2022-10-01,0,7.481302865382665,0.0,0.0,315.6308654785156,24.30936018625896,0.0,1,0.00015319254,0
LR0713,Kpi,Grand Kru,1367.0,182.72218417,2022,11,0,0,0.0,288.945849609375,25.508150736490883,2022-11-01,0,7.481302865382665,0.0,0.0,381.225732421875,25.404560089111328,0.0,0,8.50859e-05,0
LR0713,Kpi,Grand Kru,1367.0,182.72218417,2022,12,0,0,0.0,118.8107131958008,25.674620628356934,2022-12-01,0,7.481302865382665,0.0,0.0,288.945849609375,25.508150736490883,0.0,0,0.00012135035,0
LR0713,Kpi,Grand Kru,1367.0,182.72218417,2023,1,0,0,0.0,48.80726013183594,25.85989284515381,2023-01-01,0,7.481302865382665,0.0,0.0,118.8107131958008,25.674620628356934,0.0,0,0.00040724166,0
LR0713,Kpi,Grand Kru,1367.0,182.72218417,2023,2,0,0,0.0,82.56551818847656,26.54802449544271,2023-02-01,0,7.481302865382665,0.0,0.0,48.80726013183594,25.85989284515381,0.0,0,1.041394e-05,0
LR0714,Lower Jloh,Grand Kru,3639.0,357.22938473,2020,4,0,0,0.0,174.80177307128903,27.242293271151457,2020-04-01,0,10.186731986648908,0.0,0.0,268.0802823580228,27.24577660994096,0.0,0,0.0012931272,0
LR0714,Lower Jloh,Grand Kru,3639.0,357.22938473,2020,5,0,0,0.0,363.9619398850661,26.976314891468395,2020-05-01,0,10.186731986648908,0.0,0.0,174.80177307128903,27.242293271151457,0.0,1,0.00074562704,0
LR0714,Lower Jloh,Grand Kru,3639.0,357.22938473,2020,6,0,0,0.0,517.3408367450421,25.76405386491255,2020-06-01,0,10.186731986648908,0.0,0.0,363.9619398850661,26.976314891468395,0.0,1,0.00043068433,0
LR0714,Lower Jloh,Grand Kru,3639.0,357.22938473,2020,7,0,0,0.0,135.6758282001202,24.7675162228671,2020-07-01,0,10.186731986648908,0.0,0.0,517.3408367450421,25.76405386491255,0.0,1,0.00040170347,0
LR0714,Lower Jloh,Grand Kru,3639.0,357.22938473,2020,8,0,0,0.0,86.22388986440806,24.575077230280097,2020-08-01,0,10.186731986648908,0.0,0.0,135.6758282001202,24.7675162228671,0.0,1,6.475632e-05,0
LR0714,Lower Jloh,Grand Kru,3639.0,357.22938473,2020,9,0,0,0.0,326.3467548076923,25.143381292169742,2020-09-01,0,10.186731986648908,0.0,0.0,86.22388986440806,24.575077230280097,0.0,1,9.1183494e-05,0
LR0714,Lower Jloh,Grand Kru,3639.0,357.22938473,2020,10,0,0,0.0,488.8289184570313,25.928831620649856,2020-10-01,0,10.186731986648908,0.0,0.0,326.3467548076923,25.143381292169742,0.0,1,3.2189633e-05,0
LR0714,Lower Jloh,Grand Kru,3639.0,357.22938473,2020,11,0,0,0.0,282.5226416954628,26.266030571677465,2020-11-01,0,10.186731986648908,0.0,0.0,488.8289184570313,25.928831620649856,0.0,0,0.00021633295,0
LR0714,Lower Jloh,Grand Kru,3639.0,357.22938473,2020,12,0,0,0.0,117.42875612699068,26.40862308848988,2020-12-01,0,10.186731986648908,0.0,0.0,282.5226416954628,26.266030571677465,0.0,0,0.00041349244,0
LR0714,Lower Jloh,Grand Kru,3639.0,357.22938473,2021,1,0,0,0.0,50.18065232496996,26.453585191206503,2021-01-01,0,10.186731986648908,0.0,0.0,117.42875612699068,26.40862308848988,0.0,0,0.0004549827,0
LR0714,Lower Jloh,Grand Kru,3639.0,357.22938473,2021,2,0,0,0.0,144.5573002741887,26.9617392800071,2021-02-01,0,10.186731986648908,0.0,0.0,50.18065232496996,26.453585191206503,0.0,0,8.51302e-05,0
LR0714,Lower Jloh,Grand Kru,3639.0,357.22938473,2021,3,0,0,0.0,197.5447739821214,26.323740699074484,2021-03-01,0,10.186731986648908,0.0,0.0,144.5573002741887,26.9617392800071,0.0,0,0.00018318291,0
LR0714,Lower Jloh,Grand Kru,3639.0,357.22938473,2021,4,0,0,0.0,147.3812948373648,26.932796825062145,2021-04-01,0,10.186731986648908,0.0,0.0,197.5447739821214,26.323740699074484,0.0,0,0.000401836,0
LR0714,Lower Jloh,Grand Kru,3639.0,357.22938473,2021,5,0,0,0.0,271.37680288461536,26.91105010292747,2021-05-01,0,10.186731986648908,0.0,0.0,147.3812948373648,26.932796825062145,0.0,1,0.00094679644,0
LR0714,Lower Jloh,Grand Kru,3639.0,357.22938473,2021,6,0,0,0.0,730.496333195613,26.13620584661311,2021-06-01,0,10.186731986648908,0.0,0.0,271.37680288461536,26.91105010292747,0.0,1,0.00096664747,0
LR0714,Lower Jloh,Grand Kru,3639.0,357.22938473,2021,7,0,0,0.0,333.30279541015625,25.133881482211024,2021-07-01,0,10.186731986648908,0.0,0.0,730.496333195613,26.13620584661311,0.0,1,0.0011660474,0
LR0714,Lower Jloh,Grand Kru,3639.0,357.22938473,2021,8,0,0,0.0,278.53824087289667,25.229619286277075,2021-08-01,0,10.186731986648908,0.0,0.0,333.30279541015625,25.133881482211024,0.0,1,0.00052221963,0
LR0714,Lower Jloh,Grand Kru,3639.0,357.22938473,2021,9,0,0,0.0,451.5931584284857,25.554708480834964,2021-09-01,0,10.186731986648908,0.0,0.0,278.53824087289667,25.229619286277075,0.0,1,0.00016526136,0
LR0714,Lower Jloh,Grand Kru,3639.0,357.22938473,2021,10,0,0,0.0,376.8403766338642,26.245586221868344,2021-10-01,0,10.186731986648908,0.0,0.0,451.5931584284857,25.554708480834964,0.0,1,0.00014562716,0
LR0714,Lower Jloh,Grand Kru,3639.0,357.22938473,2021,11,0,0,0.0,218.9645021878756,26.37321316112172,2021-11-01,0,10.186731986648908,0.0,0.0,376.8403766338642,26.245586221868344,0.0,0,0.0016766071,0
LR0714,Lower Jloh,Grand Kru,3639.0,357.22938473,2021,12,0,0,0.0,97.90013885498048,26.834763960404832,2021-12-01,0,10.186731986648908,0.0,0.0,218.9645021878756,26.37321316112172,0.0,0,0.0007947512,0
LR0714,Lower Jloh,Grand Kru,3639.0,357.22938473,2022,1,0,0,0.0,29.36363440293532,26.534672477028582,2022-01-01,0,10.186731986648908,0.0,0.0,97.90013885498048,26.834763960404832,0.0,0,0.0013520276,0
LR0714,Lower Jloh,Grand Kru,3639.0,357.22938473,2022,2,0,0,0.0,84.76359088604265,26.84325460954146,2022-02-01,0,10.186731986648908,0.0,0.0,29.36363440293532,26.534672477028582,0.0,0,3.176324e-05,0
LR0714,Lower Jloh,Grand Kru,3639.0,357.22938473,2022,3,0,0,0.0,177.2243499755859,26.603335120461203,2022-03-01,0,10.186731986648908,0.0,0.0,84.76359088604265,26.84325460954146,0.0,0,4.0232346e-05,0
LR0714,Lower Jloh,Grand Kru,3639.0,357.22938473,2022,4,0,0,0.0,190.3442887526292,26.928385127674453,2022-04-01,0,10.186731986648908,0.0,0.0,177.2243499755859,26.603335120461203,0.0,0,0.00033029786,0
LR0714,Lower Jloh,Grand Kru,3639.0,357.22938473,2022,5,0,0,0.0,365.10190523587744,26.66673504222523,2022-05-01,0,10.186731986648908,0.0,0.0,190.3442887526292,26.928385127674453,0.0,1,0.0005246711,0
LR0714,Lower Jloh,Grand Kru,3639.0,357.22938473,2022,6,0,0,0.0,669.6273428109976,25.844435605135832,2022-06-01,0,10.186731986648908,0.0,0.0,365.10190523587744,26.66673504222523,0.0,1,0.00033475598,0
LR0714,Lower Jloh,Grand Kru,3639.0,357.22938473,2022,7,0,0,0.0,82.29318706805891,24.75027136369185,2022-07-01,0,10.186731986648908,0.0,0.0,669.6273428109976,25.844435605135832,0.0,1,0.0004739704,0
LR0714,Lower Jloh,Grand Kru,3639.0,357.22938473,2022,8,0,0,0.0,104.764894925631,24.53350899436257,2022-08-01,0,10.186731986648908,0.0,0.0,82.29318706805891,24.75027136369185,0.0,1,7.642324e-06,0
LR0714,Lower Jloh,Grand Kru,3639.0,357.22938473,2022,9,0,0,0.0,306.1057387131911,24.96531815962358,2022-09-01,0,10.186731986648908,0.0,0.0,104.764894925631,24.53350899436257,0.0,1,0.00011337192,0
LR0714,Lower Jloh,Grand Kru,3639.0,357.22938473,2022,10,0,0,0.0,410.2036297137921,25.96989527615634,2022-10-01,0,10.186731986648908,0.0,0.0,306.1057387131911,24.96531815962358,0.0,1,0.00026190825,0
LR0714,Lower Jloh,Grand Kru,3639.0,357.22938473,2022,11,0,0,0.0,316.9057969313401,26.06557724692605,2022-11-01,0,10.186731986648908,0.0,0.0,410.2036297137921,25.96989527615634,0.0,0,0.0018991486,0
LR0714,Lower Jloh,Grand Kru,3639.0,357.22938473,2022,12,0,0,0.0,121.76568603515624,26.30440816012296,2022-12-01,0,10.186731986648908,0.0,0.0,316.9057969313401,26.06557724692605,0.0,0,9.855622e-05,0
LR0714,Lower Jloh,Grand Kru,3639.0,357.22938473,2023,1,0,0,0.0,35.62279275747446,26.53132265264338,2023-01-01,0,10.186731986648908,0.0,0.0,121.76568603515624,26.30440816012296,0.0,0,0.002898773,0
LR0714,Lower Jloh,Grand Kru,3639.0,357.22938473,2023,2,0,0,0.0,66.90221757155199,27.11056657270952,2023-02-01,0,10.186731986648908,0.0,0.0,35.62279275747446,26.53132265264338,0.0,0,0.00018854956,0
LR0715,Nrokwia-Wesldow,Grand Kru,2873.0,232.78178997,2020,4,0,0,0.0,178.82696533203125,27.01493048667908,2020-04-01,0,12.342030707686632,0.0,0.0,273.1746139526367,26.98000192642212,0.0,0,0.00011089971,0
LR0715,Nrokwia-Wesldow,Grand Kru,2873.0,232.78178997,2020,5,0,0,0.0,326.1390609741211,26.73286890983581,2020-05-01,0,12.342030707686632,0.0,0.0,178.82696533203125,27.01493048667908,0.0,1,5.5479988e-05,0
LR0715,Nrokwia-Wesldow,Grand Kru,2873.0,232.78178997,2020,6,0,0,0.0,519.1327056884766,25.496049880981445,2020-06-01,0,12.342030707686632,0.0,0.0,326.1390609741211,26.73286890983581,0.0,1,0.00043868658,0
LR0715,Nrokwia-Wesldow,Grand Kru,2873.0,232.78178997,2020,7,0,0,0.0,156.67054176330566,24.50573492050171,2020-07-01,0,12.342030707686632,0.0,0.0,519.1327056884766,25.496049880981445,0.0,1,0.003206584,0
LR0715,Nrokwia-Wesldow,Grand Kru,2873.0,232.78178997,2020,8,0,0,0.0,72.03017139434814,24.30535459518433,2020-08-01,0,12.342030707686632,0.0,0.0,156.67054176330566,24.50573492050171,0.0,1,3.4615598e-05,0
LR0715,Nrokwia-Wesldow,Grand Kru,2873.0,232.78178997,2020,9,0,0,0.0,264.05024147033686,24.92272019386291,2020-09-01,0,12.342030707686632,0.0,0.0,72.03017139434814,24.30535459518433,0.0,1,4.495178e-05,0
LR0715,Nrokwia-Wesldow,Grand Kru,2873.0,232.78178997,2020,10,0,0,0.0,544.6700286865234,25.735360860824585,2020-10-01,0,12.342030707686632,0.0,0.0,264.05024147033686,24.92272019386291,0.0,1,9.844702e-06,0
LR0715,Nrokwia-Wesldow,Grand Kru,2873.0,232.78178997,2020,11,0,0,0.0,295.82542419433594,26.044434785842896,2020-11-01,0,12.342030707686632,0.0,0.0,544.6700286865234,25.735360860824585,0.0,0,1.0164276e-05,0
LR0715,Nrokwia-Wesldow,Grand Kru,2873.0,232.78178997,2020,12,0,0,0.0,111.85156440734865,26.184442281723022,2020-12-01,0,12.342030707686632,0.0,0.0,295.82542419433594,26.044434785842896,0.0,0,4.2069994e-05,0
LR0715,Nrokwia-Wesldow,Grand Kru,2873.0,232.78178997,2021,1,0,0,0.0,54.86876153945923,26.220707893371586,2021-01-01,0,12.342030707686632,0.0,0.0,111.85156440734865,26.184442281723022,0.0,0,1.4160339e-05,0
LR0715,Nrokwia-Wesldow,Grand Kru,2873.0,232.78178997,2021,2,0,0,0.0,133.70537662506104,26.66110062599182,2021-02-01,0,12.342030707686632,0.0,0.0,54.86876153945923,26.220707893371586,0.0,0,2.108227e-06,0
LR0715,Nrokwia-Wesldow,Grand Kru,2873.0,232.78178997,2021,3,0,0,0.0,177.6990203857422,26.09147572517395,2021-03-01,0,12.342030707686632,0.0,0.0,133.70537662506104,26.66110062599182,0.0,0,2.0612471e-05,0
LR0715,Nrokwia-Wesldow,Grand Kru,2873.0,232.78178997,2021,4,0,0,0.0,150.872896194458,26.70167660713196,2021-04-01,0,12.342030707686632,0.0,0.0,177.6990203857422,26.09147572517395,0.0,0,6.711085e-06,0
LR0715,Nrokwia-Wesldow,Grand Kru,2873.0,232.78178997,2021,5,0,0,0.0,238.0625400543213,26.645498752594,2021-05-01,0,12.342030707686632,0.0,0.0,150.872896194458,26.70167660713196,0.0,1,1.9675066e-05,0
LR0715,Nrokwia-Wesldow,Grand Kru,2873.0,232.78178997,2021,6,0,0,0.0,674.7726593017578,25.91571974754334,2021-06-01,0,12.342030707686632,0.0,0.0,238.0625400543213,26.645498752594,0.0,1,8.653842e-05,0
LR0715,Nrokwia-Wesldow,Grand Kru,2873.0,232.78178997,2021,7,0,0,0.0,323.964542388916,24.84402370452881,2021-07-01,0,12.342030707686632,0.0,0.0,674.7726593017578,25.91571974754334,0.0,1,0.0008216571,0
LR0715,Nrokwia-Wesldow,Grand Kru,2873.0,232.78178997,2021,8,0,0,0.0,250.08478355407715,24.934389352798465,2021-08-01,0,12.342030707686632,0.0,0.0,323.964542388916,24.84402370452881,0.0,1,0.00011025241,0
LR0715,Nrokwia-Wesldow,Grand Kru,2873.0,232.78178997,2021,9,0,0,0.0,421.5493049621583,25.35741639137268,2021-09-01,0,12.342030707686632,0.0,0.0,250.08478355407715,24.934389352798465,0.0,1,4.368585e-05,0
LR0715,Nrokwia-Wesldow,Grand Kru,2873.0,232.78178997,2021,10,0,0,0.0,399.4946861267089,26.00562334060669,2021-10-01,0,12.342030707686632,0.0,0.0,421.5493049621583,25.35741639137268,0.0,1,3.5016543e-05,0
LR0715,Nrokwia-Wesldow,Grand Kru,2873.0,232.78178997,2021,11,0,0,0.0,217.6016731262207,26.13009595870972,2021-11-01,0,12.342030707686632,0.0,0.0,399.4946861267089,26.00562334060669,0.0,0,0.00028825997,0
LR0715,Nrokwia-Wesldow,Grand Kru,2873.0,232.78178997,2021,12,0,0,0.0,103.70683193206789,26.615644216537472,2021-12-01,0,12.342030707686632,0.0,0.0,217.6016731262207,26.13009595870972,0.0,0,1.9896679e-05,0
LR0715,Nrokwia-Wesldow,Grand Kru,2873.0,232.78178997,2022,1,0,0,0.0,35.815794467926025,26.246628046035763,2022-01-01,0,12.342030707686632,0.0,0.0,103.70683193206789,26.615644216537472,0.0,0,7.261449e-05,0
LR0715,Nrokwia-Wesldow,Grand Kru,2873.0,232.78178997,2022,2,0,0,0.0,78.36847400665285,26.55974316596985,2022-02-01,0,12.342030707686632,0.0,0.0,35.815794467926025,26.246628046035763,0.0,0,1.0767299e-06,0
LR0715,Nrokwia-Wesldow,Grand Kru,2873.0,232.78178997,2022,3,0,0,0.0,172.9530029296875,26.372227430343628,2022-03-01,0,12.342030707686632,0.0,0.0,78.36847400665285,26.55974316596985,0.0,0,1.9672777e-06,0
LR0715,Nrokwia-Wesldow,Grand Kru,2873.0,232.78178997,2022,4,0,0,0.0,190.28399658203125,26.656358003616333,2022-04-01,0,12.342030707686632,0.0,0.0,172.9530029296875,26.372227430343628,0.0,0,1.1986374e-05,0
LR0715,Nrokwia-Wesldow,Grand Kru,2873.0,232.78178997,2022,5,0,0,0.0,345.0717086791992,26.370446920394897,2022-05-01,0,12.342030707686632,0.0,0.0,190.28399658203125,26.656358003616333,0.0,1,9.155116e-05,0
LR0715,Nrokwia-Wesldow,Grand Kru,2873.0,232.78178997,2022,6,0,0,0.0,708.841636657715,25.5674364566803,2022-06-01,0,12.342030707686632,0.0,0.0,345.0717086791992,26.370446920394897,0.0,1,0.00076156604,0
LR0715,Nrokwia-Wesldow,Grand Kru,2873.0,232.78178997,2022,7,0,0,0.0,83.50672054290771,24.44181513786316,2022-07-01,0,12.342030707686632,0.0,0.0,708.841636657715,25.5674364566803,0.0,1,0.00035041486,0
LR0715,Nrokwia-Wesldow,Grand Kru,2873.0,232.78178997,2022,8,0,0,0.0,118.70071125030516,24.27435779571533,2022-08-01,0,12.342030707686632,0.0,0.0,83.50672054290771,24.44181513786316,0.0,1,2.001387e-05,0
LR0715,Nrokwia-Wesldow,Grand Kru,2873.0,232.78178997,2022,9,0,0,0.0,284.5889587402344,24.72769474983216,2022-09-01,0,12.342030707686632,0.0,0.0,118.70071125030516,24.27435779571533,0.0,1,0.00017304248,0
LR0715,Nrokwia-Wesldow,Grand Kru,2873.0,232.78178997,2022,10,0,0,0.0,388.4581260681152,25.775877714157104,2022-10-01,0,12.342030707686632,0.0,0.0,284.5889587402344,24.72769474983216,0.0,1,2.3509645e-05,0
LR0715,Nrokwia-Wesldow,Grand Kru,2873.0,232.78178997,2022,11,0,0,0.0,330.59120941162115,25.854597091674805,2022-11-01,0,12.342030707686632,0.0,0.0,388.4581260681152,25.775877714157104,0.0,0,1.3168536e-05,0
LR0715,Nrokwia-Wesldow,Grand Kru,2873.0,232.78178997,2022,12,0,0,0.0,129.09712505340576,26.078356742858887,2022-12-01,0,12.342030707686632,0.0,0.0,330.59120941162115,25.854597091674805,0.0,0,0.00011071934,0
LR0715,Nrokwia-Wesldow,Grand Kru,2873.0,232.78178997,2023,1,0,0,0.0,41.00360298156738,26.26758551597595,2023-01-01,0,12.342030707686632,0.0,0.0,129.09712505340576,26.078356742858887,0.0,0,0.000206566,0
LR0715,Nrokwia-Wesldow,Grand Kru,2873.0,232.78178997,2023,2,0,0,0.0,78.22933673858643,26.88651943206787,2023-02-01,0,12.342030707686632,0.0,0.0,41.00360298156738,26.26758551597595,0.0,0,1.6338811e-06,0
LR0716,Trenbo,Grand Kru,9182.0,245.45033149,2020,4,0,0,0.0,172.2218746609158,27.041162490844727,2020-04-01,0,37.408790382399985,0.0,0.0,281.6290351019965,26.977216243743896,0.0,0,0.00051297277,0
LR0716,Trenbo,Grand Kru,9182.0,245.45033149,2020,5,0,0,0.0,305.96039496527777,26.759525775909427,2020-05-01,0,37.408790382399985,0.0,0.0,172.2218746609158,27.041162490844727,0.0,1,8.167549e-05,0
LR0716,Trenbo,Grand Kru,9182.0,245.45033149,2020,6,0,0,0.0,517.338121202257,25.504664421081543,2020-06-01,0,37.408790382399985,0.0,0.0,305.96039496527777,26.759525775909427,0.0,1,0.0077215657,0
LR0716,Trenbo,Grand Kru,9182.0,245.45033149,2020,7,3,3,32.6726203441516,128.4258219401042,24.519109964370728,2020-07-01,0,37.408790382399985,0.0,0.0,517.338121202257,25.504664421081543,0.0,1,0.011268464,0
LR0716,Trenbo,Grand Kru,9182.0,245.45033149,2020,8,3,3,32.6726203441516,66.85503175523546,24.295377492904663,2020-08-01,0,37.408790382399985,3.0,32.6726203441516,128.4258219401042,24.519109964370728,1.0,1,0.003216556,0
LR0716,Trenbo,Grand Kru,9182.0,245.45033149,2020,9,0,0,0.0,231.03932189941403,24.91312456130981,2020-09-01,0,37.408790382399985,3.0,32.6726203441516,66.85503175523546,24.295377492904663,2.0,1,0.00039035614,0
LR0716,Trenbo,Grand Kru,9182.0,245.45033149,2020,10,0,0,0.0,517.8449876573351,25.738908767700195,2020-10-01,0,37.408790382399985,0.0,0.0,231.03932189941403,24.91312456130981,2.0,1,0.00013381997,0
LR0716,Trenbo,Grand Kru,9182.0,245.45033149,2020,11,0,0,0.0,334.3862779405382,26.05466675758361,2020-11-01,0,37.408790382399985,0.0,0.0,517.8449876573351,25.738908767700195,1.0,0,0.00020708641,0
LR0716,Trenbo,Grand Kru,9182.0,245.45033149,2020,12,0,0,0.0,106.8329323662652,26.188092947006226,2020-12-01,0,37.408790382399985,0.0,0.0,334.3862779405382,26.05466675758361,0.0,0,1.8351693e-05,0
LR0716,Trenbo,Grand Kru,9182.0,245.45033149,2021,1,0,0,0.0,57.38561333550348,26.24022746086121,2021-01-01,0,37.408790382399985,0.0,0.0,106.8329323662652,26.188092947006226,0.0,0,9.717582e-06,0
LR0716,Trenbo,Grand Kru,9182.0,245.45033149,2021,2,0,0,0.0,125.09045749240452,26.62859892845153,2021-02-01,0,37.408790382399985,0.0,0.0,57.38561333550348,26.24022746086121,0.0,0,1.4721413e-06,0
LR0716,Trenbo,Grand Kru,9182.0,245.45033149,2021,3,0,0,0.0,165.00673251681857,26.100994348526,2021-03-01,0,37.408790382399985,0.0,0.0,125.09045749240452,26.62859892845153,0.0,0,2.826395e-05,0
LR0716,Trenbo,Grand Kru,9182.0,245.45033149,2021,4,0,0,0.0,148.786875406901,26.729891538619995,2021-04-01,0,37.408790382399985,0.0,0.0,165.00673251681857,26.100994348526,0.0,0,4.1603435e-06,0
LR0716,Trenbo,Grand Kru,9182.0,245.45033149,2021,5,0,0,0.0,213.4613901774088,26.65843701362609,2021-05-01,0,37.408790382399985,0.0,0.0,148.786875406901,26.729891538619995,0.0,1,8.8997636e-05,0
LR0716,Trenbo,Grand Kru,9182.0,245.45033149,2021,6,0,0,0.0,701.6180284288195,25.945713996887203,2021-06-01,0,37.408790382399985,0.0,0.0,213.4613901774088,26.65843701362609,0.0,1,0.00014065088,0
LR0716,Trenbo,Grand Kru,9182.0,245.45033149,2021,7,8,8,87.12698758440428,316.7909986707899,24.861545085906982,2021-07-01,1,37.408790382399985,0.0,0.0,701.6180284288195,25.945713996887203,0.0,1,0.75415987,1
LR0716,Trenbo,Grand Kru,9182.0,245.45033149,2021,8,0,0,0.0,197.02305603027344,24.931480169296265,2021-08-01,0,37.408790382399985,8.0,87.12698758440428,316.7909986707899,24.861545085906982,2.6666666666666665,1,0.01015016,0
LR0716,Trenbo,Grand Kru,9182.0,245.45033149,2021,9,0,0,0.0,413.1399197048611,25.38242745399475,2021-09-01,0,37.408790382399985,0.0,0.0,197.02305603027344,24.931480169296265,2.6666666666666665,1,0.0002963233,0
LR0716,Trenbo,Grand Kru,9182.0,245.45033149,2021,10,0,0,0.0,360.8027106391059,25.99626517295837,2021-10-01,0,37.408790382399985,0.0,0.0,413.1399197048611,25.38242745399475,2.6666666666666665,1,0.00074071664,0
LR0716,Trenbo,Grand Kru,9182.0,245.45033149,2021,11,0,0,0.0,249.1872490776909,26.12031126022339,2021-11-01,0,37.408790382399985,0.0,0.0,360.8027106391059,25.99626517295837,0.0,0,0.000128294,0
LR0716,Trenbo,Grand Kru,9182.0,245.45033149,2021,12,0,0,0.0,120.01959737141928,26.63007688522339,2021-12-01,0,37.408790382399985,0.0,0.0,249.1872490776909,26.12031126022339,0.0,0,2.0201753e-05,0
LR0716,Trenbo,Grand Kru,9182.0,245.45033149,2022,1,0,0,0.0,33.605816735161675,26.268790006637577,2022-01-01,0,37.408790382399985,0.0,0.0,120.01959737141928,26.63007688522339,0.0,0,0.0009114471,0
LR0716,Trenbo,Grand Kru,9182.0,245.45033149,2022,2,0,0,0.0,89.38568369547527,26.55641007423401,2022-02-01,0,37.408790382399985,0.0,0.0,33.605816735161675,26.268790006637577,0.0,0,1.1277178e-06,0
LR0716,Trenbo,Grand Kru,9182.0,245.45033149,2022,3,0,0,0.0,183.7042422824436,26.40090417861938,2022-03-01,0,37.408790382399985,0.0,0.0,89.38568369547527,26.55641007423401,0.0,0,3.9974702e-06,0
LR0716,Trenbo,Grand Kru,9182.0,245.45033149,2022,4,0,0,0.0,194.744635687934,26.65877223014832,2022-04-01,0,37.408790382399985,0.0,0.0,183.7042422824436,26.40090417861938,0.0,0,2.6547166e-05,0
LR0716,Trenbo,Grand Kru,9182.0,245.45033149,2022,5,0,0,0.0,293.32955254448785,26.372636318206787,2022-05-01,0,37.408790382399985,0.0,0.0,194.744635687934,26.65877223014832,0.0,1,0.00025500375,0
LR0716,Trenbo,Grand Kru,9182.0,245.45033149,2022,6,0,0,0.0,793.3244425455729,25.57229161262513,2022-06-01,0,37.408790382399985,0.0,0.0,293.32955254448785,26.372636318206787,0.0,1,0.0024181954,0
LR0716,Trenbo,Grand Kru,9182.0,245.45033149,2022,7,0,0,0.0,78.40512932671442,24.43435549736024,2022-07-01,0,37.408790382399985,0.0,0.0,793.3244425455729,25.57229161262513,0.0,1,0.0022866183,0
LR0716,Trenbo,Grand Kru,9182.0,245.45033149,2022,8,0,0,0.0,127.29714881049262,24.278501749038696,2022-08-01,0,37.408790382399985,0.0,0.0,78.40512932671442,24.43435549736024,0.0,1,7.4768896e-06,0
LR0716,Trenbo,Grand Kru,9182.0,245.45033149,2022,9,0,0,0.0,301.01014879014764,24.717814445495605,2022-09-01,0,37.408790382399985,0.0,0.0,127.29714881049262,24.278501749038696,0.0,1,7.027612e-05,0
LR0716,Trenbo,Grand Kru,9182.0,245.45033149,2022,10,0,0,0.0,345.32545979817706,25.78831911087036,2022-10-01,0,37.408790382399985,0.0,0.0,301.01014879014764,24.717814445495605,0.0,1,0.00026068752,0
LR0716,Trenbo,Grand Kru,9182.0,245.45033149,2022,11,0,0,0.0,380.3035685221354,25.86431121826172,2022-11-01,0,37.408790382399985,0.0,0.0,345.32545979817706,25.78831911087036,0.0,0,7.673816e-05,0
LR0716,Trenbo,Grand Kru,9182.0,245.45033149,2022,12,0,0,0.0,168.49729749891492,26.117122650146484,2022-12-01,0,37.408790382399985,0.0,0.0,380.3035685221354,25.86431121826172,0.0,0,5.5159242e-05,0
LR0716,Trenbo,Grand Kru,9182.0,245.45033149,2023,1,0,0,0.0,52.11085467868381,26.238601207733154,2023-01-01,0,37.408790382399985,0.0,0.0,168.49729749891492,26.117122650146484,0.0,0,2.503819e-05,0
LR0716,Trenbo,Grand Kru,9182.0,245.45033149,2023,2,0,0,0.0,95.6687995062934,26.863133907318115,2023-02-01,0,37.408790382399985,0.0,0.0,52.11085467868381,26.238601207733154,0.0,0,1.8723498e-06,0
LR0717,Upper Jloh,Grand Kru,3746.0,260.7818422,2020,4,0,0,0.0,180.44112968444824,27.22064505683052,2020-04-01,0,14.36449703859021,0.0,0.0,253.26154708862305,27.204523510403103,0.0,0,0.00011352867,0
LR0717,Upper Jloh,Grand Kru,3746.0,260.7818422,2020,5,0,0,0.0,342.1292762756348,26.953424877590603,2020-05-01,0,14.36449703859021,0.0,0.0,180.44112968444824,27.22064505683052,0.0,1,0.000111484675,0
LR0717,Upper Jloh,Grand Kru,3746.0,260.7818422,2020,6,0,0,0.0,521.1553230285645,25.734013239542644,2020-06-01,0,14.36449703859021,0.0,0.0,342.1292762756348,26.953424877590603,0.0,1,0.00040683616,0
LR0717,Upper Jloh,Grand Kru,3746.0,260.7818422,2020,7,0,0,0.0,148.91087341308594,24.735663096110027,2020-07-01,0,14.36449703859021,0.0,0.0,521.1553230285645,25.734013239542644,0.0,1,0.00011050406,0
LR0717,Upper Jloh,Grand Kru,3746.0,260.7818422,2020,8,0,0,0.0,76.94151020050049,24.53142738342285,2020-08-01,0,14.36449703859021,0.0,0.0,148.91087341308594,24.735663096110027,0.0,1,4.4547014e-05,0
LR0717,Upper Jloh,Grand Kru,3746.0,260.7818422,2020,9,0,0,0.0,248.89584732055664,25.10967360602485,2020-09-01,0,14.36449703859021,0.0,0.0,76.94151020050049,24.53142738342285,0.0,1,2.0688683e-06,0
LR0717,Upper Jloh,Grand Kru,3746.0,260.7818422,2020,10,0,0,0.0,521.7611389160156,25.912734137641056,2020-10-01,0,14.36449703859021,0.0,0.0,248.89584732055664,25.10967360602485,0.0,1,1.5586113e-05,0
LR0717,Upper Jloh,Grand Kru,3746.0,260.7818422,2020,11,0,0,0.0,292.034854888916,26.23665809631348,2020-11-01,0,14.36449703859021,0.0,0.0,521.7611389160156,25.912734137641056,0.0,0,9.109844e-06,0
LR0717,Upper Jloh,Grand Kru,3746.0,260.7818422,2020,12,0,0,0.0,111.314847946167,26.374412324693463,2020-12-01,0,14.36449703859021,0.0,0.0,292.034854888916,26.23665809631348,0.0,0,4.5699013e-05,0
LR0717,Upper Jloh,Grand Kru,3746.0,260.7818422,2021,1,0,0,0.0,52.982800006866455,26.426552878485783,2021-01-01,0,14.36449703859021,0.0,0.0,111.314847946167,26.374412324693463,0.0,0,3.0365127e-05,0
LR0717,Upper Jloh,Grand Kru,3746.0,260.7818422,2021,2,0,0,0.0,135.42666244506836,26.895285500420464,2021-02-01,0,14.36449703859021,0.0,0.0,52.982800006866455,26.426552878485783,0.0,0,4.545537e-06,0
LR0717,Upper Jloh,Grand Kru,3746.0,260.7818422,2021,3,0,0,0.0,174.58628273010254,26.29347483317057,2021-03-01,0,14.36449703859021,0.0,0.0,135.42666244506836,26.895285500420464,0.0,0,1.0134997e-05,0
LR0717,Upper Jloh,Grand Kru,3746.0,260.7818422,2021,4,0,0,0.0,148.5322971343994,26.911944071451824,2021-04-01,0,14.36449703859021,0.0,0.0,174.58628273010254,26.29347483317057,0.0,0,1.0547734e-05,0
LR0717,Upper Jloh,Grand Kru,3746.0,260.7818422,2021,5,0,0,0.0,248.02416038513184,26.87814055548774,2021-05-01,0,14.36449703859021,0.0,0.0,148.5322971343994,26.911944071451824,0.0,1,2.0055157e-05,0
LR0717,Upper Jloh,Grand Kru,3746.0,260.7818422,2021,6,0,0,0.0,711.8131637573242,26.119576983981663,2021-06-01,0,14.36449703859021,0.0,0.0,248.02416038513184,26.87814055548774,0.0,1,0.0005020397,0
LR0717,Upper Jloh,Grand Kru,3746.0,260.7818422,2021,7,0,0,0.0,333.4021186828613,25.100040859646267,2021-07-01,0,14.36449703859021,0.0,0.0,711.8131637573242,26.119576983981663,0.0,1,0.00021472161,0
LR0717,Upper Jloh,Grand Kru,3746.0,260.7818422,2021,8,0,0,0.0,256.9607906341553,25.184850268893776,2021-08-01,0,14.36449703859021,0.0,0.0,333.4021186828613,25.100040859646267,0.0,1,1.982898e-05,0
LR0717,Upper Jloh,Grand Kru,3746.0,260.7818422,2021,9,0,0,0.0,439.6437225341797,25.538220087687176,2021-09-01,0,14.36449703859021,0.0,0.0,256.9607906341553,25.184850268893776,0.0,1,0.0001434812,0
LR0717,Upper Jloh,Grand Kru,3746.0,260.7818422,2021,10,0,0,0.0,398.22364807128906,26.21480157640245,2021-10-01,0,14.36449703859021,0.0,0.0,439.6437225341797,25.538220087687176,0.0,1,2.5624118e-05,0
LR0717,Upper Jloh,Grand Kru,3746.0,260.7818422,2021,11,0,0,0.0,216.2489490509033,26.33654615614149,2021-11-01,0,14.36449703859021,0.0,0.0,398.22364807128906,26.21480157640245,0.0,0,0.00024525536,0
LR0717,Upper Jloh,Grand Kru,3746.0,260.7818422,2021,12,0,0,0.0,104.79002857208252,26.80706278483073,2021-12-01,0,14.36449703859021,0.0,0.0,216.2489490509033,26.33654615614149,0.0,0,3.5152312e-05,0
LR0717,Upper Jloh,Grand Kru,3746.0,260.7818422,2022,1,0,0,0.0,29.48473000526428,26.506639692518444,2022-01-01,0,14.36449703859021,0.0,0.0,104.79002857208252,26.80706278483073,0.0,0,9.387462e-05,0
LR0717,Upper Jloh,Grand Kru,3746.0,260.7818422,2022,2,0,0,0.0,79.55368423461914,26.792071448432075,2022-02-01,0,14.36449703859021,0.0,0.0,29.48473000526428,26.506639692518444,0.0,0,1.9964634e-06,0
LR0717,Upper Jloh,Grand Kru,3746.0,260.7818422,2022,3,0,0,0.0,176.37030220031738,26.577250798543293,2022-03-01,0,14.36449703859021,0.0,0.0,79.55368423461914,26.792071448432075,0.0,0,2.1481192e-06,0
LR0717,Upper Jloh,Grand Kru,3746.0,260.7818422,2022,4,0,0,0.0,188.32372283935547,26.89309395684136,2022-04-01,0,14.36449703859021,0.0,0.0,176.37030220031738,26.577250798543293,0.0,0,1.7207121e-05,0
LR0717,Upper Jloh,Grand Kru,3746.0,260.7818422,2022,5,0,0,0.0,347.2736015319824,26.622119903564453,2022-05-01,0,14.36449703859021,0.0,0.0,188.32372283935547,26.89309395684136,0.0,1,8.1156715e-05,0
LR0717,Upper Jloh,Grand Kru,3746.0,260.7818422,2022,6,0,0,0.0,693.9774703979492,25.808347913953995,2022-06-01,0,14.36449703859021,0.0,0.0,347.2736015319824,26.622119903564453,0.0,1,0.00027258752,0
LR0717,Upper Jloh,Grand Kru,3746.0,260.7818422,2022,7,0,0,0.0,81.8874397277832,24.703505833943684,2022-07-01,0,14.36449703859021,0.0,0.0,693.9774703979492,25.808347913953995,0.0,1,0.0005635848,0
LR0717,Upper Jloh,Grand Kru,3746.0,260.7818422,2022,8,0,0,0.0,108.91839981079102,24.49493005540636,2022-08-01,0,14.36449703859021,0.0,0.0,81.8874397277832,24.703505833943684,0.0,1,5.271785e-06,0
LR0717,Upper Jloh,Grand Kru,3746.0,260.7818422,2022,9,0,0,0.0,305.7313041687012,24.93566004435221,2022-09-01,0,14.36449703859021,0.0,0.0,108.91839981079102,24.49493005540636,0.0,1,4.768497e-05,0
LR0717,Upper Jloh,Grand Kru,3746.0,260.7818422,2022,10,0,0,0.0,372.46001815795904,25.951646592881943,2022-10-01,0,14.36449703859021,0.0,0.0,305.7313041687012,24.93566004435221,0.0,1,2.4860174e-05,0
LR0717,Upper Jloh,Grand Kru,3746.0,260.7818422,2022,11,0,0,0.0,329.4134864807129,26.030623965793183,2022-11-01,0,14.36449703859021,0.0,0.0,372.46001815795904,25.951646592881943,0.0,0,0.00015076496,0
LR0717,Upper Jloh,Grand Kru,3746.0,260.7818422,2022,12,0,0,0.0,121.6856451034546,26.281877517700195,2022-12-01,0,14.36449703859021,0.0,0.0,329.4134864807129,26.030623965793183,0.0,0,1.5400507e-05,0
LR0717,Upper Jloh,Grand Kru,3746.0,260.7818422,2023,1,0,0,0.0,34.85285019874573,26.48973888821072,2023-01-01,0,14.36449703859021,0.0,0.0,121.6856451034546,26.281877517700195,0.0,0,0.00025604817,0
LR0717,Upper Jloh,Grand Kru,3746.0,260.7818422,2023,2,0,0,0.0,67.03850746154785,27.06859991285536,2023-02-01,0,14.36449703859021,0.0,0.0,34.85285019874573,26.48973888821072,0.0,0,1.4270377e-05,0
LR0718,Wlogba,Grand Kru,2029.0,90.39001585,2020,4,0,0,0.0,186.3333435058593,26.58148097991944,2020-04-01,0,22.4471694237456,0.0,0.0,342.0956522623698,26.54429292678833,0.0,0,0.00010095987,0
LR0718,Wlogba,Grand Kru,2029.0,90.39001585,2020,5,0,0,0.0,288.8796895345052,26.268790245056152,2020-05-01,0,22.4471694237456,0.0,0.0,186.3333435058593,26.58148097991944,0.0,1,4.6250727e-05,0
LR0718,Wlogba,Grand Kru,2029.0,90.39001585,2020,6,0,0,0.0,466.1548360188802,25.011138439178467,2020-06-01,0,22.4471694237456,0.0,0.0,288.8796895345052,26.268790245056152,0.0,1,0.0010501876,0
LR0718,Wlogba,Grand Kru,2029.0,90.39001585,2020,7,0,0,0.0,122.70964050292967,24.03307294845581,2020-07-01,0,22.4471694237456,0.0,0.0,466.1548360188802,25.011138439178467,0.0,1,0.0003729531,0
LR0718,Wlogba,Grand Kru,2029.0,90.39001585,2020,8,0,0,0.0,80.02115885416667,23.859776973724365,2020-08-01,0,22.4471694237456,0.0,0.0,122.70964050292967,24.03307294845581,0.0,1,1.4874809e-05,0
LR0718,Wlogba,Grand Kru,2029.0,90.39001585,2020,9,0,0,0.0,419.0318094889323,24.5618748664856,2020-09-01,0,22.4471694237456,0.0,0.0,80.02115885416667,23.859776973724365,0.0,1,0.0003539449,0
LR0718,Wlogba,Grand Kru,2029.0,90.39001585,2020,10,0,0,0.0,416.1547037760417,25.367656707763672,2020-10-01,0,22.4471694237456,0.0,0.0,419.0318094889323,24.5618748664856,0.0,1,0.000117292206,0
LR0718,Wlogba,Grand Kru,2029.0,90.39001585,2020,11,0,0,0.0,246.9692128499349,25.654119968414307,2020-11-01,0,22.4471694237456,0.0,0.0,416.1547037760417,25.367656707763672,0.0,0,3.5406054e-05,0
LR0718,Wlogba,Grand Kru,2029.0,90.39001585,2020,12,0,0,0.0,109.47869873046876,25.821091175079346,2020-12-01,0,22.4471694237456,0.0,0.0,246.9692128499349,25.654119968414307,0.0,0,4.1918734e-05,0
LR0718,Wlogba,Grand Kru,2029.0,90.39001585,2021,1,0,0,0.0,53.3424326578776,25.80476140975952,2021-01-01,0,22.4471694237456,0.0,0.0,109.47869873046876,25.821091175079346,0.0,0,2.5187608e-05,0
LR0718,Wlogba,Grand Kru,2029.0,90.39001585,2021,2,0,0,0.0,158.50078328450522,26.24448013305664,2021-02-01,0,22.4471694237456,0.0,0.0,53.3424326578776,25.80476140975952,0.0,0,1.762769e-06,0
LR0718,Wlogba,Grand Kru,2029.0,90.39001585,2021,3,0,0,0.0,235.95575459798167,25.6801872253418,2021-03-01,0,22.4471694237456,0.0,0.0,158.50078328450522,26.24448013305664,0.0,0,8.8230845e-06,0
LR0718,Wlogba,Grand Kru,2029.0,90.39001585,2021,4,0,0,0.0,164.01689656575522,26.24942636489868,2021-04-01,0,22.4471694237456,0.0,0.0,235.95575459798167,25.6801872253418,0.0,0,6.6998065e-05,0
LR0718,Wlogba,Grand Kru,2029.0,90.39001585,2021,5,0,0,0.0,229.3177947998047,26.173471450805664,2021-05-01,0,22.4471694237456,0.0,0.0,164.01689656575522,26.24942636489868,0.0,1,5.6352277e-05,0
LR0718,Wlogba,Grand Kru,2029.0,90.39001585,2021,6,0,0,0.0,540.17578125,25.470118522644043,2021-06-01,0,22.4471694237456,0.0,0.0,229.3177947998047,26.173471450805664,0.0,1,0.0004978314,0
LR0718,Wlogba,Grand Kru,2029.0,90.39001585,2021,7,0,0,0.0,249.9224650065104,24.315481662750244,2021-07-01,0,22.4471694237456,0.0,0.0,540.17578125,25.470118522644043,0.0,1,0.00032425032,0
LR0718,Wlogba,Grand Kru,2029.0,90.39001585,2021,8,0,0,0.0,251.4488220214844,24.44059133529663,2021-08-01,0,22.4471694237456,0.0,0.0,249.9224650065104,24.315481662750244,0.0,1,0.0019827792,0
LR0718,Wlogba,Grand Kru,2029.0,90.39001585,2021,9,0,0,0.0,456.8080240885417,24.979363918304443,2021-09-01,0,22.4471694237456,0.0,0.0,251.4488220214844,24.44059133529663,0.0,1,0.00015867206,0
LR0718,Wlogba,Grand Kru,2029.0,90.39001585,2021,10,0,0,0.0,321.96494547526044,25.585893154144287,2021-10-01,0,22.4471694237456,0.0,0.0,456.8080240885417,24.979363918304443,0.0,1,6.0211416e-05,0
LR0718,Wlogba,Grand Kru,2029.0,90.39001585,2021,11,0,0,0.0,169.5907185872396,25.730393409729004,2021-11-01,0,22.4471694237456,0.0,0.0,321.96494547526044,25.585893154144287,0.0,0,5.1678224e-05,0
LR0718,Wlogba,Grand Kru,2029.0,90.39001585,2021,12,0,0,0.0,91.27150980631512,26.229774475097656,2021-12-01,0,22.4471694237456,0.0,0.0,169.5907185872396,25.730393409729004,0.0,0,5.285382e-06,0
LR0718,Wlogba,Grand Kru,2029.0,90.39001585,2022,1,0,0,0.0,31.3931516011556,25.709372520446777,2022-01-01,0,22.4471694237456,0.0,0.0,91.27150980631512,26.229774475097656,0.0,0,8.315619e-05,0
LR0718,Wlogba,Grand Kru,2029.0,90.39001585,2022,2,0,0,0.0,87.88559468587239,26.123281955719,2022-02-01,0,22.4471694237456,0.0,0.0,31.3931516011556,25.709372520446777,0.0,0,2.9340574e-06,0
LR0718,Wlogba,Grand Kru,2029.0,90.39001585,2022,3,0,0,0.0,211.52319844563803,25.943336486816406,2022-03-01,0,22.4471694237456,0.0,0.0,87.88559468587239,26.123281955719,0.0,0,5.5223377e-06,0
LR0718,Wlogba,Grand Kru,2029.0,90.39001585,2022,4,0,0,0.0,208.664540608724,26.18102169036865,2022-04-01,0,22.4471694237456,0.0,0.0,211.52319844563803,25.943336486816406,0.0,0,9.817483e-05,0
LR0718,Wlogba,Grand Kru,2029.0,90.39001585,2022,5,0,0,0.0,292.72251383463544,25.870556354522705,2022-05-01,0,22.4471694237456,0.0,0.0,208.664540608724,26.18102169036865,0.0,1,4.0923253e-05,0
LR0718,Wlogba,Grand Kru,2029.0,90.39001585,2022,6,0,0,0.0,521.581787109375,25.08253812789917,2022-06-01,0,22.4471694237456,0.0,0.0,292.72251383463544,25.870556354522705,0.0,1,0.00024763794,0
LR0718,Wlogba,Grand Kru,2029.0,90.39001585,2022,7,0,0,0.0,49.72545623779297,23.926724910736084,2022-07-01,0,22.4471694237456,0.0,0.0,521.581787109375,25.08253812789917,0.0,1,0.0003836782,0
LR0718,Wlogba,Grand Kru,2029.0,90.39001585,2022,8,0,0,0.0,162.3921661376953,23.83102226257324,2022-08-01,0,22.4471694237456,0.0,0.0,49.72545623779297,23.926724910736084,0.0,1,5.7675124e-06,0
LR0718,Wlogba,Grand Kru,2029.0,90.39001585,2022,9,0,0,0.0,305.8816223144531,24.31902647018433,2022-09-01,0,22.4471694237456,0.0,0.0,162.3921661376953,23.83102226257324,0.0,1,0.00033334518,0
LR0718,Wlogba,Grand Kru,2029.0,90.39001585,2022,10,0,0,0.0,388.6565653483073,25.4089994430542,2022-10-01,0,22.4471694237456,0.0,0.0,305.8816223144531,24.31902647018433,0.0,1,0.0002918427,0
LR0718,Wlogba,Grand Kru,2029.0,90.39001585,2022,11,0,0,0.0,271.3399251302083,25.50372743606568,2022-11-01,0,22.4471694237456,0.0,0.0,388.6565653483073,25.4089994430542,0.0,0,0.00011583625,0
LR0718,Wlogba,Grand Kru,2029.0,90.39001585,2022,12,0,0,0.0,117.36828104654948,25.653451442718502,2022-12-01,0,22.4471694237456,0.0,0.0,271.3399251302083,25.50372743606568,0.0,0,4.8484522e-05,0
LR0718,Wlogba,Grand Kru,2029.0,90.39001585,2023,1,0,0,0.0,47.84010060628256,25.818238258361816,2023-01-01,0,22.4471694237456,0.0,0.0,117.36828104654948,25.653451442718502,0.0,0,0.00030644258,0
LR0718,Wlogba,Grand Kru,2029.0,90.39001585,2023,2,0,0,0.0,83.69205220540364,26.52901601791382,2023-02-01,0,22.4471694237456,0.0,0.0,47.84010060628256,25.818238258361816,0.0,0,2.1620042e-06,0
LR0801,Foya,Lofa,46894.0,608.90455513,2020,4,0,0,0.0,158.97931046919388,26.07156820297241,2020-04-01,0,77.01371192729577,0.0,0.0,126.84066911177202,26.139518547058103,0.0,0,8.7903434e-05,0
LR0801,Foya,Lofa,46894.0,608.90455513,2020,5,1,1,2.132468972576449,188.934775612571,25.425843238830563,2020-05-01,0,77.01371192729577,0.0,0.0,158.97931046919388,26.07156820297241,0.0,1,0.00024749254,0
LR0801,Foya,Lofa,46894.0,608.90455513,2020,6,6,6,12.794813835458694,286.14747480912644,24.48244915008545,2020-06-01,1,77.01371192729577,1.0,2.132468972576449,188.934775612571,25.425843238830563,0.3333333333333333,1,0.9438772,1
LR0801,Foya,Lofa,46894.0,608.90455513,2020,7,18,18,38.38444150637608,298.6830430464311,23.07388772964477,2020-07-01,1,77.01371192729577,6.0,12.794813835458694,286.14747480912644,24.48244915008545,2.3333333333333335,1,0.9784555,1
LR0801,Foya,Lofa,46894.0,608.90455513,2020,8,0,0,0.0,297.4622171575373,22.804413890838617,2020-08-01,0,77.01371192729577,18.0,38.38444150637608,298.6830430464311,23.07388772964477,8.333333333333334,1,0.02714954,0
LR0801,Foya,Lofa,46894.0,608.90455513,2020,9,0,0,0.0,320.72126076438207,23.58686819076538,2020-09-01,0,77.01371192729577,0.0,0.0,297.4622171575373,22.804413890838617,8.0,1,0.003803298,0
LR0801,Foya,Lofa,46894.0,608.90455513,2020,10,0,0,0.0,216.86424532803625,24.19865255355836,2020-10-01,0,77.01371192729577,0.0,0.0,320.72126076438207,23.58686819076538,6.0,1,0.0006685427,0
LR0801,Foya,Lofa,46894.0,608.90455513,2020,11,0,0,0.0,45.15548116510565,24.045952606201173,2020-11-01,0,77.01371192729577,0.0,0.0,216.86424532803625,24.19865255355836,0.0,0,0.00021318918,0
LR0801,Foya,Lofa,46894.0,608.90455513,2020,12,0,0,0.0,46.94322846152566,23.90582494735717,2020-12-01,0,77.01371192729577,0.0,0.0,45.15548116510565,24.045952606201173,0.0,0,2.240933e-05,0
LR0801,Foya,Lofa,46894.0,608.90455513,2021,1,0,0,0.0,12.64556919444691,23.881673336029053,2021-01-01,0,77.01371192729577,0.0,0.0,46.94322846152566,23.90582494735717,0.0,0,0.0014485138,0
LR0801,Foya,Lofa,46894.0,608.90455513,2021,2,0,0,0.0,45.15906541997737,25.159439468383784,2021-02-01,0,77.01371192729577,0.0,0.0,12.64556919444691,23.881673336029053,0.0,0,9.8668876e-05,0
LR0801,Foya,Lofa,46894.0,608.90455513,2021,3,0,0,0.0,124.84021654996003,25.75361318588257,2021-03-01,0,77.01371192729577,0.0,0.0,45.15906541997737,25.159439468383784,0.0,0,7.2206644e-06,0
LR0801,Foya,Lofa,46894.0,608.90455513,2021,4,0,0,0.0,136.18690594759855,26.126089096069336,2021-04-01,0,77.01371192729577,0.0,0.0,124.84021654996003,25.75361318588257,0.0,0,0.00022952707,0
LR0801,Foya,Lofa,46894.0,608.90455513,2021,5,0,0,0.0,228.68260262229225,25.31040315628052,2021-05-01,0,77.01371192729577,0.0,0.0,136.18690594759855,26.126089096069336,0.0,1,0.0013129446,0
LR0801,Foya,Lofa,46894.0,608.90455513,2021,6,1,1,2.132468972576449,299.2760481400923,24.43380174636841,2021-06-01,0,77.01371192729577,0.0,0.0,228.68260262229225,25.31040315628052,0.0,1,0.0025899543,0
LR0801,Foya,Lofa,46894.0,608.90455513,2021,7,18,18,38.38444150637608,276.80931646173656,23.3573486328125,2021-07-01,1,77.01371192729577,1.0,2.132468972576449,299.2760481400923,24.43380174636841,0.3333333333333333,1,0.97867775,1
LR0801,Foya,Lofa,46894.0,608.90455513,2021,8,0,0,0.0,406.2821336226029,23.190278339385987,2021-08-01,0,77.01371192729577,18.0,38.38444150637608,276.80931646173656,23.3573486328125,6.333333333333333,1,0.0810274,0
LR0801,Foya,Lofa,46894.0,608.90455513,2021,9,0,0,0.0,382.989936135032,23.84393367767334,2021-09-01,0,77.01371192729577,0.0,0.0,406.2821336226029,23.190278339385987,6.333333333333333,1,0.0017194237,0
LR0801,Foya,Lofa,46894.0,608.90455513,2021,10,0,0,0.0,289.42970969460225,24.605294036865235,2021-10-01,0,77.01371192729577,0.0,0.0,382.989936135032,23.84393367767334,6.0,1,0.0071764537,0
LR0801,Foya,Lofa,46894.0,608.90455513,2021,11,0,0,0.0,166.52110221169212,24.339629554748534,2021-11-01,0,77.01371192729577,0.0,0.0,289.42970969460225,24.605294036865235,0.0,0,0.00021021494,0
LR0801,Foya,Lofa,46894.0,608.90455513,2021,12,0,0,0.0,25.103488401933145,23.67799634933472,2021-12-01,0,77.01371192729577,0.0,0.0,166.52110221169212,24.339629554748534,0.0,0,0.0004187739,0
LR0801,Foya,Lofa,46894.0,608.90455513,2022,1,0,0,0.0,8.356606505133888,22.54165143966675,2022-01-01,0,77.01371192729577,0.0,0.0,25.103488401933145,23.67799634933472,0.0,0,0.0009088477,0
LR0801,Foya,Lofa,46894.0,608.90455513,2022,2,0,0,0.0,24.884298237887297,24.38346214294433,2022-02-01,0,77.01371192729577,0.0,0.0,8.356606505133888,22.54165143966675,0.0,0,1.6731696e-05,0
LR0801,Foya,Lofa,46894.0,608.90455513,2022,3,0,0,0.0,107.07377034967595,25.41657543182373,2022-03-01,0,77.01371192729577,0.0,0.0,24.884298237887297,24.38346214294433,0.0,0,1.1312518e-05,0
LR0801,Foya,Lofa,46894.0,608.90455513,2022,4,0,0,0.0,117.86692220514468,25.62326555252075,2022-04-01,0,77.01371192729577,0.0,0.0,107.07377034967595,25.41657543182373,0.0,0,3.9598464e-05,0
LR0801,Foya,Lofa,46894.0,608.90455513,2022,5,0,0,0.0,207.67376639626244,25.099107837677,2022-05-01,0,77.01371192729577,0.0,0.0,117.86692220514468,25.62326555252075,0.0,1,0.00055050984,0
LR0801,Foya,Lofa,46894.0,608.90455513,2022,6,0,0,0.0,381.0949526700107,24.256511211395267,2022-06-01,0,77.01371192729577,0.0,0.0,207.67376639626244,25.099107837677,0.0,1,0.0006179685,0
LR0801,Foya,Lofa,46894.0,608.90455513,2022,7,0,0,0.0,309.9788416082209,23.305891227722164,2022-07-01,0,77.01371192729577,0.0,0.0,381.0949526700107,24.256511211395267,0.0,1,0.005933223,0
LR0801,Foya,Lofa,46894.0,608.90455513,2022,8,0,0,0.0,363.2061753706499,22.872409057617187,2022-08-01,0,77.01371192729577,0.0,0.0,309.9788416082209,23.305891227722164,0.0,1,0.00037551878,0
LR0801,Foya,Lofa,46894.0,608.90455513,2022,9,0,0,0.0,370.7277041348544,23.363609313964847,2022-09-01,0,77.01371192729577,0.0,0.0,363.2061753706499,22.872409057617187,0.0,1,0.00029958008,0
LR0801,Foya,Lofa,46894.0,608.90455513,2022,10,0,0,0.0,255.0525263006037,24.092359256744388,2022-10-01,0,77.01371192729577,0.0,0.0,370.7277041348544,23.363609313964847,0.0,1,0.00026785236,0
LR0801,Foya,Lofa,46894.0,608.90455513,2022,11,0,0,0.0,97.52709822221236,23.6016812324524,2022-11-01,0,77.01371192729577,0.0,0.0,255.0525263006037,24.092359256744388,0.0,0,5.682993e-05,0
LR0801,Foya,Lofa,46894.0,608.90455513,2022,12,0,0,0.0,28.611020695079453,22.903670883178705,2022-12-01,0,77.01371192729577,0.0,0.0,97.52709822221236,23.6016812324524,0.0,0,9.833955e-05,0
LR0801,Foya,Lofa,46894.0,608.90455513,2023,1,0,0,0.0,13.147509184750644,22.820432758331297,2023-01-01,0,77.01371192729577,0.0,0.0,28.611020695079453,22.903670883178705,0.0,0,0.00032169162,0
LR0801,Foya,Lofa,46894.0,608.90455513,2023,2,0,0,0.0,24.82586626573042,24.82362384796142,2023-02-01,0,77.01371192729577,0.0,0.0,13.147509184750644,22.820432758331297,0.0,0,6.2471925e-05,0
LR0802,Kolahun,Lofa,29603.0,2238.51974032,2020,4,0,0,0.0,198.6278408898248,25.78636911180284,2020-04-01,0,13.224364059335123,0.0,0.0,146.1518420113458,25.94147706031799,0.0,0,6.0739717e-06,0
LR0802,Kolahun,Lofa,29603.0,2238.51974032,2020,5,0,0,0.0,208.3215931786431,25.34193648232354,2020-05-01,0,13.224364059335123,0.0,0.0,198.6278408898248,25.78636911180284,0.0,1,5.0463113e-05,0
LR0802,Kolahun,Lofa,29603.0,2238.51974032,2020,6,0,0,0.0,275.7359875573052,24.49094131257799,2020-06-01,0,13.224364059335123,0.0,0.0,208.3215931786431,25.34193648232354,0.0,1,0.0020094833,0
LR0802,Kolahun,Lofa,29603.0,2238.51974032,2020,7,1,1,3.378036009863865,369.1226938035753,23.099097145928283,2020-07-01,0,13.224364059335123,0.0,0.0,275.7359875573052,24.49094131257799,0.0,1,0.0012784408,0
LR0802,Kolahun,Lofa,29603.0,2238.51974032,2020,8,0,0,0.0,355.96171018812385,22.822104904386727,2020-08-01,0,13.224364059335123,1.0,3.378036009863865,369.1226938035753,23.099097145928283,0.3333333333333333,1,0.057695996,0
LR0802,Kolahun,Lofa,29603.0,2238.51974032,2020,9,0,0,0.0,347.273747338189,23.65223651462131,2020-09-01,0,13.224364059335123,0.0,0.0,355.96171018812385,22.822104904386727,0.3333333333333333,1,0.00039828484,0
LR0802,Kolahun,Lofa,29603.0,2238.51974032,2020,10,0,0,0.0,237.6481280856662,24.25541286998325,2020-10-01,0,13.224364059335123,0.0,0.0,347.273747338189,23.65223651462131,0.3333333333333333,1,0.00017627439,0
LR0802,Kolahun,Lofa,29603.0,2238.51974032,2020,11,0,0,0.0,47.06356710857814,24.12535349527996,2020-11-01,0,13.224364059335123,0.0,0.0,237.6481280856662,24.25541286998325,0.0,0,0.00029338626,0
LR0802,Kolahun,Lofa,29603.0,2238.51974032,2020,12,0,0,0.0,49.88632906807794,24.041799465815235,2020-12-01,0,13.224364059335123,0.0,0.0,47.06356710857814,24.12535349527996,0.0,0,1.2810543e-05,0
LR0802,Kolahun,Lofa,29603.0,2238.51974032,2021,1,0,0,0.0,15.94329275025262,24.009523895051736,2021-01-01,0,13.224364059335123,0.0,0.0,49.88632906807794,24.041799465815235,0.0,0,1.6690627e-05,0
LR0802,Kolahun,Lofa,29603.0,2238.51974032,2021,2,0,0,0.0,52.303464253743485,25.109943442874485,2021-02-01,0,13.224364059335123,0.0,0.0,15.94329275025262,24.009523895051736,0.0,0,5.7494503e-06,0
LR0802,Kolahun,Lofa,29603.0,2238.51974032,2021,3,0,0,0.0,130.88517252604163,25.448413822386,2021-03-01,0,13.224364059335123,0.0,0.0,52.303464253743485,25.109943442874485,0.0,0,1.8107038e-06,0
LR0802,Kolahun,Lofa,29603.0,2238.51974032,2021,4,0,0,0.0,153.80991278754345,25.86580959955852,2021-04-01,0,13.224364059335123,0.0,0.0,130.88517252604163,25.448413822386,0.0,0,5.3287763e-06,0
LR0802,Kolahun,Lofa,29603.0,2238.51974032,2021,5,0,0,0.0,231.3136346605089,25.27053713798523,2021-05-01,0,13.224364059335123,0.0,0.0,153.80991278754345,25.86580959955852,0.0,1,2.5014324e-05,0
LR0802,Kolahun,Lofa,29603.0,2238.51974032,2021,6,1,1,3.378036009863865,296.95259857177746,24.434952497482296,2021-06-01,0,13.224364059335123,0.0,0.0,231.3136346605089,25.27053713798523,0.0,1,0.002942383,0
LR0802,Kolahun,Lofa,29603.0,2238.51974032,2021,7,6,6,20.268216059183192,269.5587745242649,23.423264503479007,2021-07-01,1,13.224364059335123,1.0,3.378036009863865,296.95259857177746,24.434952497482296,0.3333333333333333,1,0.9316285,1
LR0802,Kolahun,Lofa,29603.0,2238.51974032,2021,8,0,0,0.0,515.1398501925999,23.225060621897377,2021-08-01,0,13.224364059335123,6.0,20.268216059183192,269.5587745242649,23.423264503479007,2.3333333333333335,1,0.0016058405,0
LR0802,Kolahun,Lofa,29603.0,2238.51974032,2021,9,0,0,0.0,407.9326032002766,23.89155814382765,2021-09-01,0,13.224364059335123,0.0,0.0,515.1398501925999,23.225060621897377,2.3333333333333335,1,0.00017946276,0
LR0802,Kolahun,Lofa,29603.0,2238.51974032,2021,10,0,0,0.0,302.80196974012586,24.631494151221386,2021-10-01,0,13.224364059335123,0.0,0.0,407.9326032002766,23.89155814382765,2.0,1,0.0023747345,0
LR0802,Kolahun,Lofa,29603.0,2238.51974032,2021,11,0,0,0.0,163.4849696689182,24.4487254884508,2021-11-01,0,13.224364059335123,0.0,0.0,302.80196974012586,24.631494151221386,0.0,0,0.00044370882,0
LR0802,Kolahun,Lofa,29603.0,2238.51974032,2021,12,0,0,0.0,22.22943083445232,23.91067179044088,2021-12-01,0,13.224364059335123,0.0,0.0,163.4849696689182,24.4487254884508,0.0,0,0.00041306796,0
LR0802,Kolahun,Lofa,29603.0,2238.51974032,2022,1,0,0,0.0,9.048565255271065,22.66564098993937,2022-01-01,0,13.224364059335123,0.0,0.0,22.22943083445232,23.91067179044088,0.0,0,0.001830772,0
LR0802,Kolahun,Lofa,29603.0,2238.51974032,2022,2,0,0,0.0,21.77912282943725,24.3641845120324,2022-02-01,0,13.224364059335123,0.0,0.0,9.048565255271065,22.66564098993937,0.0,0,1.4415942e-05,0
LR0802,Kolahun,Lofa,29603.0,2238.51974032,2022,3,0,0,0.0,114.1108348634508,25.24064445495606,2022-03-01,0,13.224364059335123,0.0,0.0,21.77912282943725,24.3641845120324,0.0,0,4.4576063e-06,0
LR0802,Kolahun,Lofa,29603.0,2238.51974032,2022,4,0,0,0.0,130.24551381005185,25.37951034969754,2022-04-01,0,13.224364059335123,0.0,0.0,114.1108348634508,25.24064445495606,0.0,0,1.0280744e-05,0
LR0802,Kolahun,Lofa,29603.0,2238.51974032,2022,5,0,0,0.0,208.25533337063263,25.02049891153972,2022-05-01,0,13.224364059335123,0.0,0.0,130.24551381005185,25.37951034969754,0.0,1,1.6707221e-05,0
LR0802,Kolahun,Lofa,29603.0,2238.51974032,2022,6,0,0,0.0,373.4339222378202,24.206637594434945,2022-06-01,0,13.224364059335123,0.0,0.0,208.25533337063263,25.02049891153972,0.0,1,0.00041683228,0
LR0802,Kolahun,Lofa,29603.0,2238.51974032,2022,7,0,0,0.0,291.586268319024,23.29996604389615,2022-07-01,0,13.224364059335123,0.0,0.0,373.4339222378202,24.206637594434945,0.0,1,0.007997186,0
LR0802,Kolahun,Lofa,29603.0,2238.51974032,2022,8,0,0,0.0,449.6442103915744,22.88542162047493,2022-08-01,0,13.224364059335123,0.0,0.0,291.586268319024,23.29996604389615,0.0,1,0.0009471542,0
LR0802,Kolahun,Lofa,29603.0,2238.51974032,2022,9,0,0,0.0,385.5782157050238,23.398803949356072,2022-09-01,0,13.224364059335123,0.0,0.0,449.6442103915744,22.88542162047493,0.0,1,0.0005510994,0
LR0802,Kolahun,Lofa,29603.0,2238.51974032,2022,10,0,0,0.0,253.8597079383001,24.15651893615722,2022-10-01,0,13.224364059335123,0.0,0.0,385.5782157050238,23.398803949356072,0.0,1,0.0001647662,0
LR0802,Kolahun,Lofa,29603.0,2238.51974032,2022,11,0,0,0.0,107.51577197180852,23.71874774826897,2022-11-01,0,13.224364059335123,0.0,0.0,253.8597079383001,24.15651893615722,0.0,0,2.1603722e-05,0
LR0802,Kolahun,Lofa,29603.0,2238.51974032,2022,12,0,0,0.0,32.67705602116055,23.11984936396281,2022-12-01,0,13.224364059335123,0.0,0.0,107.51577197180852,23.71874774826897,0.0,0,8.4474945e-05,0
LR0802,Kolahun,Lofa,29603.0,2238.51974032,2023,1,0,0,0.0,16.44367317358653,23.00245756573147,2023-01-01,0,13.224364059335123,0.0,0.0,32.67705602116055,23.11984936396281,0.0,0,3.5832345e-05,0
LR0802,Kolahun,Lofa,29603.0,2238.51974032,2023,2,0,0,0.0,33.902809249030234,24.847255256440903,2023-02-01,0,13.224364059335123,0.0,0.0,16.44367317358653,23.00245756573147,0.0,0,9.7649145e-06,0
LR0803,Quardu Boundi,Lofa,22844.0,336.41091583,2020,4,0,0,0.0,206.549091685902,25.457116508483885,2020-04-01,0,67.90504982170037,0.0,0.0,142.94437061656603,25.71096076965332,0.0,0,0.0023096653,0
LR0803,Quardu Boundi,Lofa,22844.0,336.41091583,2020,5,0,0,0.0,162.85614013671878,24.997570610046385,2020-05-01,0,67.90504982170037,0.0,0.0,206.549091685902,25.457116508483885,0.0,1,0.004034158,0
LR0803,Quardu Boundi,Lofa,22844.0,336.41091583,2020,6,0,0,0.0,254.42452864213425,24.011299705505373,2020-06-01,0,67.90504982170037,0.0,0.0,162.85614013671878,24.997570610046385,0.0,1,0.0007691625,0
LR0803,Quardu Boundi,Lofa,22844.0,336.41091583,2020,7,0,0,0.0,352.1999373002486,22.686186981201168,2020-07-01,0,67.90504982170037,0.0,0.0,254.42452864213425,24.011299705505373,0.0,1,0.017787786,0
LR0803,Quardu Boundi,Lofa,22844.0,336.41091583,2020,8,0,0,0.0,362.7377846457741,22.43634147644043,2020-08-01,0,67.90504982170037,0.0,0.0,352.1999373002486,22.686186981201168,0.0,1,0.00041338408,0
LR0803,Quardu Boundi,Lofa,22844.0,336.41091583,2020,9,0,0,0.0,384.0324734774503,23.223695755004883,2020-09-01,0,67.90504982170037,0.0,0.0,362.7377846457741,22.43634147644043,0.0,1,0.00041338408,0
LR0803,Quardu Boundi,Lofa,22844.0,336.41091583,2020,10,0,0,0.0,182.90297213467684,23.73437614440918,2020-10-01,0,67.90504982170037,0.0,0.0,384.0324734774503,23.223695755004883,0.0,1,4.9798757e-05,0
LR0803,Quardu Boundi,Lofa,22844.0,336.41091583,2020,11,0,0,0.0,34.55460635098544,23.69672451019288,2020-11-01,0,67.90504982170037,0.0,0.0,182.90297213467684,23.73437614440918,0.0,0,0.00013929763,0
LR0803,Quardu Boundi,Lofa,22844.0,336.41091583,2020,12,0,0,0.0,52.321099021218046,23.600930404663085,2020-12-01,0,67.90504982170037,0.0,0.0,34.55460635098544,23.69672451019288,0.0,0,7.471466e-06,0
LR0803,Quardu Boundi,Lofa,22844.0,336.41091583,2021,1,0,0,0.0,12.937001488425516,23.73687210083008,2021-01-01,0,67.90504982170037,0.0,0.0,52.321099021218046,23.600930404663085,0.0,0,0.00090045866,0
LR0803,Quardu Boundi,Lofa,22844.0,336.41091583,2021,2,0,0,0.0,71.48749611594461,24.852822303771973,2021-02-01,0,67.90504982170037,0.0,0.0,12.937001488425516,23.73687210083008,0.0,0,7.681694e-05,0
LR0803,Quardu Boundi,Lofa,22844.0,336.41091583,2021,3,0,0,0.0,145.75401861017403,25.09407272338867,2021-03-01,0,67.90504982170037,0.0,0.0,71.48749611594461,24.852822303771973,0.0,0,4.545527e-05,0
LR0803,Quardu Boundi,Lofa,22844.0,336.41091583,2021,4,0,0,0.0,194.49829795143825,25.46408691406249,2021-04-01,0,67.90504982170037,0.0,0.0,145.75401861017403,25.09407272338867,0.0,0,0.00040130308,0
LR0803,Quardu Boundi,Lofa,22844.0,336.41091583,2021,5,0,0,0.0,190.9140527898616,24.895019721984863,2021-05-01,0,67.90504982170037,0.0,0.0,194.49829795143825,25.46408691406249,0.0,1,0.054399848,0
LR0803,Quardu Boundi,Lofa,22844.0,336.41091583,2021,6,3,3,13.132551216949746,309.9140708229758,23.984454345703128,2021-06-01,0,67.90504982170037,0.0,0.0,190.9140527898616,24.895019721984863,0.0,1,0.010399006,0
LR0803,Quardu Boundi,Lofa,22844.0,336.41091583,2021,7,6,6,26.265102433899493,355.33094648881394,23.022726249694827,2021-07-01,1,67.90504982170037,3.0,13.132551216949746,309.9140708229758,23.984454345703128,1.0,1,0.95491385,1
LR0803,Quardu Boundi,Lofa,22844.0,336.41091583,2021,8,0,0,0.0,406.0572426535866,22.81030330657959,2021-08-01,0,67.90504982170037,6.0,26.265102433899493,355.33094648881394,23.022726249694827,3.0,1,0.007424766,0
LR0803,Quardu Boundi,Lofa,22844.0,336.41091583,2021,9,0,0,0.0,360.1173289905895,23.44991092681885,2021-09-01,0,67.90504982170037,0.0,0.0,406.0572426535866,22.81030330657959,3.0,1,0.0055219335,0
LR0803,Quardu Boundi,Lofa,22844.0,336.41091583,2021,10,0,0,0.0,253.9451848810369,24.12068557739257,2021-10-01,0,67.90504982170037,0.0,0.0,360.1173289905895,23.44991092681885,2.0,1,0.0014856594,0
LR0803,Quardu Boundi,Lofa,22844.0,336.41091583,2021,11,0,0,0.0,158.01769742098722,23.936862373352053,2021-11-01,0,67.90504982170037,0.0,0.0,253.9451848810369,24.12068557739257,0.0,0,0.0003664096,0
LR0803,Quardu Boundi,Lofa,22844.0,336.41091583,2021,12,0,0,0.0,16.569430524652656,23.35391750335693,2021-12-01,0,67.90504982170037,0.0,0.0,158.01769742098722,23.936862373352053,0.0,0,0.0011138826,0
LR0803,Quardu Boundi,Lofa,22844.0,336.41091583,2022,1,0,0,0.0,9.332219817421652,22.381121253967287,2022-01-01,0,67.90504982170037,0.0,0.0,16.569430524652656,23.35391750335693,0.0,0,0.0041174153,0
LR0803,Quardu Boundi,Lofa,22844.0,336.41091583,2022,2,0,0,0.0,29.376594370061703,24.25607414245605,2022-02-01,0,67.90504982170037,0.0,0.0,9.332219817421652,22.381121253967287,0.0,0,1.7634398e-05,0
LR0803,Quardu Boundi,Lofa,22844.0,336.41091583,2022,3,0,0,0.0,129.07009887695312,24.925695228576657,2022-03-01,0,67.90504982170037,0.0,0.0,29.376594370061703,24.25607414245605,0.0,0,9.1209404e-05,0
LR0803,Quardu Boundi,Lofa,22844.0,336.41091583,2022,4,0,0,0.0,183.12935014204547,25.00537300109863,2022-04-01,0,67.90504982170037,0.0,0.0,129.07009887695312,24.925695228576657,0.0,0,0.00016097994,0
LR0803,Quardu Boundi,Lofa,22844.0,336.41091583,2022,5,0,0,0.0,174.27022899280894,24.62750015258789,2022-05-01,0,67.90504982170037,0.0,0.0,183.12935014204547,25.00537300109863,0.0,1,0.0015044888,0
LR0803,Quardu Boundi,Lofa,22844.0,336.41091583,2022,6,0,0,0.0,318.76322520862925,23.78874015808105,2022-06-01,0,67.90504982170037,0.0,0.0,174.27022899280894,24.62750015258789,0.0,1,0.0024209206,0
LR0803,Quardu Boundi,Lofa,22844.0,336.41091583,2022,7,0,0,0.0,390.4409623579545,22.9835599899292,2022-07-01,0,67.90504982170037,0.0,0.0,318.76322520862925,23.78874015808105,0.0,1,0.0006620094,0
LR0803,Quardu Boundi,Lofa,22844.0,336.41091583,2022,8,0,0,0.0,369.9974143288352,22.493959426879883,2022-08-01,0,67.90504982170037,0.0,0.0,390.4409623579545,22.9835599899292,0.0,1,0.0011625827,0
LR0803,Quardu Boundi,Lofa,22844.0,336.41091583,2022,9,0,0,0.0,392.17900224165487,23.00137023925781,2022-09-01,0,67.90504982170037,0.0,0.0,369.9974143288352,22.493959426879883,0.0,1,0.00041338408,0
LR0803,Quardu Boundi,Lofa,22844.0,336.41091583,2022,10,0,0,0.0,225.10694607821367,23.59773826599121,2022-10-01,0,67.90504982170037,0.0,0.0,392.17900224165487,23.00137023925781,0.0,1,0.00045931028,0
LR0803,Quardu Boundi,Lofa,22844.0,336.41091583,2022,11,0,0,0.0,91.46161096746272,23.25219097137451,2022-11-01,0,67.90504982170037,0.0,0.0,225.10694607821367,23.59773826599121,0.0,0,8.773343e-05,0
LR0803,Quardu Boundi,Lofa,22844.0,336.41091583,2022,12,0,0,0.0,28.6374288038774,22.559436798095703,2022-12-01,0,67.90504982170037,0.0,0.0,91.46161096746272,23.25219097137451,0.0,0,9.728298e-05,0
LR0803,Quardu Boundi,Lofa,22844.0,336.41091583,2023,1,0,0,0.0,11.491136464205654,22.708556747436525,2023-01-01,0,67.90504982170037,0.0,0.0,28.6374288038774,22.559436798095703,0.0,0,0.00082392804,0
LR0803,Quardu Boundi,Lofa,22844.0,336.41091583,2023,2,0,0,0.0,44.4815094687722,24.557364082336427,2023-02-01,0,67.90504982170037,0.0,0.0,11.491136464205654,22.708556747436525,0.0,0,1.585015e-05,0
LR0804,Salayea,Lofa,28960.0,1242.52207146,2020,4,0,0,0.0,215.6843321950812,25.62637138366699,2020-04-01,0,23.307433055069314,0.0,0.0,173.72208605314557,25.93154282569885,0.0,0,2.7500422e-05,0
LR0804,Salayea,Lofa,28960.0,1242.52207146,2020,5,0,0,0.0,228.1546325683593,25.457191610336302,2020-05-01,0,23.307433055069314,0.0,0.0,215.6843321950812,25.62637138366699,0.0,1,0.0019665146,0
LR0804,Salayea,Lofa,28960.0,1242.52207146,2020,6,0,0,0.0,250.50381991737768,24.541643285751345,2020-06-01,0,23.307433055069314,0.0,0.0,228.1546325683593,25.457191610336302,0.0,1,0.00690407,0
LR0804,Salayea,Lofa,28960.0,1242.52207146,2020,7,0,0,0.0,254.8951460185804,23.25470848083496,2020-07-01,0,23.307433055069314,0.0,0.0,250.50381991737768,24.541643285751345,0.0,1,0.0031271502,0
LR0804,Salayea,Lofa,28960.0,1242.52207146,2020,8,0,0,0.0,346.7394802695827,22.909417819976813,2020-08-01,0,23.307433055069314,0.0,0.0,254.8951460185804,23.25470848083496,0.0,1,0.011440611,0
LR0804,Salayea,Lofa,28960.0,1242.52207146,2020,9,0,0,0.0,372.7405459755345,23.89235510826111,2020-09-01,0,23.307433055069314,0.0,0.0,346.7394802695827,22.909417819976813,0.0,1,0.0010474125,0
LR0804,Salayea,Lofa,28960.0,1242.52207146,2020,10,0,0,0.0,217.12929454602696,24.46750726699829,2020-10-01,0,23.307433055069314,0.0,0.0,372.7405459755345,23.89235510826111,0.0,1,0.014974386,0
LR0804,Salayea,Lofa,28960.0,1242.52207146,2020,11,0,0,0.0,23.21253073842902,24.376953125,2020-11-01,0,23.307433055069314,0.0,0.0,217.12929454602696,24.46750726699829,0.0,0,0.0007820521,0
LR0804,Salayea,Lofa,28960.0,1242.52207146,2020,12,0,0,0.0,51.18154013784309,24.451010465621945,2020-12-01,0,23.307433055069314,0.0,0.0,23.21253073842902,24.376953125,0.0,0,9.6890544e-05,0
LR0804,Salayea,Lofa,28960.0,1242.52207146,2021,1,0,0,0.0,18.2196996588456,24.291769790649425,2021-01-01,0,23.307433055069314,0.0,0.0,51.18154013784309,24.451010465621945,0.0,0,7.919036e-05,0
LR0804,Salayea,Lofa,28960.0,1242.52207146,2021,2,0,0,0.0,83.7511305558054,25.35455727577209,2021-02-01,0,23.307433055069314,0.0,0.0,18.2196996588456,24.291769790649425,0.0,0,6.411953e-06,0
LR0804,Salayea,Lofa,28960.0,1242.52207146,2021,3,0,0,0.0,171.617087916324,25.2846245765686,2021-03-01,0,23.307433055069314,0.0,0.0,83.7511305558054,25.35455727577209,0.0,0,5.173598e-06,0
LR0804,Salayea,Lofa,28960.0,1242.52207146,2021,4,0,0,0.0,161.1689669960424,25.549632358551023,2021-04-01,0,23.307433055069314,0.0,0.0,171.617087916324,25.2846245765686,0.0,0,1.7056243e-05,0
LR0804,Salayea,Lofa,28960.0,1242.52207146,2021,5,0,0,0.0,203.1641010485197,25.324317121505736,2021-05-01,0,23.307433055069314,0.0,0.0,161.1689669960424,25.549632358551023,0.0,1,3.7223144e-05,0
LR0804,Salayea,Lofa,28960.0,1242.52207146,2021,6,1,1,3.4530386740331496,262.03742780183484,24.546223497390745,2021-06-01,0,23.307433055069314,0.0,0.0,203.1641010485197,25.324317121505736,0.0,1,0.0021932705,0
LR0804,Salayea,Lofa,28960.0,1242.52207146,2021,7,3,3,10.359116022099448,212.9972220972965,23.60274782180786,2021-07-01,0,23.307433055069314,1.0,3.4530386740331496,262.03742780183484,24.546223497390745,0.3333333333333333,1,0.009509183,0
LR0804,Salayea,Lofa,28960.0,1242.52207146,2021,8,0,0,0.0,503.1976695813629,23.455772352218634,2021-08-01,0,23.307433055069314,3.0,10.359116022099448,212.9972220972965,23.60274782180786,1.3333333333333333,1,0.0011027718,0
LR0804,Salayea,Lofa,28960.0,1242.52207146,2021,9,0,0,0.0,411.4669245669716,24.05228366851806,2021-09-01,0,23.307433055069314,0.0,0.0,503.1976695813629,23.455772352218634,1.3333333333333333,1,0.0030211334,0
LR0804,Salayea,Lofa,28960.0,1242.52207146,2021,10,0,0,0.0,271.9929130955746,24.75652685165405,2021-10-01,0,23.307433055069314,0.0,0.0,411.4669245669716,24.05228366851806,1.0,1,0.0021030938,0
LR0804,Salayea,Lofa,28960.0,1242.52207146,2021,11,0,0,0.0,109.18042534276056,24.76810116767883,2021-11-01,0,23.307433055069314,0.0,0.0,271.9929130955746,24.75652685165405,0.0,0,4.475664e-05,0
LR0804,Salayea,Lofa,28960.0,1242.52207146,2021,12,0,0,0.0,19.042254422840323,24.41652131080628,2021-12-01,0,23.307433055069314,0.0,0.0,109.18042534276056,24.76810116767883,0.0,0,0.00010066917,0
LR0804,Salayea,Lofa,28960.0,1242.52207146,2022,1,0,0,0.0,8.159415646603234,23.243163967132563,2022-01-01,0,23.307433055069314,0.0,0.0,19.042254422840323,24.41652131080628,0.0,0,0.008591405,0
LR0804,Salayea,Lofa,28960.0,1242.52207146,2022,2,0,0,0.0,20.59197197462383,24.802156543731687,2022-02-01,0,23.307433055069314,0.0,0.0,8.159415646603234,23.243163967132563,0.0,0,2.3326962e-05,0
LR0804,Salayea,Lofa,28960.0,1242.52207146,2022,3,0,0,0.0,155.08644264622737,25.37124872207641,2022-03-01,0,23.307433055069314,0.0,0.0,20.59197197462383,24.802156543731687,0.0,0,2.1322664e-06,0
LR0804,Salayea,Lofa,28960.0,1242.52207146,2022,4,0,0,0.0,196.9400269357781,25.38334512710572,2022-04-01,0,23.307433055069314,0.0,0.0,155.08644264622737,25.37124872207641,0.0,0,1.2050124e-05,0
LR0804,Salayea,Lofa,28960.0,1242.52207146,2022,5,0,0,0.0,180.02773525840357,25.11084671020508,2022-05-01,0,23.307433055069314,0.0,0.0,196.9400269357781,25.38334512710572,0.0,1,5.574042e-05,0
LR0804,Salayea,Lofa,28960.0,1242.52207146,2022,6,0,0,0.0,258.84222412109364,24.330837917327884,2022-06-01,0,23.307433055069314,0.0,0.0,180.02773525840357,25.11084671020508,0.0,1,0.0002683477,0
LR0804,Salayea,Lofa,28960.0,1242.52207146,2022,7,0,0,0.0,285.0028505827251,23.414646720886225,2022-07-01,0,23.307433055069314,0.0,0.0,258.84222412109364,24.330837917327884,0.0,1,0.028012933,0
LR0804,Salayea,Lofa,28960.0,1242.52207146,2022,8,0,0,0.0,415.9616602847451,23.05077443122864,2022-08-01,0,23.307433055069314,0.0,0.0,285.0028505827251,23.414646720886225,0.0,1,0.025766877,0
LR0804,Salayea,Lofa,28960.0,1242.52207146,2022,9,0,0,0.0,394.2645600971423,23.61148419380188,2022-09-01,0,23.307433055069314,0.0,0.0,415.9616602847451,23.05077443122864,0.0,1,0.0012700629,0
LR0804,Salayea,Lofa,28960.0,1242.52207146,2022,10,0,0,0.0,254.8749763087222,24.38105306625366,2022-10-01,0,23.307433055069314,0.0,0.0,394.2645600971423,23.61148419380188,0.0,1,0.0025264649,0
LR0804,Salayea,Lofa,28960.0,1242.52207146,2022,11,0,0,0.0,86.38007816515471,24.050120639801023,2022-11-01,0,23.307433055069314,0.0,0.0,254.8749763087222,24.38105306625366,0.0,0,0.00030500066,0
LR0804,Salayea,Lofa,28960.0,1242.52207146,2022,12,0,0,0.0,27.62366505673057,23.5505470752716,2022-12-01,0,23.307433055069314,0.0,0.0,86.38007816515471,24.050120639801023,0.0,0,2.8231385e-05,0
LR0804,Salayea,Lofa,28960.0,1242.52207146,2023,1,0,0,0.0,15.483546558179356,23.629589796066284,2023-01-01,0,23.307433055069314,0.0,0.0,27.62366505673057,23.5505470752716,0.0,0,0.00013687833,0
LR0804,Salayea,Lofa,28960.0,1242.52207146,2023,2,0,0,0.0,32.594613526996824,25.375362920761106,2023-02-01,0,23.307433055069314,0.0,0.0,15.483546558179356,23.629589796066284,0.0,0,1.6222615e-05,0
LR0805,Vahun,Lofa,27921.0,385.20872592,2020,4,0,0,0.0,228.42526245117188,26.53428429823656,2020-04-01,0,72.48278172649344,0.0,0.0,117.55665241588244,26.607795862051155,0.0,0,0.0003365077,0
LR0805,Vahun,Lofa,27921.0,385.20872592,2020,5,0,0,0.0,227.5023984042081,25.90918086125301,2020-05-01,0,72.48278172649344,0.0,0.0,228.42526245117188,26.53428429823656,0.0,1,0.0011810298,0
LR0805,Vahun,Lofa,27921.0,385.20872592,2020,6,0,0,0.0,307.9542208584872,24.985296689547024,2020-06-01,0,72.48278172649344,0.0,0.0,227.5023984042081,25.90918086125301,0.0,1,0.002150765,0
LR0805,Vahun,Lofa,27921.0,385.20872592,2020,7,0,0,0.0,347.24702592329544,23.54160969073956,2020-07-01,0,72.48278172649344,0.0,0.0,307.9542208584872,24.985296689547024,0.0,1,0.0015073165,0
LR0805,Vahun,Lofa,27921.0,385.20872592,2020,8,0,0,0.0,373.5790377530184,23.266158764178936,2020-08-01,0,72.48278172649344,0.0,0.0,347.24702592329544,23.54160969073956,0.0,1,0.00091816735,0
LR0805,Vahun,Lofa,27921.0,385.20872592,2020,9,0,0,0.0,321.5466669256037,24.113002630380485,2020-09-01,0,72.48278172649344,0.0,0.0,373.5790377530184,23.266158764178936,0.0,1,0.00018240973,0
LR0805,Vahun,Lofa,27921.0,385.20872592,2020,10,0,0,0.0,235.6126029274681,24.840379274808445,2020-10-01,0,72.48278172649344,0.0,0.0,321.5466669256037,24.113002630380485,0.0,1,0.00029797238,0
LR0805,Vahun,Lofa,27921.0,385.20872592,2020,11,0,0,0.0,65.26469560102983,24.8212334559514,2020-11-01,0,72.48278172649344,0.0,0.0,235.6126029274681,24.840379274808445,0.0,0,0.000111024456,0
LR0805,Vahun,Lofa,27921.0,385.20872592,2020,12,0,0,0.0,48.34497139670632,24.726543719951923,2020-12-01,0,72.48278172649344,0.0,0.0,65.26469560102983,24.8212334559514,0.0,0,1.5478412e-05,0
LR0805,Vahun,Lofa,27921.0,385.20872592,2021,1,0,0,0.0,16.043837113813918,24.65556951669546,2021-01-01,0,72.48278172649344,0.0,0.0,48.34497139670632,24.726543719951923,0.0,0,1.0511563e-05,0
LR0805,Vahun,Lofa,27921.0,385.20872592,2021,2,0,0,0.0,52.33559521761807,25.78621145395132,2021-02-01,0,72.48278172649344,0.0,0.0,16.043837113813918,24.65556951669546,0.0,0,1.4617187e-05,0
LR0805,Vahun,Lofa,27921.0,385.20872592,2021,3,0,0,0.0,107.38715639981358,26.34492976848896,2021-03-01,0,72.48278172649344,0.0,0.0,52.33559521761807,25.78621145395132,0.0,0,5.793792e-06,0
LR0805,Vahun,Lofa,27921.0,385.20872592,2021,4,0,0,0.0,149.7467734596946,26.81216401320237,2021-04-01,0,72.48278172649344,0.0,0.0,107.38715639981358,26.34492976848896,0.0,0,5.0187926e-05,0
LR0805,Vahun,Lofa,27921.0,385.20872592,2021,5,0,0,0.0,237.93459111993965,25.887054149921127,2021-05-01,0,72.48278172649344,0.0,0.0,149.7467734596946,26.81216401320237,0.0,1,0.00018475004,0
LR0805,Vahun,Lofa,27921.0,385.20872592,2021,6,0,0,0.0,316.47460660067475,24.955025892991287,2021-06-01,0,72.48278172649344,0.0,0.0,237.93459111993965,25.887054149921127,0.0,1,0.0027423694,0
LR0805,Vahun,Lofa,27921.0,385.20872592,2021,7,2,2,7.16306722538591,226.7249325838956,23.83161955613356,2021-07-01,0,72.48278172649344,0.0,0.0,316.47460660067475,24.955025892991287,0.0,1,0.00069044146,0
LR0805,Vahun,Lofa,27921.0,385.20872592,2021,8,0,0,0.0,489.94327614524144,23.67568368178147,2021-08-01,0,72.48278172649344,2.0,7.16306722538591,226.7249325838956,23.83161955613356,0.6666666666666666,1,0.00076112855,0
LR0805,Vahun,Lofa,27921.0,385.20872592,2021,9,0,0,0.0,392.9144231622869,24.333115357619068,2021-09-01,0,72.48278172649344,0.0,0.0,489.94327614524144,23.67568368178147,0.6666666666666666,1,0.00069564936,0
LR0805,Vahun,Lofa,27921.0,385.20872592,2021,10,0,0,0.0,272.5218117453836,25.137767645028923,2021-10-01,0,72.48278172649344,0.0,0.0,392.9144231622869,24.333115357619068,0.6666666666666666,1,0.0015175671,0
LR0805,Vahun,Lofa,27921.0,385.20872592,2021,11,0,0,0.0,166.85026411576703,25.030947905320385,2021-11-01,0,72.48278172649344,0.0,0.0,272.5218117453836,25.137767645028923,0.0,0,0.000110955036,0
LR0805,Vahun,Lofa,27921.0,385.20872592,2021,12,0,0,0.0,23.80342067371716,24.619303629948543,2021-12-01,0,72.48278172649344,0.0,0.0,166.85026411576703,25.030947905320385,0.0,0,0.0024901268,0
LR0805,Vahun,Lofa,27921.0,385.20872592,2022,1,0,0,0.0,9.3851054798473,23.245809701772835,2022-01-01,0,72.48278172649344,0.0,0.0,23.80342067371716,24.619303629948543,0.0,0,0.002748823,0
LR0805,Vahun,Lofa,27921.0,385.20872592,2022,2,0,0,0.0,21.580484043468125,24.968556330754208,2022-02-01,0,72.48278172649344,0.0,0.0,9.3851054798473,23.245809701772835,0.0,0,3.313226e-05,0
LR0805,Vahun,Lofa,27921.0,385.20872592,2022,3,0,0,0.0,98.30574382435192,25.914207458496094,2022-03-01,0,72.48278172649344,0.0,0.0,21.580484043468125,24.968556330754208,0.0,0,6.870508e-06,0
LR0805,Vahun,Lofa,27921.0,385.20872592,2022,4,0,0,0.0,126.24330763383344,26.132835094745342,2022-04-01,0,72.48278172649344,0.0,0.0,98.30574382435192,25.914207458496094,0.0,0,6.4239e-05,0
LR0805,Vahun,Lofa,27921.0,385.20872592,2022,5,0,0,0.0,214.7415299849077,25.657196191641,2022-05-01,0,72.48278172649344,0.0,0.0,126.24330763383344,26.132835094745342,0.0,1,0.0002168699,0
LR0805,Vahun,Lofa,27921.0,385.20872592,2022,6,0,0,0.0,422.0452797629616,24.774220980130707,2022-06-01,0,72.48278172649344,0.0,0.0,214.7415299849077,25.657196191641,0.0,1,0.00446428,0
LR0805,Vahun,Lofa,27921.0,385.20872592,2022,7,0,0,0.0,272.63466020063925,23.711309432983395,2022-07-01,0,72.48278172649344,0.0,0.0,422.0452797629616,24.774220980130707,0.0,1,0.00037147803,0
LR0805,Vahun,Lofa,27921.0,385.20872592,2022,8,0,0,0.0,464.3643382679333,23.35914010267992,2022-08-01,0,72.48278172649344,0.0,0.0,272.63466020063925,23.711309432983395,0.0,1,0.00032967463,0
LR0805,Vahun,Lofa,27921.0,385.20872592,2022,9,0,0,0.0,363.68944757634944,23.852064719566933,2022-09-01,0,72.48278172649344,0.0,0.0,464.3643382679333,23.35914010267992,0.0,1,0.00031252316,0
LR0805,Vahun,Lofa,27921.0,385.20872592,2022,10,0,0,0.0,241.2142597545277,24.73075411869929,2022-10-01,0,72.48278172649344,0.0,0.0,363.68944757634944,23.852064719566933,0.0,1,0.00012506996,0
LR0805,Vahun,Lofa,27921.0,385.20872592,2022,11,0,0,0.0,117.17663227428088,24.34626212486853,2022-11-01,0,72.48278172649344,0.0,0.0,241.2142597545277,24.73075411869929,0.0,0,2.351211e-05,0
LR0805,Vahun,Lofa,27921.0,385.20872592,2022,12,0,0,0.0,40.75996364246716,23.8347511291504,2022-12-01,0,72.48278172649344,0.0,0.0,117.17663227428088,24.34626212486853,0.0,0,0.00026498537,0
LR0805,Vahun,Lofa,27921.0,385.20872592,2023,1,0,0,0.0,14.955988103693182,23.563771614661583,2023-01-01,0,72.48278172649344,0.0,0.0,40.75996364246716,23.8347511291504,0.0,0,0.00013120283,0
LR0805,Vahun,Lofa,27921.0,385.20872592,2023,2,0,0,0.0,28.416445818814363,25.426713356604942,2023-02-01,0,72.48278172649344,0.0,0.0,14.955988103693182,23.563771614661583,0.0,0,6.928147e-05,0
LR0806,Voinjama,Lofa,61308.0,1916.5185773,2020,4,0,0,0.0,199.82738280296323,25.5829273223877,2020-04-01,0,31.98925422699058,0.0,0.0,158.55580329895025,25.771961241502023,0.0,0,9.1685615e-06,0
LR0806,Voinjama,Lofa,61308.0,1916.5185773,2020,5,2,2,3.262217002675018,177.58069944381717,25.14639983543983,2020-05-01,0,31.98925422699058,0.0,0.0,199.82738280296323,25.5829273223877,0.0,1,7.826194e-05,0
LR0806,Voinjama,Lofa,61308.0,1916.5185773,2020,6,1,1,1.631108501337509,266.7981214523316,24.265838799109822,2020-06-01,0,31.98925422699058,2.0,3.262217002675018,177.58069944381717,25.14639983543983,0.6666666666666666,1,0.019647865,0
LR0806,Voinjama,Lofa,61308.0,1916.5185773,2020,7,4,4,6.524434005350036,371.0163507461549,22.8990355858436,2020-07-01,0,31.98925422699058,1.0,1.631108501337509,266.7981214523316,24.265838799109822,1.0,1,0.025625784,0
LR0806,Voinjama,Lofa,61308.0,1916.5185773,2020,8,1,1,1.631108501337509,343.4356293678284,22.636410786555363,2020-08-01,0,31.98925422699058,4.0,6.524434005350036,371.0163507461549,22.8990355858436,2.3333333333333335,1,0.045721453,0
LR0806,Voinjama,Lofa,61308.0,1916.5185773,2020,9,0,0,0.0,369.6474475860595,23.43669797457181,2020-09-01,0,31.98925422699058,1.0,1.631108501337509,343.4356293678284,22.636410786555363,2.0,1,0.003250691,0
LR0806,Voinjama,Lofa,61308.0,1916.5185773,2020,10,0,0,0.0,211.8735489845276,23.985354790320763,2020-10-01,0,31.98925422699058,0.0,0.0,369.6474475860595,23.43669797457181,1.6666666666666667,1,0.0012223718,0
LR0806,Voinjama,Lofa,61308.0,1916.5185773,2020,11,0,0,0.0,43.4587558209896,23.834694260817308,2020-11-01,0,31.98925422699058,0.0,0.0,211.8735489845276,23.985354790320763,0.3333333333333333,0,0.0006250443,0
LR0806,Voinjama,Lofa,61308.0,1916.5185773,2020,12,0,0,0.0,55.4480190873146,23.726219969529364,2020-12-01,0,31.98925422699058,0.0,0.0,43.4587558209896,23.834694260817308,0.0,0,1.9722876e-05,0
LR0806,Voinjama,Lofa,61308.0,1916.5185773,2021,1,0,0,0.0,13.966958314180374,23.753436484703656,2021-01-01,0,31.98925422699058,0.0,0.0,55.4480190873146,23.726219969529364,0.0,0,0.00025835595,0
LR0806,Voinjama,Lofa,61308.0,1916.5185773,2021,2,0,0,0.0,64.56431621313092,24.895042507465064,2021-02-01,0,31.98925422699058,0.0,0.0,13.966958314180374,23.753436484703656,0.0,0,1.531509e-05,0
LR0806,Voinjama,Lofa,61308.0,1916.5185773,2021,3,0,0,0.0,146.74122631549832,25.21807717543382,2021-03-01,0,31.98925422699058,0.0,0.0,64.56431621313092,24.895042507465064,0.0,0,2.172738e-06,0
LR0806,Voinjama,Lofa,61308.0,1916.5185773,2021,4,0,0,0.0,180.51058363914493,25.616239753136263,2021-04-01,0,31.98925422699058,0.0,0.0,146.74122631549832,25.21807717543382,0.0,0,3.2607015e-06,0
LR0806,Voinjama,Lofa,61308.0,1916.5185773,2021,5,0,0,0.0,212.3665988445282,25.04539043719952,2021-05-01,0,31.98925422699058,0.0,0.0,180.51058363914493,25.616239753136263,0.0,1,0.0002004673,0
LR0806,Voinjama,Lofa,61308.0,1916.5185773,2021,6,19,19,30.991061525412672,312.591094493866,24.21161739642804,2021-06-01,1,31.98925422699058,0.0,0.0,212.3665988445282,25.04539043719952,0.0,1,0.81932396,1
LR0806,Voinjama,Lofa,61308.0,1916.5185773,2021,7,11,11,17.9421935147126,319.66723299026506,23.2249995304988,2021-07-01,1,31.98925422699058,19.0,30.991061525412672,312.591094493866,24.21161739642804,6.333333333333333,1,0.9510424,1
LR0806,Voinjama,Lofa,61308.0,1916.5185773,2021,8,0,0,0.0,426.7462034225464,23.020512859637925,2021-08-01,0,31.98925422699058,11.0,17.9421935147126,319.66723299026506,23.2249995304988,10.0,1,0.021852762,0
LR0806,Voinjama,Lofa,61308.0,1916.5185773,2021,9,0,0,0.0,383.1809668540954,23.67700318556566,2021-09-01,0,31.98925422699058,0.0,0.0,426.7462034225464,23.020512859637925,10.0,1,0.00016110325,0
LR0806,Voinjama,Lofa,61308.0,1916.5185773,2021,10,0,0,0.0,300.1053714752198,24.392968838031475,2021-10-01,0,31.98925422699058,0.0,0.0,383.1809668540954,23.67700318556566,3.6666666666666665,1,0.00059376785,0
LR0806,Voinjama,Lofa,61308.0,1916.5185773,2021,11,0,0,0.0,176.42326402664187,24.16969067500188,2021-11-01,0,31.98925422699058,0.0,0.0,300.1053714752198,24.392968838031475,0.0,0,0.0012249134,0
LR0806,Voinjama,Lofa,61308.0,1916.5185773,2021,12,0,0,0.0,19.47930561006069,23.546818894606368,2021-12-01,0,31.98925422699058,0.0,0.0,176.42326402664187,24.16969067500188,0.0,0,0.00018614392,0
LR0806,Voinjama,Lofa,61308.0,1916.5185773,2022,1,1,1,1.631108501337509,9.173452824354175,22.40076839740459,2022-01-01,0,31.98925422699058,0.0,0.0,19.47930561006069,23.546818894606368,0.0,0,0.0016445279,0
LR0806,Voinjama,Lofa,61308.0,1916.5185773,2022,2,0,0,0.0,27.868918880820274,24.190641667292667,2022-02-01,0,31.98925422699058,1.0,1.631108501337509,9.173452824354175,22.40076839740459,0.3333333333333333,0,0.00034419744,0
LR0806,Voinjama,Lofa,61308.0,1916.5185773,2022,3,0,0,0.0,131.8189524412155,25.034292367788456,2022-03-01,0,31.98925422699058,0.0,0.0,27.868918880820274,24.190641667292667,0.3333333333333333,0,2.9281056e-05,0
LR0806,Voinjama,Lofa,61308.0,1916.5185773,2022,4,0,0,0.0,166.72048592567444,25.147778173593373,2022-04-01,0,31.98925422699058,0.0,0.0,131.8189524412155,25.034292367788456,0.3333333333333333,0,0.00050968747,0
LR0806,Voinjama,Lofa,61308.0,1916.5185773,2022,5,0,0,0.0,197.45850014686587,24.791484891451315,2022-05-01,0,31.98925422699058,0.0,0.0,166.72048592567444,25.147778173593373,0.0,1,8.141988e-05,0
LR0806,Voinjama,Lofa,61308.0,1916.5185773,2022,6,0,0,0.0,352.9129667282105,23.9818584735577,2022-06-01,0,31.98925422699058,0.0,0.0,197.45850014686587,24.791484891451315,0.0,1,0.0030794248,0
LR0806,Voinjama,Lofa,61308.0,1916.5185773,2022,7,0,0,0.0,354.35575294494623,23.14012850247897,2022-07-01,0,31.98925422699058,0.0,0.0,352.9129667282105,23.9818584735577,0.0,1,0.027535137,0
LR0806,Voinjama,Lofa,61308.0,1916.5185773,2022,8,0,0,0.0,402.7583861351013,22.69204154381386,2022-08-01,0,31.98925422699058,0.0,0.0,354.35575294494623,23.14012850247897,0.0,1,0.0010041608,0
LR0806,Voinjama,Lofa,61308.0,1916.5185773,2022,9,0,0,0.0,396.2699041366578,23.20406045180101,2022-09-01,0,31.98925422699058,0.0,0.0,402.7583861351013,22.69204154381386,0.0,1,0.0025649397,0
LR0806,Voinjama,Lofa,61308.0,1916.5185773,2022,10,0,0,0.0,252.52152228355405,23.884245740450343,2022-10-01,0,31.98925422699058,0.0,0.0,396.2699041366578,23.20406045180101,0.0,1,0.0006839461,0
LR0806,Voinjama,Lofa,61308.0,1916.5185773,2022,11,0,0,0.0,107.8013106584549,23.43258596567008,2022-11-01,0,31.98925422699058,0.0,0.0,252.52152228355405,23.884245740450343,0.0,0,8.4290594e-05,0
LR0806,Voinjama,Lofa,61308.0,1916.5185773,2022,12,0,0,0.0,30.48766708374024,22.75669790414664,2022-12-01,0,31.98925422699058,0.0,0.0,107.8013106584549,23.43258596567008,0.0,0,0.00043967902,0
LR0806,Voinjama,Lofa,61308.0,1916.5185773,2023,1,0,0,0.0,13.414497375488285,22.72767439622145,2023-01-01,0,31.98925422699058,0.0,0.0,30.48766708374024,22.75669790414664,0.0,0,0.0006551732,0
LR0806,Voinjama,Lofa,61308.0,1916.5185773,2023,2,0,0,0.0,41.42741537094117,24.6040517953726,2023-02-01,0,31.98925422699058,0.0,0.0,13.414497375488285,22.72767439622145,0.0,0,1.4888518e-05,0
LR0807,Zorzor,Lofa,50681.0,3092.06156914,2020,4,0,0,0.0,217.1811687876877,25.44322132110596,2020-04-01,0,16.390682677801912,0.0,0.0,184.1381803345912,25.745953674316407,0.0,0,4.8198566e-05,0
LR0807,Zorzor,Lofa,50681.0,3092.06156914,2020,5,0,0,0.0,170.90468152981362,25.16626628875732,2020-05-01,0,16.390682677801912,0.0,0.0,217.1811687876877,25.44322132110596,0.0,1,0.00022670072,0
LR0807,Zorzor,Lofa,50681.0,3092.06156914,2020,6,1,1,1.9731260235591248,214.68129085800007,24.29273735046386,2020-06-01,0,16.390682677801912,0.0,0.0,170.90468152981362,25.16626628875732,0.0,1,0.0001529883,0
LR0807,Zorzor,Lofa,50681.0,3092.06156914,2020,7,7,7,13.811882164913872,298.3312484593069,22.994126758575444,2020-07-01,1,16.390682677801912,1.0,1.9731260235591248,214.68129085800007,24.29273735046386,0.3333333333333333,1,0.9710872,1
LR0807,Zorzor,Lofa,50681.0,3092.06156914,2020,8,1,1,1.9731260235591248,367.18565709382574,22.702301940917977,2020-08-01,0,16.390682677801912,7.0,13.811882164913872,298.3312484593069,22.994126758575444,2.6666666666666665,1,0.00497291,0
LR0807,Zorzor,Lofa,50681.0,3092.06156914,2020,9,0,0,0.0,389.14584972789,23.57864263534547,2020-09-01,0,16.390682677801912,1.0,1.9731260235591248,367.18565709382574,22.702301940917977,3.0,1,0.0016105375,0
LR0807,Zorzor,Lofa,50681.0,3092.06156914,2020,10,0,0,0.0,203.90738329841105,24.09986633300781,2020-10-01,0,16.390682677801912,0.0,0.0,389.14584972789,23.57864263534547,2.6666666666666665,1,6.977542e-05,0
LR0807,Zorzor,Lofa,50681.0,3092.06156914,2020,11,0,0,0.0,32.39739442103116,23.95110015869141,2020-11-01,0,16.390682677801912,0.0,0.0,203.90738329841105,24.09986633300781,0.3333333333333333,0,0.0014606036,0
LR0807,Zorzor,Lofa,50681.0,3092.06156914,2020,12,0,0,0.0,52.68178858340367,23.94980678558349,2020-12-01,0,16.390682677801912,0.0,0.0,32.39739442103116,23.95110015869141,0.0,0,1.4925479e-05,0
LR0807,Zorzor,Lofa,50681.0,3092.06156914,2021,1,0,0,0.0,20.3039040148837,24.000228443145744,2021-01-01,0,16.390682677801912,0.0,0.0,52.68178858340367,23.94980678558349,0.0,0,2.4702593e-05,0
LR0807,Zorzor,Lofa,50681.0,3092.06156914,2021,2,0,0,0.0,64.39973457114208,25.0704296875,2021-02-01,0,16.390682677801912,0.0,0.0,20.3039040148837,24.000228443145744,0.0,0,5.14588e-06,0
LR0807,Zorzor,Lofa,50681.0,3092.06156914,2021,3,0,0,0.0,171.33882244813793,25.105061874389644,2021-03-01,0,16.390682677801912,0.0,0.0,64.39973457114208,25.0704296875,0.0,0,1.426998e-06,0
LR0807,Zorzor,Lofa,50681.0,3092.06156914,2021,4,0,0,0.0,173.23807103425548,25.46047830581665,2021-04-01,0,16.390682677801912,0.0,0.0,171.33882244813793,25.105061874389644,0.0,0,4.7045246e-06,0
LR0807,Zorzor,Lofa,50681.0,3092.06156914,2021,5,0,0,0.0,171.4587443083235,25.06748399734497,2021-05-01,0,16.390682677801912,0.0,0.0,173.23807103425548,25.46047830581665,0.0,1,2.5817404e-05,0
LR0807,Zorzor,Lofa,50681.0,3092.06156914,2021,6,1,1,1.9731260235591248,242.2643373359753,24.260964336395265,2021-06-01,0,16.390682677801912,0.0,0.0,171.4587443083235,25.06748399734497,0.0,1,0.0001154438,0
LR0807,Zorzor,Lofa,50681.0,3092.06156914,2021,7,10,10,19.731260235591247,229.86294926023007,23.339314689636225,2021-07-01,1,16.390682677801912,1.0,1.9731260235591248,242.2643373359753,24.260964336395265,0.3333333333333333,1,0.8966094,1
LR0807,Zorzor,Lofa,50681.0,3092.06156914,2021,8,0,0,0.0,496.9833092550627,23.13756412506104,2021-08-01,0,16.390682677801912,10.0,19.731260235591247,229.86294926023007,23.339314689636225,3.6666666666666665,1,0.010788175,0
LR0807,Zorzor,Lofa,50681.0,3092.06156914,2021,9,0,0,0.0,413.8671383163303,23.77251079559325,2021-09-01,0,16.390682677801912,0.0,0.0,496.9833092550627,23.13756412506104,3.6666666666666665,1,0.00030899726,0
LR0807,Zorzor,Lofa,50681.0,3092.06156914,2021,10,0,0,0.0,281.5745605172463,24.47245332717896,2021-10-01,0,16.390682677801912,0.0,0.0,413.8671383163303,23.77251079559325,3.3333333333333335,1,0.004276356,0
LR0807,Zorzor,Lofa,50681.0,3092.06156914,2021,11,0,0,0.0,115.39780833420244,24.34047824859621,2021-11-01,0,16.390682677801912,0.0,0.0,281.5745605172463,24.47245332717896,0.0,0,0.0009772368,0
LR0807,Zorzor,Lofa,50681.0,3092.06156914,2021,12,0,0,0.0,14.602807128313676,23.812073345184327,2021-12-01,0,16.390682677801912,0.0,0.0,115.39780833420244,24.34047824859621,0.0,0,0.0038472156,0
LR0807,Zorzor,Lofa,50681.0,3092.06156914,2022,1,0,0,0.0,10.7844568780325,22.652008647918706,2022-01-01,0,16.390682677801912,0.0,0.0,14.602807128313676,23.812073345184327,0.0,0,0.00088800926,0
LR0807,Zorzor,Lofa,50681.0,3092.06156914,2022,2,0,0,0.0,20.453691658464454,24.406559658050544,2022-02-01,0,16.390682677801912,0.0,0.0,10.7844568780325,22.652008647918706,0.0,0,2.4828923e-05,0
LR0807,Zorzor,Lofa,50681.0,3092.06156914,2022,3,0,0,0.0,145.03764261782743,25.062399482727056,2022-03-01,0,16.390682677801912,0.0,0.0,20.453691658464454,24.406559658050544,0.0,0,7.150501e-06,0
LR0807,Zorzor,Lofa,50681.0,3092.06156914,2022,4,0,0,0.0,189.48933884704,25.08317771911621,2022-04-01,0,16.390682677801912,0.0,0.0,145.03764261782743,25.062399482727056,0.0,0,8.54968e-06,0
LR0807,Zorzor,Lofa,50681.0,3092.06156914,2022,5,0,0,0.0,164.2333753271011,24.825728130340583,2022-05-01,0,16.390682677801912,0.0,0.0,189.48933884704,25.08317771911621,0.0,1,5.7593512e-05,0
LR0807,Zorzor,Lofa,50681.0,3092.06156914,2022,6,0,0,0.0,262.33506241585457,24.026676521301265,2022-06-01,0,16.390682677801912,0.0,0.0,164.2333753271011,24.825728130340583,0.0,1,3.3954708e-05,0
LR0807,Zorzor,Lofa,50681.0,3092.06156914,2022,7,0,0,0.0,267.6224070428644,23.194943275451656,2022-07-01,0,16.390682677801912,0.0,0.0,262.33506241585457,24.026676521301265,0.0,1,0.0013776887,0
LR0807,Zorzor,Lofa,50681.0,3092.06156914,2022,8,0,0,0.0,484.8056074716512,22.792535285949707,2022-08-01,0,16.390682677801912,0.0,0.0,267.6224070428644,23.194943275451656,0.0,1,0.00020106493,0
LR0807,Zorzor,Lofa,50681.0,3092.06156914,2022,9,0,0,0.0,371.6443999947854,23.334506378173824,2022-09-01,0,16.390682677801912,0.0,0.0,484.8056074716512,22.792535285949707,0.0,1,0.002223335,0
LR0807,Zorzor,Lofa,50681.0,3092.06156914,2022,10,0,0,0.0,238.93941075593523,24.019159011840824,2022-10-01,0,16.390682677801912,0.0,0.0,371.6443999947854,23.334506378173824,0.0,1,0.0003407932,0
LR0807,Zorzor,Lofa,50681.0,3092.06156914,2022,11,0,0,0.0,86.90021322305924,23.60740324020385,2022-11-01,0,16.390682677801912,0.0,0.0,238.93941075593523,24.019159011840824,0.0,0,2.9122573e-05,0
LR0807,Zorzor,Lofa,50681.0,3092.06156914,2022,12,0,0,0.0,28.08977015967508,22.996731624603264,2022-12-01,0,16.390682677801912,0.0,0.0,86.90021322305924,23.60740324020385,0.0,0,8.297875e-05,0
LR0807,Zorzor,Lofa,50681.0,3092.06156914,2023,1,0,0,0.0,18.68341070008509,23.018876438140868,2023-01-01,0,16.390682677801912,0.0,0.0,28.08977015967508,22.996731624603264,0.0,0,4.0689145e-05,0
LR0807,Zorzor,Lofa,50681.0,3092.06156914,2023,2,0,0,0.0,33.50647472640841,24.83118083953857,2023-02-01,0,16.390682677801912,0.0,0.0,18.68341070008509,23.018876438140868,0.0,0,1.3369888e-05,0
LR0901,Firestone,Margibi,127939.0,393.19924772,2020,4,3,3,2.3448674759064865,200.82903507777624,27.42242534344013,2020-04-01,0,325.37956453850154,0.0,0.0,132.2826598031181,27.50425837590144,0.0,0,0.017522145,0
LR0901,Firestone,Margibi,127939.0,393.19924772,2020,5,16,16,12.505959871501265,276.74161638532365,27.09292000990648,2020-05-01,1,325.37956453850154,3.0,2.3448674759064865,200.82903507777624,27.42242534344013,1.5,1,0.87235814,1
LR0901,Firestone,Margibi,127939.0,393.19924772,2020,6,10,10,7.816224919688288,437.951416015625,25.93030973581168,2020-06-01,1,325.37956453850154,16.0,12.505959871501265,276.74161638532365,27.09292000990648,6.333333333333333,1,0.9752319,1
LR0901,Firestone,Margibi,127939.0,393.19924772,2020,7,14,14,10.942714887563604,388.7316414969308,24.77983107933631,2020-07-01,1,325.37956453850154,10.0,7.816224919688288,437.951416015625,25.93030973581168,9.666666666666666,1,0.9501498,1
LR0901,Firestone,Margibi,127939.0,393.19924772,2020,8,3,3,2.3448674759064865,492.8221958705357,24.3319825392503,2020-08-01,0,325.37956453850154,14.0,10.942714887563604,388.7316414969308,24.77983107933631,13.333333333333334,1,0.07994357,0
LR0901,Firestone,Margibi,127939.0,393.19924772,2020,9,0,0,0.0,482.4313681466239,25.10015414311336,2020-09-01,0,325.37956453850154,3.0,2.3448674759064865,492.8221958705357,24.3319825392503,9.0,1,0.005122835,0
LR0901,Firestone,Margibi,127939.0,393.19924772,2020,10,0,0,0.0,249.8012117658343,25.905774189875675,2020-10-01,0,325.37956453850154,0.0,0.0,482.4313681466239,25.10015414311336,5.666666666666667,1,0.00037337022,0
LR0901,Firestone,Margibi,127939.0,393.19924772,2020,11,0,0,0.0,92.61606979370116,26.1019229888916,2020-11-01,0,325.37956453850154,0.0,0.0,249.8012117658343,25.905774189875675,1.0,0,0.0039166035,0
LR0901,Firestone,Margibi,127939.0,393.19924772,2020,12,1,1,0.7816224919688289,70.80079514639718,26.337618754460262,2020-12-01,0,325.37956453850154,0.0,0.0,92.61606979370116,26.1019229888916,0.0,0,9.651753e-05,0
LR0901,Firestone,Margibi,127939.0,393.19924772,2021,1,0,0,0.0,24.313114847455708,26.481511482825645,2021-01-01,0,325.37956453850154,1.0,0.7816224919688289,70.80079514639718,26.337618754460262,0.3333333333333333,0,0.0002098949,0
LR0901,Firestone,Margibi,127939.0,393.19924772,2021,2,0,0,0.0,77.5520499093192,27.160568677462063,2021-02-01,0,325.37956453850154,0.0,0.0,24.313114847455708,26.481511482825645,0.3333333333333333,0,0.000110384535,0
LR0901,Firestone,Margibi,127939.0,393.19924772,2021,3,0,0,0.0,132.34384972708568,26.674982217641976,2021-03-01,0,325.37956453850154,0.0,0.0,77.5520499093192,27.160568677462063,0.3333333333333333,0,0.00020279139,0
LR0901,Firestone,Margibi,127939.0,393.19924772,2021,4,0,0,0.0,139.37094661167686,27.04196387070876,2021-04-01,0,325.37956453850154,0.0,0.0,132.34384972708568,26.674982217641976,0.0,0,0.0018583224,0
LR0901,Firestone,Margibi,127939.0,393.19924772,2021,5,0,0,0.0,279.1806139264788,26.800409317016605,2021-05-01,0,325.37956453850154,0.0,0.0,139.37094661167686,27.04196387070876,0.0,1,0.003984135,0
LR0901,Firestone,Margibi,127939.0,393.19924772,2021,6,6,6,4.689734951812973,503.2103489467076,26.007832013643707,2021-06-01,1,325.37956453850154,0.0,0.0,279.1806139264788,26.800409317016605,0.0,1,0.8307672,1
LR0901,Firestone,Margibi,127939.0,393.19924772,2021,7,4,4,3.126489967875316,355.8363080705915,25.094047693105843,2021-07-01,0,325.37956453850154,6.0,4.689734951812973,503.2103489467076,26.007832013643707,2.0,1,0.06305224,0
LR0901,Firestone,Margibi,127939.0,393.19924772,2021,8,1,1,0.7816224919688289,791.1017150878906,25.01328497666579,2021-08-01,0,325.37956453850154,4.0,3.126489967875316,355.8363080705915,25.094047693105843,3.3333333333333335,1,0.0028549468,0
LR0901,Firestone,Margibi,127939.0,393.19924772,2021,9,0,0,0.0,547.5309361049107,25.376753440270058,2021-09-01,0,325.37956453850154,1.0,0.7816224919688289,791.1017150878906,25.01328497666579,3.6666666666666665,1,0.016289407,0
LR0901,Firestone,Margibi,127939.0,393.19924772,2021,10,0,0,0.0,258.8652736118861,26.149706180279072,2021-10-01,0,325.37956453850154,0.0,0.0,547.5309361049107,25.376753440270058,1.6666666666666667,1,0.0019520462,0
LR0901,Firestone,Margibi,127939.0,393.19924772,2021,11,0,0,0.0,125.60517174857002,26.3688718355619,2021-11-01,0,325.37956453850154,0.0,0.0,258.8652736118861,26.149706180279072,0.3333333333333333,0,0.0066520968,0
LR0901,Firestone,Margibi,127939.0,393.19924772,2021,12,0,0,0.0,35.175094468253,26.664355938251205,2021-12-01,0,325.37956453850154,0.0,0.0,125.60517174857002,26.3688718355619,0.0,0,0.052685194,0
LR0901,Firestone,Margibi,127939.0,393.19924772,2022,1,2,2,1.563244983937658,10.528749125344412,26.15542338444636,2022-01-01,0,325.37956453850154,0.0,0.0,35.175094468253,26.664355938251205,0.0,0,0.0036543545,0
LR0901,Firestone,Margibi,127939.0,393.19924772,2022,2,0,0,0.0,47.81510053362165,27.05762569720928,2022-02-01,0,325.37956453850154,2.0,1.563244983937658,10.528749125344412,26.15542338444636,0.6666666666666666,0,0.00037289268,0
LR0901,Firestone,Margibi,127939.0,393.19924772,2022,3,0,0,0.0,91.65808377947128,26.879925361046425,2022-03-01,0,325.37956453850154,0.0,0.0,47.81510053362165,27.05762569720928,0.6666666666666666,0,9.42208e-05,0
LR0901,Firestone,Margibi,127939.0,393.19924772,2022,4,0,0,0.0,160.71628134591236,26.96329424931452,2022-04-01,0,325.37956453850154,0.0,0.0,91.65808377947128,26.879925361046425,0.6666666666666666,0,0.0007110687,0
LR0901,Firestone,Margibi,127939.0,393.19924772,2022,5,0,0,0.0,237.4814300537109,26.61706132155198,2022-05-01,0,325.37956453850154,0.0,0.0,160.71628134591236,26.96329424931452,0.0,1,0.0025569652,0
LR0901,Firestone,Margibi,127939.0,393.19924772,2022,6,2,2,1.563244983937658,549.1472037179128,25.82712819026067,2022-06-01,0,325.37956453850154,0.0,0.0,237.4814300537109,26.61706132155198,0.0,1,0.036659908,0
LR0901,Firestone,Margibi,127939.0,393.19924772,2022,7,0,0,0.0,159.77540261404857,24.830500089205227,2022-07-01,0,325.37956453850154,2.0,1.563244983937658,549.1472037179128,25.82712819026067,0.6666666666666666,1,0.0088382065,0
LR0901,Firestone,Margibi,127939.0,393.19924772,2022,8,1,1,0.7816224919688289,479.8379756382533,24.52159632169284,2022-08-01,0,325.37956453850154,0.0,0.0,159.77540261404857,24.830500089205227,0.6666666666666666,1,0.00458849,0
LR0901,Firestone,Margibi,127939.0,393.19924772,2022,9,1,1,0.7816224919688289,549.746555873326,24.920156185443584,2022-09-01,0,325.37956453850154,1.0,0.7816224919688289,479.8379756382533,24.52159632169284,1.0,1,0.0037519792,0
LR0901,Firestone,Margibi,127939.0,393.19924772,2022,10,0,0,0.0,322.92069353376115,25.772730900691105,2022-10-01,0,325.37956453850154,1.0,0.7816224919688289,549.746555873326,24.920156185443584,0.6666666666666666,1,0.000490867,0
LR0901,Firestone,Margibi,127939.0,393.19924772,2022,11,1,1,0.7816224919688289,106.13706861223493,25.844030233529896,2022-11-01,0,325.37956453850154,0.0,0.0,322.92069353376115,25.772730900691105,0.6666666666666666,0,0.005216779,0
LR0901,Firestone,Margibi,127939.0,393.19924772,2022,12,0,0,0.0,45.67865426199777,25.964451423058144,2022-12-01,0,325.37956453850154,1.0,0.7816224919688289,106.13706861223493,25.844030233529896,0.6666666666666666,0,0.008353301,0
LR0901,Firestone,Margibi,127939.0,393.19924772,2023,1,0,0,0.0,10.647195066724503,26.19882260836088,2023-01-01,0,325.37956453850154,0.0,0.0,45.67865426199777,25.964451423058144,0.3333333333333333,0,0.003454615,0
LR0901,Firestone,Margibi,127939.0,393.19924772,2023,2,0,0,0.0,17.180921827043807,27.18463839017428,2023-02-01,0,325.37956453850154,0.0,0.0,10.647195066724503,26.19882260836088,0.3333333333333333,0,0.0006827582,0
LR0902,Gibi,Margibi,15380.0,554.85841506,2020,4,0,0,0.0,217.59337816740336,26.925161060534023,2020-04-01,0,27.718782995004002,0.0,0.0,206.52231557745685,27.257227044356497,0.0,0,0.00087293884,0
LR0902,Gibi,Margibi,15380.0,554.85841506,2020,5,0,0,0.0,220.4193484657689,26.49643536617881,2020-05-01,0,27.718782995004002,0.0,0.0,217.59337816740336,26.925161060534023,0.0,1,0.002275351,0
LR0902,Gibi,Margibi,15380.0,554.85841506,2020,6,0,0,0.0,285.23050247995474,25.250265924554125,2020-06-01,0,27.718782995004002,0.0,0.0,220.4193484657689,26.49643536617881,0.0,1,0.00084522646,0
LR0902,Gibi,Margibi,15380.0,554.85841506,2020,7,0,0,0.0,302.580476459704,23.99763609233656,2020-07-01,0,27.718782995004002,0.0,0.0,285.23050247995474,25.250265924554125,0.0,1,0.05686359,0
LR0902,Gibi,Margibi,15380.0,554.85841506,2020,8,0,0,0.0,297.3238332648027,23.56112389815481,2020-08-01,0,27.718782995004002,0.0,0.0,302.580476459704,23.99763609233656,0.0,1,0.005483623,0
LR0902,Gibi,Margibi,15380.0,554.85841506,2020,9,0,0,0.0,401.8656921386719,24.51646895157664,2020-09-01,0,27.718782995004002,0.0,0.0,297.3238332648027,23.56112389815481,0.0,1,0.0036619161,0
LR0902,Gibi,Margibi,15380.0,554.85841506,2020,10,0,0,0.0,271.9243533485813,25.34932256999769,2020-10-01,0,27.718782995004002,0.0,0.0,401.8656921386719,24.51646895157664,0.0,1,0.00019700255,0
LR0902,Gibi,Margibi,15380.0,554.85841506,2020,11,0,0,0.0,57.24759774459036,25.49173997577868,2020-11-01,0,27.718782995004002,0.0,0.0,271.9243533485813,25.34932256999769,0.0,0,2.8897215e-05,0
LR0902,Gibi,Margibi,15380.0,554.85841506,2020,12,0,0,0.0,93.0406927811472,25.69354418704384,2020-12-01,0,27.718782995004002,0.0,0.0,57.24759774459036,25.49173997577868,0.0,0,2.0525688e-06,0
LR0902,Gibi,Margibi,15380.0,554.85841506,2021,1,0,0,0.0,28.655405446102744,25.77849438315944,2021-01-01,0,27.718782995004002,0.0,0.0,93.0406927811472,25.69354418704384,0.0,0,0.00021082675,0
LR0902,Gibi,Margibi,15380.0,554.85841506,2021,2,0,0,0.0,96.73990068937604,26.84570543389572,2021-02-01,0,27.718782995004002,0.0,0.0,28.655405446102744,25.77849438315944,0.0,0,2.4534834e-06,0
LR0902,Gibi,Margibi,15380.0,554.85841506,2021,3,0,0,0.0,187.95038725200453,26.3487508673417,2021-03-01,0,27.718782995004002,0.0,0.0,96.73990068937604,26.84570543389572,0.0,0,5.6166564e-06,0
LR0902,Gibi,Margibi,15380.0,554.85841506,2021,4,0,0,0.0,162.5796163458573,26.44013997128135,2021-04-01,0,27.718782995004002,0.0,0.0,187.95038725200453,26.3487508673417,0.0,0,8.715131e-06,0
LR0902,Gibi,Margibi,15380.0,554.85841506,2021,5,0,0,0.0,228.34959251002263,26.16081187599584,2021-05-01,0,27.718782995004002,0.0,0.0,162.5796163458573,26.44013997128135,0.0,1,0.00020920677,0
LR0902,Gibi,Margibi,15380.0,554.85841506,2021,6,0,0,0.0,316.1696022435238,25.327849739476253,2021-06-01,0,27.718782995004002,0.0,0.0,228.34959251002263,26.16081187599584,0.0,1,0.0053233006,0
LR0902,Gibi,Margibi,15380.0,554.85841506,2021,7,0,0,0.0,278.7148172478926,24.336103740491364,2021-07-01,0,27.718782995004002,0.0,0.0,316.1696022435238,25.327849739476253,0.0,1,0.07049053,0
LR0902,Gibi,Margibi,15380.0,554.85841506,2021,8,0,0,0.0,512.2881389417147,24.2493193776984,2021-08-01,0,27.718782995004002,0.0,0.0,278.7148172478926,24.336103740491364,0.0,1,0.00034107582,0
LR0902,Gibi,Margibi,15380.0,554.85841506,2021,9,0,0,0.0,477.59397807874177,24.74634250841644,2021-09-01,0,27.718782995004002,0.0,0.0,512.2881389417147,24.2493193776984,0.0,1,0.0010040504,0
LR0902,Gibi,Margibi,15380.0,554.85841506,2021,10,0,0,0.0,289.006162944593,25.53076201991032,2021-10-01,0,27.718782995004002,0.0,0.0,477.59397807874177,24.74634250841644,0.0,1,0.00024479724,0
LR0902,Gibi,Margibi,15380.0,554.85841506,2021,11,0,0,0.0,124.67080929404813,25.795876352410566,2021-11-01,0,27.718782995004002,0.0,0.0,289.006162944593,25.53076201991032,0.0,0,2.6903463e-05,0
LR0902,Gibi,Margibi,15380.0,554.85841506,2021,12,0,0,0.0,35.00874810469778,25.901731691862405,2021-12-01,0,27.718782995004002,0.0,0.0,124.67080929404813,25.795876352410566,0.0,0,0.0022697537,0
LR0902,Gibi,Margibi,15380.0,554.85841506,2022,1,0,0,0.0,10.698127846968802,25.143156453182826,2022-01-01,0,27.718782995004002,0.0,0.0,35.00874810469778,25.901731691862405,0.0,0,0.0040952787,0
LR0902,Gibi,Margibi,15380.0,554.85841506,2022,2,0,0,0.0,49.01045327437552,26.759666342484323,2022-02-01,0,27.718782995004002,0.0,0.0,10.698127846968802,25.143156453182826,0.0,0,1.1377478e-05,0
LR0902,Gibi,Margibi,15380.0,554.85841506,2022,3,0,0,0.0,132.28940261037727,26.769059833727383,2022-03-01,0,27.718782995004002,0.0,0.0,49.01045327437552,26.759666342484323,0.0,0,5.8155474e-06,0
LR0902,Gibi,Margibi,15380.0,554.85841506,2022,4,0,0,0.0,189.90166513543377,26.59207785756964,2022-04-01,0,27.718782995004002,0.0,0.0,132.28940261037727,26.769059833727383,0.0,0,2.0594314e-05,0
LR0902,Gibi,Margibi,15380.0,554.85841506,2022,5,0,0,0.0,188.62255216899672,25.95980413336503,2022-05-01,0,27.718782995004002,0.0,0.0,189.90166513543377,26.59207785756964,0.0,1,1.28610745e-05,0
LR0902,Gibi,Margibi,15380.0,554.85841506,2022,6,0,0,0.0,309.88365574886933,25.10174801475124,2022-06-01,0,27.718782995004002,0.0,0.0,188.62255216899672,25.95980413336503,0.0,1,0.0010682656,0
LR0902,Gibi,Margibi,15380.0,554.85841506,2022,7,0,0,0.0,158.0338235152395,24.084002444618623,2022-07-01,0,27.718782995004002,0.0,0.0,309.88365574886933,25.10174801475124,0.0,1,0.0062659346,0
LR0902,Gibi,Margibi,15380.0,554.85841506,2022,8,0,0,0.0,336.8299126876028,23.81380151447497,2022-08-01,0,27.718782995004002,0.0,0.0,158.0338235152395,24.084002444618623,0.0,1,0.0008883647,0
LR0902,Gibi,Margibi,15380.0,554.85841506,2022,9,0,0,0.0,431.30439196134864,24.2671665392424,2022-09-01,0,27.718782995004002,0.0,0.0,336.8299126876028,23.81380151447497,0.0,1,0.0018361099,0
LR0902,Gibi,Margibi,15380.0,554.85841506,2022,10,0,0,0.0,319.5637383711965,25.254304183156865,2022-10-01,0,27.718782995004002,0.0,0.0,431.30439196134864,24.2671665392424,0.0,1,0.00055762357,0
LR0902,Gibi,Margibi,15380.0,554.85841506,2022,11,0,0,0.0,100.63860642282586,25.21697305378161,2022-11-01,0,27.718782995004002,0.0,0.0,319.5637383711965,25.254304183156865,0.0,0,1.0214874e-05,0
LR0902,Gibi,Margibi,15380.0,554.85841506,2022,12,0,0,0.0,49.07587914717825,25.13726896988718,2022-12-01,0,27.718782995004002,0.0,0.0,100.63860642282586,25.21697305378161,0.0,0,2.4526422e-05,0
LR0902,Gibi,Margibi,15380.0,554.85841506,2023,1,0,0,0.0,19.20799857691714,25.699787842599967,2023-01-01,0,27.718782995004002,0.0,0.0,49.07587914717825,25.13726896988718,0.0,0,1.6663636e-05,0
LR0902,Gibi,Margibi,15380.0,554.85841506,2023,2,0,0,0.0,28.450580496537064,27.27779880322908,2023-02-01,0,27.718782995004002,0.0,0.0,19.20799857691714,25.699787842599967,0.0,0,0.00015726508,0
LR0903,Kakata,Margibi,123840.0,1033.2027202,2020,4,0,0,0.0,227.60413136201743,26.92485063216265,2020-04-01,0,119.86031161051139,0.0,0.0,189.9770602057962,27.07364289900836,0.0,0,0.0062070927,0
LR0903,Kakata,Margibi,123840.0,1033.2027202,2020,5,0,0,0.0,231.48432428696577,26.58071248671588,2020-05-01,0,119.86031161051139,0.0,0.0,227.60413136201743,26.92485063216265,0.0,1,0.0065526045,0
LR0903,Kakata,Margibi,123840.0,1033.2027202,2020,6,2,2,1.614987080103359,307.3920184864717,25.44068695517147,2020-06-01,0,119.86031161051139,0.0,0.0,231.48432428696577,26.58071248671588,0.0,1,0.054979566,0
LR0903,Kakata,Margibi,123840.0,1033.2027202,2020,7,2,2,1.614987080103359,380.3584612678079,24.219947983236874,2020-07-01,0,119.86031161051139,2.0,1.614987080103359,307.3920184864717,25.44068695517147,0.6666666666666666,1,0.04449824,0
LR0903,Kakata,Margibi,123840.0,1033.2027202,2020,8,0,0,0.0,343.2646888284123,23.77019343656652,2020-08-01,0,119.86031161051139,2.0,1.614987080103359,380.3584612678079,24.219947983236874,1.3333333333333333,1,0.016466336,0
LR0903,Kakata,Margibi,123840.0,1033.2027202,2020,9,0,0,0.0,401.66008534150967,24.672145619111905,2020-09-01,0,119.86031161051139,0.0,0.0,343.2646888284123,23.77019343656652,1.3333333333333333,1,0.0014888763,0
LR0903,Kakata,Margibi,123840.0,1033.2027202,2020,10,0,0,0.0,258.9295178581687,25.4559918571921,2020-10-01,0,119.86031161051139,0.0,0.0,401.66008534150967,24.672145619111905,0.6666666666666666,1,0.00063816033,0
LR0903,Kakata,Margibi,123840.0,1033.2027202,2020,11,0,0,0.0,66.40330191219556,25.59880974713494,2020-11-01,0,119.86031161051139,0.0,0.0,258.9295178581687,25.4559918571921,0.0,0,0.0009368985,0
LR0903,Kakata,Margibi,123840.0,1033.2027202,2020,12,0,0,0.0,83.89788010541129,25.80700453589944,2020-12-01,0,119.86031161051139,0.0,0.0,66.40330191219556,25.59880974713494,0.0,0,2.10927e-05,0
LR0903,Kakata,Margibi,123840.0,1033.2027202,2021,1,0,0,0.0,28.001910882837635,25.81948005451876,2021-01-01,0,119.86031161051139,0.0,0.0,83.89788010541129,25.80700453589944,0.0,0,0.0015156809,0
LR0903,Kakata,Margibi,123840.0,1033.2027202,2021,2,0,0,0.0,101.9394849889419,26.65773919049431,2021-02-01,0,119.86031161051139,0.0,0.0,28.001910882837635,25.81948005451876,0.0,0,1.9854713e-05,0
LR0903,Kakata,Margibi,123840.0,1033.2027202,2021,3,0,0,0.0,177.1150930068072,26.31000760022333,2021-03-01,0,119.86031161051139,0.0,0.0,101.9394849889419,26.65773919049431,0.0,0,4.850737e-05,0
LR0903,Kakata,Margibi,123840.0,1033.2027202,2021,4,0,0,0.0,162.5133936264936,26.589999479406018,2021-04-01,0,119.86031161051139,0.0,0.0,177.1150930068072,26.31000760022333,0.0,0,0.00013791281,0
LR0903,Kakata,Margibi,123840.0,1033.2027202,2021,5,0,0,0.0,256.0887828153722,26.31614163342644,2021-05-01,0,119.86031161051139,0.0,0.0,162.5133936264936,26.589999479406018,0.0,1,0.0011612203,0
LR0903,Kakata,Margibi,123840.0,1033.2027202,2021,6,8,8,6.459948320413436,372.9307601031135,25.502790563246784,2021-06-01,1,119.86031161051139,0.0,0.0,256.0887828153722,26.31614163342644,0.0,1,0.87900984,1
LR0903,Kakata,Margibi,123840.0,1033.2027202,2021,7,8,8,6.459948320413436,272.46091820211973,24.534734501558194,2021-07-01,1,119.86031161051139,8.0,6.459948320413436,372.9307601031135,25.502790563246784,2.6666666666666665,1,0.94279677,1
LR0903,Kakata,Margibi,123840.0,1033.2027202,2021,8,0,0,0.0,559.0451480641084,24.41765465455897,2021-08-01,0,119.86031161051139,8.0,6.459948320413436,272.46091820211973,24.534734501558194,5.333333333333333,1,0.006592838,0
LR0903,Kakata,Margibi,123840.0,1033.2027202,2021,9,0,0,0.0,472.9631500244141,24.90423606423771,2021-09-01,0,119.86031161051139,0.0,0.0,559.0451480641084,24.41765465455897,5.333333333333333,1,0.0072242636,0
LR0903,Kakata,Margibi,123840.0,1033.2027202,2021,10,0,0,0.0,278.26799460018384,25.68192352968104,2021-10-01,0,119.86031161051139,0.0,0.0,472.9631500244141,24.90423606423771,2.6666666666666665,1,0.00082143553,0
LR0903,Kakata,Margibi,123840.0,1033.2027202,2021,11,0,0,0.0,125.58959422392005,25.87762675565832,2021-11-01,0,119.86031161051139,0.0,0.0,278.26799460018384,25.68192352968104,0.0,0,0.0019655162,0
LR0903,Kakata,Margibi,123840.0,1033.2027202,2021,12,17,17,13.727390180878556,42.77730807136087,26.023205083959244,2021-12-01,1,119.86031161051139,0.0,0.0,125.58959422392005,25.87762675565832,0.0,0,0.8480143,1
LR0903,Kakata,Margibi,123840.0,1033.2027202,2022,1,21,21,16.95736434108527,9.712433169869811,25.236362681669352,2022-01-01,1,119.86031161051139,17.0,13.727390180878556,42.77730807136087,26.023205083959244,5.666666666666667,0,0.96922654,1
LR0903,Kakata,Margibi,123840.0,1033.2027202,2022,2,0,0,0.0,60.25670477923225,26.46079186832204,2022-02-01,0,119.86031161051139,21.0,16.95736434108527,9.712433169869811,25.236362681669352,12.666666666666666,0,0.028356256,0
LR0903,Kakata,Margibi,123840.0,1033.2027202,2022,3,0,0,0.0,113.22877726835364,26.517078455756693,2022-03-01,0,119.86031161051139,0.0,0.0,60.25670477923225,26.46079186832204,12.666666666666666,0,2.3809207e-05,0
LR0903,Kakata,Margibi,123840.0,1033.2027202,2022,4,0,0,0.0,172.8311045029584,26.514852523803707,2022-04-01,0,119.86031161051139,0.0,0.0,113.22877726835364,26.517078455756693,7.0,0,0.00033654572,0
LR0903,Kakata,Margibi,123840.0,1033.2027202,2022,5,1,1,0.8074935400516795,199.08704645493447,26.112427823683795,2022-05-01,0,119.86031161051139,0.0,0.0,172.8311045029584,26.514852523803707,0.0,1,0.0016476575,0
LR0903,Kakata,Margibi,123840.0,1033.2027202,2022,6,0,0,0.0,380.9947249468636,25.300257682800297,2022-06-01,0,119.86031161051139,1.0,0.8074935400516795,199.08704645493447,26.112427823683795,0.3333333333333333,1,0.04692831,0
LR0903,Kakata,Margibi,123840.0,1033.2027202,2022,7,0,0,0.0,153.19093345193303,24.274555318495803,2022-07-01,0,119.86031161051139,0.0,0.0,380.9947249468636,25.300257682800297,0.3333333333333333,1,0.009818404,0
LR0903,Kakata,Margibi,123840.0,1033.2027202,2022,8,0,0,0.0,375.2341003417968,23.97472639644847,2022-08-01,0,119.86031161051139,0.0,0.0,153.19093345193303,24.274555318495803,0.3333333333333333,1,0.00050774426,0
LR0903,Kakata,Margibi,123840.0,1033.2027202,2022,9,1,1,0.8074935400516795,416.3479138542624,24.42767664965461,2022-09-01,0,119.86031161051139,0.0,0.0,375.2341003417968,23.97472639644847,0.0,1,0.00021240034,0
LR0903,Kakata,Margibi,123840.0,1033.2027202,2022,10,2,2,1.614987080103359,308.92630184397984,25.341661902034986,2022-10-01,0,119.86031161051139,1.0,0.8074935400516795,416.3479138542624,24.42767664965461,0.3333333333333333,1,0.006556483,0
LR0903,Kakata,Margibi,123840.0,1033.2027202,2022,11,2,2,1.614987080103359,104.81717120899872,25.31764153873219,2022-11-01,0,119.86031161051139,2.0,1.614987080103359,308.92630184397984,25.341661902034986,1.0,0,0.0005311934,0
LR0903,Kakata,Margibi,123840.0,1033.2027202,2022,12,4,4,3.229974160206718,54.77267141903148,25.270098181331857,2022-12-01,0,119.86031161051139,2.0,1.614987080103359,104.81717120899872,25.31764153873219,1.6666666666666667,0,0.0050909254,0
LR0903,Kakata,Margibi,123840.0,1033.2027202,2023,1,3,3,2.4224806201550386,19.97087635713464,25.48462929445154,2023-01-01,0,119.86031161051139,4.0,3.229974160206718,54.77267141903148,25.270098181331857,2.6666666666666665,0,0.02098516,0
LR0903,Kakata,Margibi,123840.0,1033.2027202,2023,2,2,2,1.614987080103359,21.65724384083468,26.853626531713147,2023-02-01,0,119.86031161051139,3.0,2.4224806201550386,19.97087635713464,25.48462929445154,3.0,0,0.020783136,0
LR0904,Mambah Kaba,Margibi,37787.0,574.18484739,2020,4,0,0,0.0,175.51402936662947,27.689430337203174,2020-04-01,0,65.80981746864903,0.0,0.0,100.66218457903182,27.68192702845523,0.0,0,0.01404786,0
LR0904,Mambah Kaba,Margibi,37787.0,574.18484739,2020,5,9,9,23.817715087199304,265.5606449672154,27.39181016620837,2020-05-01,1,65.80981746864903,0.0,0.0,175.51402936662947,27.689430337203174,0.0,1,0.7444691,1
LR0904,Mambah Kaba,Margibi,37787.0,574.18484739,2020,6,17,17,44.98901738693201,485.7308523995536,26.26176854183799,2020-06-01,1,65.80981746864903,9.0,23.817715087199304,265.5606449672154,27.39181016620837,3.0,1,0.9971668,1
LR0904,Mambah Kaba,Margibi,37787.0,574.18484739,2020,7,5,5,13.232063937332946,450.84701974051336,25.15517907393606,2020-07-01,1,65.80981746864903,17.0,44.98901738693201,485.7308523995536,26.26176854183799,8.666666666666666,1,0.9457409,1
LR0904,Mambah Kaba,Margibi,37787.0,574.18484739,2020,8,0,0,0.0,414.3889508928571,24.696324800190173,2020-08-01,0,65.80981746864903,5.0,13.232063937332946,450.84701974051336,25.15517907393606,10.333333333333334,1,0.018085502,0
LR0904,Mambah Kaba,Margibi,37787.0,574.18484739,2020,9,5,5,13.232063937332946,446.0166335332961,25.3816052487022,2020-09-01,1,65.80981746864903,0.0,0.0,414.3889508928571,24.696324800190173,7.333333333333333,1,0.7908229,1
LR0904,Mambah Kaba,Margibi,37787.0,574.18484739,2020,10,3,3,7.939238362399767,239.32947503952752,26.1785976008365,2020-10-01,0,65.80981746864903,5.0,13.232063937332946,446.0166335332961,25.3816052487022,3.3333333333333335,1,0.023997732,0
LR0904,Mambah Kaba,Margibi,37787.0,574.18484739,2020,11,3,3,7.939238362399767,99.90970357259113,26.38491018194901,2020-11-01,0,65.80981746864903,3.0,7.939238362399767,239.32947503952752,26.1785976008365,2.6666666666666665,0,0.042440128,0
LR0904,Mambah Kaba,Margibi,37787.0,574.18484739,2020,12,9,9,23.817715087199304,69.23012978690011,26.62538126895302,2020-12-01,1,65.80981746864903,3.0,7.939238362399767,99.90970357259113,26.38491018194901,3.6666666666666665,0,0.8265164,1
LR0904,Mambah Kaba,Margibi,37787.0,574.18484739,2021,1,7,7,18.524889512266125,29.68708338056292,26.83255898325066,2021-01-01,1,65.80981746864903,9.0,23.817715087199304,69.23012978690011,26.62538126895302,5.0,0,0.9129257,1
LR0904,Mambah Kaba,Margibi,37787.0,574.18484739,2021,2,4,4,10.585651149866356,80.8890240987142,27.37349520231548,2021-02-01,0,65.80981746864903,7.0,18.524889512266125,29.68708338056292,26.83255898325066,6.333333333333333,0,0.035653647,0
LR0904,Mambah Kaba,Margibi,37787.0,574.18484739,2021,3,4,4,10.585651149866356,104.97167605445496,26.87168151453922,2021-03-01,0,65.80981746864903,4.0,10.585651149866356,80.8890240987142,27.37349520231548,6.666666666666667,0,0.027722636,0
LR0904,Mambah Kaba,Margibi,37787.0,574.18484739,2021,4,0,0,0.0,117.44105711437408,27.328452863191306,2021-04-01,0,65.80981746864903,4.0,10.585651149866356,104.97167605445496,26.87168151453922,5.0,0,0.055511914,0
LR0904,Mambah Kaba,Margibi,37787.0,574.18484739,2021,5,4,4,10.585651149866356,274.2156771705264,27.10488249126233,2021-05-01,0,65.80981746864903,0.0,0.0,117.44105711437408,27.328452863191306,2.6666666666666665,1,0.06773774,0
LR0904,Mambah Kaba,Margibi,37787.0,574.18484739,2021,6,73,73,193.188133485061,579.667708623977,26.33041733189633,2021-06-01,1,65.80981746864903,4.0,10.585651149866356,274.2156771705264,27.10488249126233,2.6666666666666665,1,0.9865674,1
LR0904,Mambah Kaba,Margibi,37787.0,574.18484739,2021,7,54,54,142.9062905231958,410.0076802571615,25.45753649661416,2021-07-01,1,65.80981746864903,73.0,193.188133485061,579.667708623977,26.33041733189633,25.666666666666668,1,0.99253416,1
LR0904,Mambah Kaba,Margibi,37787.0,574.18484739,2021,8,2,2,5.292825574933178,676.8440435500373,25.38444759971217,2021-08-01,0,65.80981746864903,54.0,142.9062905231958,410.0076802571615,25.45753649661416,43.666666666666664,1,0.058234442,0
LR0904,Mambah Kaba,Margibi,37787.0,574.18484739,2021,9,0,0,0.0,497.4564993722098,25.68451409590872,2021-09-01,0,65.80981746864903,2.0,5.292825574933178,676.8440435500373,25.38444759971217,43.0,1,0.0030229667,0
LR0904,Mambah Kaba,Margibi,37787.0,574.18484739,2021,10,0,0,0.0,282.84816124325704,26.45082092285156,2021-10-01,0,65.80981746864903,0.0,0.0,497.4564993722098,25.68451409590872,18.666666666666668,1,0.0010433104,0
LR0904,Mambah Kaba,Margibi,37787.0,574.18484739,2021,11,1,1,2.646412787466589,112.6250283377511,26.644730015804893,2021-11-01,0,65.80981746864903,0.0,0.0,282.84816124325704,26.45082092285156,0.6666666666666666,0,0.032279503,0
LR0904,Mambah Kaba,Margibi,37787.0,574.18484739,2021,12,45,45,119.08857543599652,34.700900849841894,27.01770782470703,2021-12-01,1,65.80981746864903,1.0,2.646412787466589,112.6250283377511,26.644730015804893,0.3333333333333333,0,0.92174846,1
LR0904,Mambah Kaba,Margibi,37787.0,574.18484739,2022,1,14,14,37.04977902453225,14.249370166233604,26.6528529116982,2022-01-01,1,65.80981746864903,45.0,119.08857543599652,34.700900849841894,27.01770782470703,15.333333333333334,0,0.9737603,1
LR0904,Mambah Kaba,Margibi,37787.0,574.18484739,2022,2,0,0,0.0,43.56838153657459,27.279872291966488,2022-02-01,0,65.80981746864903,14.0,37.04977902453225,14.249370166233604,26.6528529116982,20.0,0,0.053413913,0
LR0904,Mambah Kaba,Margibi,37787.0,574.18484739,2022,3,0,0,0.0,67.79056076776413,27.002207003141702,2022-03-01,0,65.80981746864903,0.0,0.0,43.56838153657459,27.279872291966488,19.666666666666668,0,0.00072251476,0
LR0904,Mambah Kaba,Margibi,37787.0,574.18484739,2022,4,0,0,0.0,131.20626540411087,27.177937758596325,2022-04-01,0,65.80981746864903,0.0,0.0,67.79056076776413,27.002207003141702,4.666666666666667,0,0.0014914214,0
LR0904,Mambah Kaba,Margibi,37787.0,574.18484739,2022,5,0,0,0.0,240.6724337623233,26.92829874942177,2022-05-01,0,65.80981746864903,0.0,0.0,131.20626540411087,27.177937758596325,0.0,1,0.003281721,0
LR0904,Mambah Kaba,Margibi,37787.0,574.18484739,2022,6,1,1,2.646412787466589,594.2874959309897,26.172268014205127,2022-06-01,0,65.80981746864903,0.0,0.0,240.6724337623233,26.92829874942177,0.0,1,0.018700724,0
LR0904,Mambah Kaba,Margibi,37787.0,574.18484739,2022,7,3,3,7.939238362399767,189.20175207228883,25.190848400718288,2022-07-01,0,65.80981746864903,1.0,2.646412787466589,594.2874959309897,26.172268014205127,0.3333333333333333,1,0.018863253,0
LR0904,Mambah Kaba,Margibi,37787.0,574.18484739,2022,8,11,11,29.11054066213248,421.3792419433594,24.86312273928994,2022-08-01,1,65.80981746864903,3.0,7.939238362399767,189.20175207228883,25.190848400718288,1.3333333333333333,1,0.9702811,1
LR0904,Mambah Kaba,Margibi,37787.0,574.18484739,2022,9,2,2,5.292825574933178,558.795857747396,25.236001767610244,2022-09-01,0,65.80981746864903,11.0,29.11054066213248,421.3792419433594,24.86312273928994,5.0,1,0.024523087,0
LR0904,Mambah Kaba,Margibi,37787.0,574.18484739,2022,10,0,0,0.0,309.8857116699218,26.02281319467645,2022-10-01,0,65.80981746864903,2.0,5.292825574933178,558.795857747396,25.236001767610244,5.333333333333333,1,0.0021445355,0
LR0904,Mambah Kaba,Margibi,37787.0,574.18484739,2022,11,0,0,0.0,104.13142140706378,26.135439521388005,2022-11-01,0,65.80981746864903,0.0,0.0,309.8857116699218,26.02281319467645,4.333333333333333,0,0.004193089,0
LR0904,Mambah Kaba,Margibi,37787.0,574.18484739,2022,12,0,0,0.0,46.11486017136348,26.356281079744043,2022-12-01,0,65.80981746864903,0.0,0.0,104.13142140706378,26.135439521388005,0.6666666666666666,0,0.0072658896,0
LR0904,Mambah Kaba,Margibi,37787.0,574.18484739,2023,1,0,0,0.0,9.687386966886974,26.52079672562449,2023-01-01,0,65.80981746864903,0.0,0.0,46.11486017136348,26.356281079744043,0.0,0,0.0043157656,0
LR0904,Mambah Kaba,Margibi,37787.0,574.18484739,2023,2,1,1,2.646412787466589,16.021348317464195,27.238994498001897,2023-02-01,0,65.80981746864903,0.0,0.0,9.687386966886974,26.52079672562449,0.0,0,0.00037118775,0
LR1001,Gwelekpoken,Maryland,4366.0,324.23555918,2020,4,0,0,0.0,183.2601064046224,26.707320139958306,2020-04-01,0,13.465518745204028,0.0,0.0,339.28993394639764,26.653539657592777,0.0,0,6.549717e-05,0
LR1001,Gwelekpoken,Maryland,4366.0,324.23555918,2020,5,0,0,0.0,283.7160135904948,26.420241869412937,2020-05-01,0,13.465518745204028,0.0,0.0,183.2601064046224,26.707320139958306,0.0,1,3.6869296e-05,0
LR1001,Gwelekpoken,Maryland,4366.0,324.23555918,2020,6,0,0,0.0,445.9159647623698,25.174963144155647,2020-06-01,0,13.465518745204028,0.0,0.0,283.7160135904948,26.420241869412937,0.0,1,0.0005169981,0
LR1001,Gwelekpoken,Maryland,4366.0,324.23555918,2020,7,0,0,0.0,189.2352498372396,24.18823330218976,2020-07-01,0,13.465518745204028,0.0,0.0,445.9159647623698,25.174963144155647,0.0,1,0.00010513822,0
LR1001,Gwelekpoken,Maryland,4366.0,324.23555918,2020,8,0,0,0.0,76.32541402180989,23.97981893099272,2020-08-01,0,13.465518745204028,0.0,0.0,189.2352498372396,24.18823330218976,0.0,1,6.552585e-05,0
LR1001,Gwelekpoken,Maryland,4366.0,324.23555918,2020,9,0,0,0.0,346.7574937608507,24.67215772775503,2020-09-01,0,13.465518745204028,0.0,0.0,76.32541402180989,23.97981893099272,0.0,1,5.474698e-05,0
LR1001,Gwelekpoken,Maryland,4366.0,324.23555918,2020,10,0,0,0.0,449.7088182237413,25.47470620962289,2020-10-01,0,13.465518745204028,0.0,0.0,346.7574937608507,24.67215772775503,0.0,1,8.764229e-05,0
LR1001,Gwelekpoken,Maryland,4366.0,324.23555918,2020,11,0,0,0.0,273.6668395996094,25.775158808781548,2020-11-01,0,13.465518745204028,0.0,0.0,449.7088182237413,25.47470620962289,0.0,0,1.4558618e-05,0
LR1001,Gwelekpoken,Maryland,4366.0,324.23555918,2020,12,0,0,0.0,110.85607740614148,25.922232994666462,2020-12-01,0,13.465518745204028,0.0,0.0,273.6668395996094,25.775158808781548,0.0,0,2.2080834e-05,0
LR1001,Gwelekpoken,Maryland,4366.0,324.23555918,2021,1,0,0,0.0,54.42248280843099,25.918844369741585,2021-01-01,0,13.465518745204028,0.0,0.0,110.85607740614148,25.922232994666462,0.0,0,1.3487514e-05,0
LR1001,Gwelekpoken,Maryland,4366.0,324.23555918,2021,2,0,0,0.0,143.53116014268662,26.345015892615685,2021-02-01,0,13.465518745204028,0.0,0.0,54.42248280843099,25.918844369741585,0.0,0,1.9853126e-06,0
LR1001,Gwelekpoken,Maryland,4366.0,324.23555918,2021,3,0,0,0.0,236.0987548828125,25.80248891390287,2021-03-01,0,13.465518745204028,0.0,0.0,143.53116014268662,26.345015892615685,0.0,0,9.044332e-06,0
LR1001,Gwelekpoken,Maryland,4366.0,324.23555918,2021,4,0,0,0.0,163.4332004123264,26.385384046114407,2021-04-01,0,13.465518745204028,0.0,0.0,236.0987548828125,25.80248891390287,0.0,0,5.7745245e-05,0
LR1001,Gwelekpoken,Maryland,4366.0,324.23555918,2021,5,0,0,0.0,213.9195556640625,26.31345924964318,2021-05-01,0,13.465518745204028,0.0,0.0,163.4332004123264,26.385384046114407,0.0,1,6.694014e-05,0
LR1001,Gwelekpoken,Maryland,4366.0,324.23555918,2021,6,0,0,0.0,569.2111206054688,25.604868375338043,2021-06-01,0,13.465518745204028,0.0,0.0,213.9195556640625,26.31345924964318,0.0,1,8.592982e-05,0
LR1001,Gwelekpoken,Maryland,4366.0,324.23555918,2021,7,0,0,0.0,326.14068603515625,24.485100379356968,2021-07-01,0,13.465518745204028,0.0,0.0,569.2111206054688,25.604868375338043,0.0,1,0.0021095183,0
LR1001,Gwelekpoken,Maryland,4366.0,324.23555918,2021,8,0,0,0.0,271.194812350803,24.587795110849235,2021-08-01,0,13.465518745204028,0.0,0.0,326.14068603515625,24.485100379356968,0.0,1,0.0036166697,0
LR1001,Gwelekpoken,Maryland,4366.0,324.23555918,2021,9,0,0,0.0,423.0848422580296,25.108809251051685,2021-09-01,0,13.465518745204028,0.0,0.0,271.194812350803,24.587795110849235,0.0,1,4.8877773e-05,0
LR1001,Gwelekpoken,Maryland,4366.0,324.23555918,2021,10,0,0,0.0,329.3330654568142,25.7080267392672,2021-10-01,0,13.465518745204028,0.0,0.0,423.0848422580296,25.108809251051685,0.0,1,1.15712455e-05,0
LR1001,Gwelekpoken,Maryland,4366.0,324.23555918,2021,11,0,0,0.0,193.56357659233944,25.84038059528057,2021-11-01,0,13.465518745204028,0.0,0.0,329.3330654568142,25.7080267392672,0.0,0,3.20381e-05,0
LR1001,Gwelekpoken,Maryland,4366.0,324.23555918,2021,12,0,0,0.0,98.36858961317274,26.32614678602952,2021-12-01,0,13.465518745204028,0.0,0.0,193.56357659233944,25.84038059528057,0.0,0,1.1213187e-05,0
LR1001,Gwelekpoken,Maryland,4366.0,324.23555918,2022,1,0,0,0.0,30.36735280354817,25.81506083561824,2022-01-01,0,13.465518745204028,0.0,0.0,98.36858961317274,26.32614678602952,0.0,0,7.394751e-05,0
LR1001,Gwelekpoken,Maryland,4366.0,324.23555918,2022,2,0,0,0.0,84.33992173936632,26.23953511164739,2022-02-01,0,13.465518745204028,0.0,0.0,30.36735280354817,25.81506083561824,0.0,0,1.1278232e-06,0
LR1001,Gwelekpoken,Maryland,4366.0,324.23555918,2022,3,0,0,0.0,230.36222839355463,26.09532635028545,2022-03-01,0,13.465518745204028,0.0,0.0,84.33992173936632,26.23953511164739,0.0,0,2.1490501e-05,0
LR1001,Gwelekpoken,Maryland,4366.0,324.23555918,2022,4,0,0,0.0,220.0382300482856,26.313270275409405,2022-04-01,0,13.465518745204028,0.0,0.0,230.36222839355463,26.09532635028545,0.0,0,0.0004542564,0
LR1001,Gwelekpoken,Maryland,4366.0,324.23555918,2022,5,0,0,0.0,275.4531826443142,26.01571508554312,2022-05-01,0,13.465518745204028,0.0,0.0,220.0382300482856,26.313270275409405,0.0,1,0.0017375883,0
LR1001,Gwelekpoken,Maryland,4366.0,324.23555918,2022,6,0,0,0.0,618.928202311198,25.232424075786884,2022-06-01,0,13.465518745204028,0.0,0.0,275.4531826443142,26.01571508554312,0.0,1,0.000103355196,0
LR1001,Gwelekpoken,Maryland,4366.0,324.23555918,2022,7,0,0,0.0,75.05543390909831,24.094257354736328,2022-07-01,0,13.465518745204028,0.0,0.0,618.928202311198,25.232424075786884,0.0,1,6.635531e-05,0
LR1001,Gwelekpoken,Maryland,4366.0,324.23555918,2022,8,0,0,0.0,156.24360656738284,23.973556078397312,2022-08-01,0,13.465518745204028,0.0,0.0,75.05543390909831,24.094257354736328,0.0,1,2.3388866e-05,0
LR1001,Gwelekpoken,Maryland,4366.0,324.23555918,2022,9,0,0,0.0,292.85140652126734,24.45095795851487,2022-09-01,0,13.465518745204028,0.0,0.0,156.24360656738284,23.973556078397312,0.0,1,0.00010967475,0
LR1001,Gwelekpoken,Maryland,4366.0,324.23555918,2022,10,0,0,0.0,348.89076063368054,25.526087100689224,2022-10-01,0,13.465518745204028,0.0,0.0,292.85140652126734,24.45095795851487,0.0,1,0.00084407994,0
LR1001,Gwelekpoken,Maryland,4366.0,324.23555918,2022,11,0,0,0.0,309.6740247938368,25.592997771043045,2022-11-01,0,13.465518745204028,0.0,0.0,348.89076063368054,25.526087100689224,0.0,0,2.3744042e-05,0
LR1001,Gwelekpoken,Maryland,4366.0,324.23555918,2022,12,0,0,0.0,131.13473256429037,25.754763823289142,2022-12-01,0,13.465518745204028,0.0,0.0,309.6740247938368,25.592997771043045,0.0,0,3.7714773e-05,0
LR1001,Gwelekpoken,Maryland,4366.0,324.23555918,2023,1,0,0,0.0,53.2671881781684,25.831538860614483,2023-01-01,0,13.465518745204028,0.0,0.0,131.13473256429037,25.754763823289142,0.0,0,6.154417e-05,0
LR1001,Gwelekpoken,Maryland,4366.0,324.23555918,2023,2,0,0,0.0,97.35211690266928,26.56436069195087,2023-02-01,0,13.465518745204028,0.0,0.0,53.2671881781684,25.831538860614483,0.0,0,1.8634022e-06,0
LR1002,Harper,Maryland,53091.0,313.73778009,2020,4,0,0,0.0,125.63167254130046,26.621469541936584,2020-04-01,0,169.22093343291368,0.0,0.0,192.2551854451497,26.73491806773844,0.0,0,0.00071307976,0
LR1002,Harper,Maryland,53091.0,313.73778009,2020,5,0,0,0.0,258.0979639689127,26.36915236950156,2020-05-01,0,169.22093343291368,0.0,0.0,125.63167254130046,26.621469541936584,0.0,1,0.0015871042,0
LR1002,Harper,Maryland,53091.0,313.73778009,2020,6,5,5,9.417792092821758,586.7453765869141,25.22565546974968,2020-06-01,1,169.22093343291368,0.0,0.0,258.0979639689127,26.36915236950156,0.0,1,0.95687985,1
LR1002,Harper,Maryland,53091.0,313.73778009,2020,7,13,13,24.48625944133657,76.28947321573895,24.095131550093267,2020-07-01,1,169.22093343291368,5.0,9.417792092821758,586.7453765869141,25.22565546974968,1.6666666666666667,1,0.9294624,1
LR1002,Harper,Maryland,53091.0,313.73778009,2020,8,4,4,7.534233674257408,67.50758202870686,23.792832575309923,2020-08-01,0,169.22093343291368,13.0,24.48625944133657,76.28947321573895,24.095131550093267,6.0,1,0.009753166,0
LR1002,Harper,Maryland,53091.0,313.73778009,2020,9,0,0,0.0,249.08649826049805,24.58037989672878,2020-09-01,0,169.22093343291368,4.0,7.534233674257408,67.50758202870686,23.792832575309923,7.333333333333333,1,0.002917475,0
LR1002,Harper,Maryland,53091.0,313.73778009,2020,10,0,0,0.0,465.1360905965169,25.327342286097497,2020-10-01,0,169.22093343291368,0.0,0.0,249.08649826049805,24.58037989672878,5.666666666666667,1,0.0028799921,0
LR1002,Harper,Maryland,53091.0,313.73778009,2020,11,0,0,0.0,322.43684132893884,25.53308858142612,2020-11-01,0,169.22093343291368,0.0,0.0,465.1360905965169,25.327342286097497,1.3333333333333333,0,0.0011500474,0
LR1002,Harper,Maryland,53091.0,313.73778009,2020,12,0,0,0.0,92.79975446065266,25.66590314830413,2020-12-01,0,169.22093343291368,0.0,0.0,322.43684132893884,25.53308858142612,0.0,0,0.00014840752,0
LR1002,Harper,Maryland,53091.0,313.73778009,2021,1,0,0,0.0,44.07941722869873,25.652355678488668,2021-01-01,0,169.22093343291368,0.0,0.0,92.79975446065266,25.66590314830413,0.0,0,0.00413971,0
LR1002,Harper,Maryland,53091.0,313.73778009,2021,2,0,0,0.0,89.40828450520833,26.353496703414063,2021-02-01,0,169.22093343291368,0.0,0.0,44.07941722869873,25.652355678488668,0.0,0,1.3375754e-05,0
LR1002,Harper,Maryland,53091.0,313.73778009,2021,3,1,1,1.883558418564352,74.4756368001302,25.93758286050856,2021-03-01,0,169.22093343291368,0.0,0.0,89.40828450520833,26.353496703414063,0.0,0,0.0004521751,0
LR1002,Harper,Maryland,53091.0,313.73778009,2021,4,0,0,0.0,107.0658384958903,26.34513110956912,2021-04-01,0,169.22093343291368,1.0,1.883558418564352,74.4756368001302,25.93758286050856,0.3333333333333333,0,3.397378e-05,0
LR1002,Harper,Maryland,53091.0,313.73778009,2021,5,0,0,0.0,172.03056844075522,26.201363741196225,2021-05-01,0,169.22093343291368,0.0,0.0,107.0658384958903,26.34513110956912,0.3333333333333333,1,0.0003137259,0
LR1002,Harper,Maryland,53091.0,313.73778009,2021,6,6,6,11.301350511386111,585.7073465983074,25.43312139057689,2021-06-01,1,169.22093343291368,0.0,0.0,172.03056844075522,26.201363741196225,0.3333333333333333,1,0.8609336,1
LR1002,Harper,Maryland,53091.0,313.73778009,2021,7,55,55,103.59571302103936,244.366138458252,24.429379128232465,2021-07-01,1,169.22093343291368,6.0,11.301350511386111,585.7073465983074,25.43312139057689,2.0,1,0.96785295,1
LR1002,Harper,Maryland,53091.0,313.73778009,2021,8,11,11,20.71914260420787,191.6301549275716,24.409847589474435,2021-08-01,1,169.22093343291368,55.0,103.59571302103936,244.366138458252,24.429379128232465,20.333333333333332,1,0.9369477,1
LR1002,Harper,Maryland,53091.0,313.73778009,2021,9,12,12,22.602701022772223,422.5503133138021,24.88289919318346,2021-09-01,1,169.22093343291368,11.0,20.71914260420787,191.6301549275716,24.409847589474435,24.0,1,0.9478271,1
LR1002,Harper,Maryland,53091.0,313.73778009,2021,10,2,2,3.767116837128704,302.9160181681316,25.584835956310645,2021-10-01,0,169.22093343291368,12.0,22.602701022772223,422.5503133138021,24.88289919318346,26.0,1,0.010635388,0
LR1002,Harper,Maryland,53091.0,313.73778009,2021,11,0,0,0.0,278.0828425089518,25.72200379670461,2021-11-01,0,169.22093343291368,2.0,3.767116837128704,302.9160181681316,25.584835956310645,8.333333333333334,0,0.004383718,0
LR1002,Harper,Maryland,53091.0,313.73778009,2021,12,4,4,7.534233674257408,109.41038004557292,25.885575144975096,2021-12-01,0,169.22093343291368,0.0,0.0,278.0828425089518,25.72200379670461,4.666666666666667,0,0.022869086,0
LR1002,Harper,Maryland,53091.0,313.73778009,2022,1,30,30,56.50675255693056,24.77225335439046,25.164624205609627,2022-01-01,1,169.22093343291368,4.0,7.534233674257408,109.41038004557292,25.885575144975096,2.0,0,0.94857734,1
LR1002,Harper,Maryland,53091.0,313.73778009,2022,2,0,0,0.0,84.93267758687337,26.15419179364655,2022-02-01,0,169.22093343291368,30.0,56.50675255693056,24.77225335439046,25.164624205609627,11.333333333333334,0,0.0021972551,0
LR1002,Harper,Maryland,53091.0,313.73778009,2022,3,0,0,0.0,118.94026120503744,26.214901898133323,2022-03-01,0,169.22093343291368,0.0,0.0,84.93267758687337,26.15419179364655,11.333333333333334,0,5.6807767e-05,0
LR1002,Harper,Maryland,53091.0,313.73778009,2022,4,0,0,0.0,155.8021659851074,26.31864674161815,2022-04-01,0,169.22093343291368,0.0,0.0,118.94026120503744,26.214901898133323,10.0,0,0.00070103304,0
LR1002,Harper,Maryland,53091.0,313.73778009,2022,5,0,0,0.0,206.0821622212728,25.98597126110356,2022-05-01,0,169.22093343291368,0.0,0.0,155.8021659851074,26.31864674161815,0.0,1,0.0015425627,0
LR1002,Harper,Maryland,53091.0,313.73778009,2022,6,1,1,1.883558418564352,665.2747802734376,25.17708339747944,2022-06-01,0,169.22093343291368,0.0,0.0,206.0821622212728,25.98597126110356,0.0,1,0.04517191,0
LR1002,Harper,Maryland,53091.0,313.73778009,2022,7,0,0,0.0,69.75761445363362,24.144950782764703,2022-07-01,0,169.22093343291368,1.0,1.883558418564352,665.2747802734376,25.17708339747944,0.3333333333333333,1,0.028631734,0
LR1002,Harper,Maryland,53091.0,313.73778009,2022,8,1,1,1.883558418564352,89.26767539978026,23.889795599560003,2022-08-01,0,169.22093343291368,0.0,0.0,69.75761445363362,24.144950782764703,0.3333333333333333,1,0.00014627136,0
LR1002,Harper,Maryland,53091.0,313.73778009,2022,9,0,0,0.0,314.0809834798177,24.35804442482975,2022-09-01,0,169.22093343291368,1.0,1.883558418564352,89.26767539978026,23.889795599560003,0.6666666666666666,1,0.0029388769,0
LR1002,Harper,Maryland,53091.0,313.73778009,2022,10,0,0,0.0,307.47314961751306,25.291792544345093,2022-10-01,0,169.22093343291368,0.0,0.0,314.0809834798177,24.35804442482975,0.3333333333333333,1,0.0015799858,0
LR1002,Harper,Maryland,53091.0,313.73778009,2022,11,0,0,0.0,365.1128514607747,25.255352175611,2022-11-01,0,169.22093343291368,0.0,0.0,307.47314961751306,25.291792544345093,0.3333333333333333,0,0.0021484494,0
LR1002,Harper,Maryland,53091.0,313.73778009,2022,12,0,0,0.0,153.84590911865234,25.16013352654652,2022-12-01,0,169.22093343291368,0.0,0.0,365.1128514607747,25.255352175611,0.0,0,6.1522805e-05,0
LR1002,Harper,Maryland,53091.0,313.73778009,2023,1,0,0,0.0,33.982048511505134,25.277429073140485,2023-01-01,0,169.22093343291368,0.0,0.0,153.84590911865234,25.16013352654652,0.0,0,0.014328887,0
LR1002,Harper,Maryland,53091.0,313.73778009,2023,2,0,0,0.0,67.09179433186848,26.438024572439577,2023-02-01,0,169.22093343291368,0.0,0.0,33.982048511505134,25.277429073140485,0.0,0,2.0668747e-05,0
LR1003,Karluway #1,Maryland,7391.0,335.66648995,2020,4,0,0,0.0,180.4544270833333,26.78176645132212,2020-04-01,0,22.018879516692127,0.0,0.0,358.14885457356775,26.695469196026146,0.0,0,0.00010619073,0
LR1003,Karluway #1,Maryland,7391.0,335.66648995,2020,5,0,0,0.0,279.5311559041341,26.498099693885216,2020-05-01,0,22.018879516692127,0.0,0.0,180.4544270833333,26.78176645132212,0.0,1,7.238116e-05,0
LR1003,Karluway #1,Maryland,7391.0,335.66648995,2020,6,0,0,0.0,491.2534154256185,25.24732472346379,2020-06-01,0,22.018879516692127,0.0,0.0,279.5311559041341,26.498099693885216,0.0,1,0.0008131291,0
LR1003,Karluway #1,Maryland,7391.0,335.66648995,2020,7,0,0,0.0,166.46301778157553,24.25546660790076,2020-07-01,0,22.018879516692127,0.0,0.0,491.2534154256185,25.24732472346379,0.0,1,0.00055535266,0
LR1003,Karluway #1,Maryland,7391.0,335.66648995,2020,8,1,1,13.529968881071571,83.23976389567056,24.01687387319712,2020-08-01,0,22.018879516692127,0.0,0.0,166.46301778157553,24.25546660790076,0.0,1,4.927182e-05,0
LR1003,Karluway #1,Maryland,7391.0,335.66648995,2020,9,0,0,0.0,266.2447433471679,24.71602117098295,2020-09-01,0,22.018879516692127,1.0,13.529968881071571,83.23976389567056,24.01687387319712,0.3333333333333333,1,0.0016470145,0
LR1003,Karluway #1,Maryland,7391.0,335.66648995,2020,10,0,0,0.0,500.9827245076498,25.5134403522198,2020-10-01,0,22.018879516692127,0.0,0.0,266.2447433471679,24.71602117098295,0.3333333333333333,1,0.00089582725,0
LR1003,Karluway #1,Maryland,7391.0,335.66648995,2020,11,0,0,0.0,312.5497360229492,25.829160543588493,2020-11-01,0,22.018879516692127,0.0,0.0,500.9827245076498,25.5134403522198,0.3333333333333333,0,4.5415665e-05,0
LR1003,Karluway #1,Maryland,7391.0,335.66648995,2020,12,0,0,0.0,117.71415328979492,25.976883228008564,2020-12-01,0,22.018879516692127,0.0,0.0,312.5497360229492,25.829160543588493,0.0,0,4.8011305e-05,0
LR1003,Karluway #1,Maryland,7391.0,335.66648995,2021,1,0,0,0.0,56.82525094350179,25.99020429757925,2021-01-01,0,22.018879516692127,0.0,0.0,117.71415328979492,25.976883228008564,0.0,0,1.094454e-05,0
LR1003,Karluway #1,Maryland,7391.0,335.66648995,2021,2,0,0,0.0,129.01885096232098,26.385425861065205,2021-02-01,0,22.018879516692127,0.0,0.0,56.82525094350179,25.99020429757925,0.0,0,1.3536779e-06,0
LR1003,Karluway #1,Maryland,7391.0,335.66648995,2021,3,0,0,0.0,219.14439646403,25.855624418992264,2021-03-01,0,22.018879516692127,0.0,0.0,129.01885096232098,26.385425861065205,0.0,0,4.1125317e-05,0
LR1003,Karluway #1,Maryland,7391.0,335.66648995,2021,4,0,0,0.0,168.54741668701172,26.450804930466862,2021-04-01,0,22.018879516692127,0.0,0.0,219.14439646403,25.855624418992264,0.0,0,0.00010112589,0
LR1003,Karluway #1,Maryland,7391.0,335.66648995,2021,5,0,0,0.0,200.9163195292155,26.381185384897083,2021-05-01,0,22.018879516692127,0.0,0.0,168.54741668701172,26.450804930466862,0.0,1,1.7851964e-05,0
LR1003,Karluway #1,Maryland,7391.0,335.66648995,2021,6,0,0,0.0,683.7076263427733,25.66796875,2021-06-01,0,22.018879516692127,0.0,0.0,200.9163195292155,26.381185384897083,0.0,1,4.443462e-05,0
LR1003,Karluway #1,Maryland,7391.0,335.66648995,2021,7,2,2,27.059937762143147,299.37130864461267,24.561870868389423,2021-07-01,0,22.018879516692127,0.0,0.0,683.7076263427733,25.66796875,0.0,1,0.012298394,0
LR1003,Karluway #1,Maryland,7391.0,335.66648995,2021,8,0,0,0.0,229.15074920654297,24.64813995361328,2021-08-01,0,22.018879516692127,2.0,27.059937762143147,299.37130864461267,24.561870868389423,0.6666666666666666,1,0.004641075,0
LR1003,Karluway #1,Maryland,7391.0,335.66648995,2021,9,0,0,0.0,383.9541295369466,25.18992291964017,2021-09-01,0,22.018879516692127,0.0,0.0,229.15074920654297,24.64813995361328,0.6666666666666666,1,0.00013825382,0
LR1003,Karluway #1,Maryland,7391.0,335.66648995,2021,10,0,0,0.0,353.265261332194,25.74675369262695,2021-10-01,0,22.018879516692127,0.0,0.0,383.9541295369466,25.18992291964017,0.6666666666666666,1,6.696434e-05,0
LR1003,Karluway #1,Maryland,7391.0,335.66648995,2021,11,0,0,0.0,242.75621287028,25.880290104792667,2021-11-01,0,22.018879516692127,0.0,0.0,353.265261332194,25.74675369262695,0.0,0,2.1026664e-05,0
LR1003,Karluway #1,Maryland,7391.0,335.66648995,2021,12,0,0,0.0,113.71328735351562,26.38106082035945,2021-12-01,0,22.018879516692127,0.0,0.0,242.75621287028,25.880290104792667,0.0,0,5.0073864e-05,0
LR1003,Karluway #1,Maryland,7391.0,335.66648995,2022,1,0,0,0.0,30.044407844543457,25.88700910714956,2022-01-01,0,22.018879516692127,0.0,0.0,113.71328735351562,26.38106082035945,0.0,0,0.00051200285,0
LR1003,Karluway #1,Maryland,7391.0,335.66648995,2022,2,0,0,0.0,83.11164792378744,26.30599770179161,2022-02-01,0,22.018879516692127,0.0,0.0,30.044407844543457,25.88700910714956,0.0,0,2.1193443e-06,0
LR1003,Karluway #1,Maryland,7391.0,335.66648995,2022,3,0,0,0.0,215.30512364705405,26.172509120060848,2022-03-01,0,22.018879516692127,0.0,0.0,83.11164792378744,26.30599770179161,0.0,0,1.3454139e-05,0
LR1003,Karluway #1,Maryland,7391.0,335.66648995,2022,4,0,0,0.0,222.40234247843424,26.365019724919247,2022-04-01,0,22.018879516692127,0.0,0.0,215.30512364705405,26.172509120060848,0.0,0,0.0006133713,0
LR1003,Karluway #1,Maryland,7391.0,335.66648995,2022,5,0,0,0.0,255.95171737670896,26.078134536743164,2022-05-01,0,22.018879516692127,0.0,0.0,222.40234247843424,26.365019724919247,0.0,1,0.0029950107,0
LR1003,Karluway #1,Maryland,7391.0,335.66648995,2022,6,0,0,0.0,697.1706644694011,25.29727818415715,2022-06-01,0,22.018879516692127,0.0,0.0,255.95171737670896,26.078134536743164,0.0,1,0.00052820944,0
LR1003,Karluway #1,Maryland,7391.0,335.66648995,2022,7,0,0,0.0,86.02717653910318,24.15155924283541,2022-07-01,0,22.018879516692127,0.0,0.0,697.1706644694011,25.29727818415715,0.0,1,0.00024821446,0
LR1003,Karluway #1,Maryland,7391.0,335.66648995,2022,8,0,0,0.0,143.44250424702963,24.03319270794208,2022-08-01,0,22.018879516692127,0.0,0.0,86.02717653910318,24.15155924283541,0.0,1,2.7494021e-05,0
LR1003,Karluway #1,Maryland,7391.0,335.66648995,2022,9,0,0,0.0,281.54748280843097,24.504875623262844,2022-09-01,0,22.018879516692127,0.0,0.0,143.44250424702963,24.03319270794208,0.0,1,0.0007324101,0
LR1003,Karluway #1,Maryland,7391.0,335.66648995,2022,10,0,0,0.0,356.9226608276367,25.58344268798828,2022-10-01,0,22.018879516692127,0.0,0.0,281.54748280843097,24.504875623262844,0.0,1,0.00014812237,0
LR1003,Karluway #1,Maryland,7391.0,335.66648995,2022,11,0,0,0.0,363.82733662923175,25.63676349933331,2022-11-01,0,22.018879516692127,0.0,0.0,356.9226608276367,25.58344268798828,0.0,0,7.224235e-05,0
LR1003,Karluway #1,Maryland,7391.0,335.66648995,2022,12,0,0,0.0,163.41053644816083,25.83880219092736,2022-12-01,0,22.018879516692127,0.0,0.0,363.82733662923175,25.63676349933331,0.0,0,5.1147596e-05,0
LR1003,Karluway #1,Maryland,7391.0,335.66648995,2023,1,0,0,0.0,54.696895599365234,25.79633155235877,2023-01-01,0,22.018879516692127,0.0,0.0,163.41053644816083,25.83880219092736,0.0,0,1.8589275e-05,0
LR1003,Karluway #1,Maryland,7391.0,335.66648995,2023,2,0,0,0.0,101.44088935852052,26.54376587500939,2023-02-01,0,22.018879516692127,0.0,0.0,54.696895599365234,25.79633155235877,0.0,0,1.3348917e-06,0
LR1004,Karluway #2,Maryland,11370.0,430.20693594,2020,4,0,0,0.0,156.38570949009485,26.95501635624812,2020-04-01,0,26.42914153663424,0.0,0.0,286.86505344935824,26.869935695941635,0.0,0,0.00087602175,0
LR1004,Karluway #2,Maryland,11370.0,430.20693594,2020,5,0,0,0.0,289.9090009416853,26.67039166964017,2020-05-01,0,26.42914153663424,0.0,0.0,156.38570949009485,26.95501635624812,0.0,1,5.7450456e-05,0
LR1004,Karluway #2,Maryland,11370.0,430.20693594,2020,6,0,0,0.0,589.6826346261159,25.40537878183218,2020-06-01,0,26.42914153663424,0.0,0.0,289.9090009416853,26.67039166964017,0.0,1,0.0016636834,0
LR1004,Karluway #2,Maryland,11370.0,430.20693594,2020,7,0,0,0.0,124.93149784633091,24.4120417374831,2020-07-01,0,26.42914153663424,0.0,0.0,589.6826346261159,25.40537878183218,0.0,1,0.009644272,0
LR1004,Karluway #2,Maryland,11370.0,430.20693594,2020,8,0,0,0.0,75.49646595546176,24.16811855022724,2020-08-01,0,26.42914153663424,0.0,0.0,124.93149784633091,24.4120417374831,0.0,1,0.0001384826,0
LR1004,Karluway #2,Maryland,11370.0,430.20693594,2020,9,0,0,0.0,236.89824785505024,24.825300510113056,2020-09-01,0,26.42914153663424,0.0,0.0,75.49646595546176,24.16811855022724,0.0,1,3.1556003e-05,0
LR1004,Karluway #2,Maryland,11370.0,430.20693594,2020,10,0,0,0.0,458.4111742292132,25.640772306002106,2020-10-01,0,26.42914153663424,0.0,0.0,236.89824785505024,24.825300510113056,0.0,1,3.0186347e-05,0
LR1004,Karluway #2,Maryland,11370.0,430.20693594,2020,11,0,0,0.0,337.4702192034041,25.97379258962778,2020-11-01,0,26.42914153663424,0.0,0.0,458.4111742292132,25.640772306002106,0.0,0,0.00012616032,0
LR1004,Karluway #2,Maryland,11370.0,430.20693594,2020,12,0,0,0.0,116.92410387311662,26.122213510366585,2020-12-01,0,26.42914153663424,0.0,0.0,337.4702192034041,25.97379258962778,0.0,0,0.0001463178,0
LR1004,Karluway #2,Maryland,11370.0,430.20693594,2021,1,0,0,0.0,56.02402932303293,26.161326921903168,2021-01-01,0,26.42914153663424,0.0,0.0,116.92410387311662,26.122213510366585,0.0,0,1.8971734e-05,0
LR1004,Karluway #2,Maryland,11370.0,430.20693594,2021,2,0,0,0.0,111.2666119166783,26.52454200157753,2021-02-01,0,26.42914153663424,0.0,0.0,56.02402932303293,26.161326921903168,0.0,0,1.6556668e-06,0
LR1004,Karluway #2,Maryland,11370.0,430.20693594,2021,3,0,0,0.0,143.61194665091378,26.00301038301908,2021-03-01,0,26.42914153663424,0.0,0.0,111.2666119166783,26.52454200157753,0.0,0,4.0090177e-05,0
LR1004,Karluway #2,Maryland,11370.0,430.20693594,2021,4,0,0,0.0,146.88788604736325,26.62849587660569,2021-04-01,0,26.42914153663424,0.0,0.0,143.61194665091378,26.00301038301908,0.0,0,7.4146737e-06,0
LR1004,Karluway #2,Maryland,11370.0,430.20693594,2021,5,0,0,0.0,192.3055779593332,26.55922742990347,2021-05-01,0,26.42914153663424,0.0,0.0,146.88788604736325,26.62849587660569,0.0,1,3.0290536e-05,0
LR1004,Karluway #2,Maryland,11370.0,430.20693594,2021,6,0,0,0.0,672.5697370256697,25.84570488562951,2021-06-01,0,26.42914153663424,0.0,0.0,192.3055779593332,26.55922742990347,0.0,1,6.676279e-05,0
LR1004,Karluway #2,Maryland,11370.0,430.20693594,2021,7,1,1,8.795074758135444,264.51037161690846,24.744898135845474,2021-07-01,0,26.42914153663424,0.0,0.0,672.5697370256697,25.84570488562951,0.0,1,0.008564082,0
LR1004,Karluway #2,Maryland,11370.0,430.20693594,2021,8,0,0,0.0,181.767441885812,24.813826194176308,2021-08-01,0,26.42914153663424,1.0,8.795074758135444,264.51037161690846,24.744898135845474,0.3333333333333333,1,0.0010340121,0
LR1004,Karluway #2,Maryland,11370.0,430.20693594,2021,9,0,0,0.0,360.1064126150949,25.323513764601486,2021-09-01,0,26.42914153663424,0.0,0.0,181.767441885812,24.813826194176308,0.3333333333333333,1,0.0005572596,0
LR1004,Karluway #2,Maryland,11370.0,430.20693594,2021,10,0,0,0.0,325.87066650390625,25.879670216487003,2021-10-01,0,26.42914153663424,0.0,0.0,360.1064126150949,25.323513764601486,0.3333333333333333,1,0.002779258,0
LR1004,Karluway #2,Maryland,11370.0,430.20693594,2021,11,0,0,0.0,262.83047376360213,26.019971554095925,2021-11-01,0,26.42914153663424,0.0,0.0,325.87066650390625,25.879670216487003,0.0,0,0.00021163437,0
LR1004,Karluway #2,Maryland,11370.0,430.20693594,2021,12,0,0,0.0,124.4435212271554,26.54287470304049,2021-12-01,0,26.42914153663424,0.0,0.0,262.83047376360213,26.019971554095925,0.0,0,3.5212674e-05,0
LR1004,Karluway #2,Maryland,11370.0,430.20693594,2022,1,0,0,0.0,31.47120148794992,26.137756641094505,2022-01-01,0,26.42914153663424,0.0,0.0,124.4435212271554,26.54287470304049,0.0,0,0.0032484902,0
LR1004,Karluway #2,Maryland,11370.0,430.20693594,2022,2,0,0,0.0,79.9436890738351,26.471794568575344,2022-02-01,0,26.42914153663424,0.0,0.0,31.47120148794992,26.137756641094505,0.0,0,1.6229978e-06,0
LR1004,Karluway #2,Maryland,11370.0,430.20693594,2022,3,0,0,0.0,167.0730492728097,26.315583889301006,2022-03-01,0,26.42914153663424,0.0,0.0,79.9436890738351,26.471794568575344,0.0,0,3.8855082e-06,0
LR1004,Karluway #2,Maryland,11370.0,430.20693594,2022,4,0,0,0.0,189.16540854317805,26.5335636138916,2022-04-01,0,26.42914153663424,0.0,0.0,167.0730492728097,26.315583889301006,0.0,0,5.890309e-06,0
LR1004,Karluway #2,Maryland,11370.0,430.20693594,2022,5,0,0,0.0,242.29930114746097,26.262399526742787,2022-05-01,0,26.42914153663424,0.0,0.0,189.16540854317805,26.5335636138916,0.0,1,0.00015957013,0
LR1004,Karluway #2,Maryland,11370.0,430.20693594,2022,6,0,0,0.0,689.1473737444196,25.466015889094425,2022-06-01,0,26.42914153663424,0.0,0.0,242.29930114746097,26.262399526742787,0.0,1,0.0005568845,0
LR1004,Karluway #2,Maryland,11370.0,430.20693594,2022,7,0,0,0.0,81.84646115984235,24.30931546137884,2022-07-01,0,26.42914153663424,0.0,0.0,689.1473737444196,25.466015889094425,0.0,1,0.009578312,0
LR1004,Karluway #2,Maryland,11370.0,430.20693594,2022,8,0,0,0.0,113.49442454746791,24.17011451721192,2022-08-01,0,26.42914153663424,0.0,0.0,81.84646115984235,24.30931546137884,0.0,1,5.828093e-05,0
LR1004,Karluway #2,Maryland,11370.0,430.20693594,2022,9,0,0,0.0,289.7367488316128,24.611107165996845,2022-09-01,0,26.42914153663424,0.0,0.0,113.49442454746791,24.17011451721192,0.0,1,0.0012457424,0
LR1004,Karluway #2,Maryland,11370.0,430.20693594,2022,10,0,0,0.0,313.2160143171038,25.70375178410457,2022-10-01,0,26.42914153663424,0.0,0.0,289.7367488316128,24.611107165996845,0.0,1,0.0014079269,0
LR1004,Karluway #2,Maryland,11370.0,430.20693594,2022,11,0,0,0.0,399.3054373604911,25.7857173039363,2022-11-01,0,26.42914153663424,0.0,0.0,313.2160143171038,25.70375178410457,0.0,0,0.00014958529,0
LR1004,Karluway #2,Maryland,11370.0,430.20693594,2022,12,0,0,0.0,170.3628365652902,26.038335653451767,2022-12-01,0,26.42914153663424,0.0,0.0,399.3054373604911,25.7857173039363,0.0,0,8.2257175e-05,0
LR1004,Karluway #2,Maryland,11370.0,430.20693594,2023,1,0,0,0.0,52.19099725995744,26.024966460007885,2023-01-01,0,26.42914153663424,0.0,0.0,170.3628365652902,26.038335653451767,0.0,0,8.2933984e-05,0
LR1004,Karluway #2,Maryland,11370.0,430.20693594,2023,2,0,0,0.0,94.43225261143276,26.70519256591797,2023-02-01,0,26.42914153663424,0.0,0.0,52.19099725995744,26.024966460007885,0.0,0,2.042602e-06,0
LR1005,Nyorken,Maryland,6658.0,199.28352801,2020,4,0,0,0.0,190.54610988071988,26.628893661499024,2020-04-01,0,33.4096855193466,0.0,0.0,364.73551286969865,26.56379089355469,0.0,0,0.0001463718,0
LR1005,Nyorken,Maryland,6658.0,199.28352801,2020,5,0,0,0.0,268.6936819893973,26.352125549316405,2020-05-01,0,33.4096855193466,0.0,0.0,190.54610988071988,26.628893661499024,0.0,1,0.0005945086,0
LR1005,Nyorken,Maryland,6658.0,199.28352801,2020,6,0,0,0.0,405.73746599469865,25.117150497436523,2020-06-01,0,33.4096855193466,0.0,0.0,268.6936819893973,26.352125549316405,0.0,1,0.0023177534,0
LR1005,Nyorken,Maryland,6658.0,199.28352801,2020,7,0,0,0.0,167.20209394182478,24.124594116210936,2020-07-01,0,33.4096855193466,0.0,0.0,405.73746599469865,25.117150497436523,0.0,1,0.0035988619,0
LR1005,Nyorken,Maryland,6658.0,199.28352801,2020,8,0,0,0.0,83.05005536760602,23.89941024780273,2020-08-01,0,33.4096855193466,0.0,0.0,167.20209394182478,24.124594116210936,0.0,1,6.747085e-05,0
LR1005,Nyorken,Maryland,6658.0,199.28352801,2020,9,0,0,0.0,404.4655238560268,24.623486328125,2020-09-01,0,33.4096855193466,0.0,0.0,83.05005536760602,23.89941024780273,0.0,1,0.0001225031,0
LR1005,Nyorken,Maryland,6658.0,199.28352801,2020,10,0,0,0.0,400.0913870675223,25.412984466552736,2020-10-01,0,33.4096855193466,0.0,0.0,404.4655238560268,24.623486328125,0.0,1,0.00045938473,0
LR1005,Nyorken,Maryland,6658.0,199.28352801,2020,11,0,0,0.0,255.3975786481585,25.715347671508788,2020-11-01,0,33.4096855193466,0.0,0.0,400.0913870675223,25.412984466552736,0.0,0,3.9062907e-05,0
LR1005,Nyorken,Maryland,6658.0,199.28352801,2020,12,0,0,0.0,107.37711879185268,25.858774185180664,2020-12-01,0,33.4096855193466,0.0,0.0,255.3975786481585,25.715347671508788,0.0,0,1.6683385e-05,0
LR1005,Nyorken,Maryland,6658.0,199.28352801,2021,1,0,0,0.0,54.319727761404856,25.84055366516113,2021-01-01,0,33.4096855193466,0.0,0.0,107.37711879185268,25.858774185180664,0.0,0,2.1332151e-05,0
LR1005,Nyorken,Maryland,6658.0,199.28352801,2021,2,0,0,0.0,140.54855782645092,26.269909286499026,2021-02-01,0,33.4096855193466,0.0,0.0,54.319727761404856,25.84055366516113,0.0,0,4.933327e-06,0
LR1005,Nyorken,Maryland,6658.0,199.28352801,2021,3,0,0,0.0,256.68425641741067,25.734223937988283,2021-03-01,0,33.4096855193466,0.0,0.0,140.54855782645092,26.269909286499026,0.0,0,1.631538e-05,0
LR1005,Nyorken,Maryland,6658.0,199.28352801,2021,4,0,0,0.0,166.5481719970703,26.30505714416504,2021-04-01,0,33.4096855193466,0.0,0.0,256.68425641741067,25.734223937988283,0.0,0,4.1612413e-05,0
LR1005,Nyorken,Maryland,6658.0,199.28352801,2021,5,0,0,0.0,203.99229431152344,26.23467559814453,2021-05-01,0,33.4096855193466,0.0,0.0,166.5481719970703,26.30505714416504,0.0,1,1.6564201e-05,0
LR1005,Nyorken,Maryland,6658.0,199.28352801,2021,6,0,0,0.0,515.5652422223773,25.525294876098634,2021-06-01,0,33.4096855193466,0.0,0.0,203.99229431152344,26.23467559814453,0.0,1,0.00069670624,0
LR1005,Nyorken,Maryland,6658.0,199.28352801,2021,7,2,2,30.0390507659958,305.9366629464286,24.40900268554688,2021-07-01,0,33.4096855193466,0.0,0.0,515.5652422223773,25.525294876098634,0.0,1,0.0061715357,0
LR1005,Nyorken,Maryland,6658.0,199.28352801,2021,8,0,0,0.0,271.3356628417968,24.512263107299805,2021-08-01,0,33.4096855193466,2.0,30.0390507659958,305.9366629464286,24.40900268554688,0.6666666666666666,1,0.003101458,0
LR1005,Nyorken,Maryland,6658.0,199.28352801,2021,9,0,0,0.0,431.0320042201451,25.062459182739257,2021-09-01,0,33.4096855193466,0.0,0.0,271.3356628417968,24.512263107299805,0.6666666666666666,1,0.0011451326,0
LR1005,Nyorken,Maryland,6658.0,199.28352801,2021,10,0,0,0.0,319.4684840611049,25.6424503326416,2021-10-01,0,33.4096855193466,0.0,0.0,431.0320042201451,25.062459182739257,0.6666666666666666,1,0.0002321291,0
LR1005,Nyorken,Maryland,6658.0,199.28352801,2021,11,0,0,0.0,177.49625069754464,25.77148284912109,2021-11-01,0,33.4096855193466,0.0,0.0,319.4684840611049,25.6424503326416,0.0,0,1.6363827e-05,0
LR1005,Nyorken,Maryland,6658.0,199.28352801,2021,12,0,0,0.0,91.7828674316406,26.24306144714356,2021-12-01,0,33.4096855193466,0.0,0.0,177.49625069754464,25.77148284912109,0.0,0,7.658988e-06,0
LR1005,Nyorken,Maryland,6658.0,199.28352801,2022,1,0,0,0.0,28.934188025338308,25.670557022094727,2022-01-01,0,33.4096855193466,0.0,0.0,91.7828674316406,26.24306144714356,0.0,0,9.4172836e-05,0
LR1005,Nyorken,Maryland,6658.0,199.28352801,2022,2,0,0,0.0,79.44449288504465,26.162258911132813,2022-02-01,0,33.4096855193466,0.0,0.0,28.934188025338308,25.670557022094727,0.0,0,2.4879407e-06,0
LR1005,Nyorken,Maryland,6658.0,199.28352801,2022,3,0,0,0.0,239.33475603376115,26.042943954467773,2022-03-01,0,33.4096855193466,0.0,0.0,79.44449288504465,26.162258911132813,0.0,0,1.1447753e-05,0
LR1005,Nyorken,Maryland,6658.0,199.28352801,2022,4,0,0,0.0,229.0504586356027,26.227263259887696,2022-04-01,0,33.4096855193466,0.0,0.0,239.33475603376115,26.042943954467773,0.0,0,0.00032541258,0
LR1005,Nyorken,Maryland,6658.0,199.28352801,2022,5,0,0,0.0,262.19923182896207,25.932062530517577,2022-05-01,0,33.4096855193466,0.0,0.0,229.0504586356027,26.227263259887696,0.0,1,0.00019875079,0
LR1005,Nyorken,Maryland,6658.0,199.28352801,2022,6,0,0,0.0,531.7821480887277,25.16097526550293,2022-06-01,0,33.4096855193466,0.0,0.0,262.19923182896207,25.932062530517577,0.0,1,0.00040814662,0
LR1005,Nyorken,Maryland,6658.0,199.28352801,2022,7,0,0,0.0,66.43467603410994,24.029743576049803,2022-07-01,0,33.4096855193466,0.0,0.0,531.7821480887277,25.16097526550293,0.0,1,0.0016210481,0
LR1005,Nyorken,Maryland,6658.0,199.28352801,2022,8,0,0,0.0,165.86236572265625,23.91374130249024,2022-08-01,0,33.4096855193466,0.0,0.0,66.43467603410994,24.029743576049803,0.0,1,2.2405995e-05,0
LR1005,Nyorken,Maryland,6658.0,199.28352801,2022,9,0,0,0.0,286.8614981515067,24.403874969482423,2022-09-01,0,33.4096855193466,0.0,0.0,165.86236572265625,23.91374130249024,0.0,1,0.00010535921,0
LR1005,Nyorken,Maryland,6658.0,199.28352801,2022,10,0,0,0.0,348.0814775739397,25.474378967285155,2022-10-01,0,33.4096855193466,0.0,0.0,286.8614981515067,24.403874969482423,0.0,1,0.0012907997,0
LR1005,Nyorken,Maryland,6658.0,199.28352801,2022,11,0,0,0.0,287.7203194754464,25.51840209960937,2022-11-01,0,33.4096855193466,0.0,0.0,348.0814775739397,25.474378967285155,0.0,0,0.00013594025,0
LR1005,Nyorken,Maryland,6658.0,199.28352801,2022,12,0,0,0.0,124.91717856270928,25.65285758972168,2022-12-01,0,33.4096855193466,0.0,0.0,287.7203194754464,25.51840209960937,0.0,0,2.8767352e-05,0
LR1005,Nyorken,Maryland,6658.0,199.28352801,2023,1,0,0,0.0,55.19993318830218,25.64267501831055,2023-01-01,0,33.4096855193466,0.0,0.0,124.91717856270928,25.65285758972168,0.0,0,4.291854e-05,0
LR1005,Nyorken,Maryland,6658.0,199.28352801,2023,2,0,0,0.0,95.47946058000838,26.43831825256348,2023-02-01,0,33.4096855193466,0.0,0.0,55.19993318830218,25.64267501831055,0.0,0,2.0055124e-06,0
LR1006,Pleebo/Sodoken,Maryland,85287.0,456.0000555,2020,4,1,1,1.172511637177999,140.26277923583984,27.14582608540853,2020-04-01,0,187.03287197297283,0.0,0.0,226.9929475784301,27.063821156819664,0.0,0,0.0009105075,0
LR1006,Pleebo/Sodoken,Maryland,85287.0,456.0000555,2020,5,0,0,0.0,279.2940483093262,26.85746192932129,2020-05-01,0,187.03287197297283,1.0,1.172511637177999,140.26277923583984,27.14582608540853,0.5,1,0.008617393,0
LR1006,Pleebo/Sodoken,Maryland,85287.0,456.0000555,2020,6,0,0,0.0,593.6049499511718,25.57245140075684,2020-06-01,0,187.03287197297283,0.0,0.0,279.2940483093262,26.85746192932129,0.3333333333333333,1,0.12965426,0
LR1006,Pleebo/Sodoken,Maryland,85287.0,456.0000555,2020,7,6,6,7.035069823067994,110.4878249168396,24.57737642923991,2020-07-01,1,187.03287197297283,0.0,0.0,593.6049499511718,25.57245140075684,0.3333333333333333,1,0.89169765,1
LR1006,Pleebo/Sodoken,Maryland,85287.0,456.0000555,2020,8,2,2,2.345023274355998,68.86414432525635,24.329505666097003,2020-08-01,0,187.03287197297283,6.0,7.035069823067994,110.4878249168396,24.57737642923991,2.0,1,0.047657534,0
LR1006,Pleebo/Sodoken,Maryland,85287.0,456.0000555,2020,9,0,0,0.0,225.67308521270752,24.93876342773437,2020-09-01,0,187.03287197297283,2.0,2.345023274355998,68.86414432525635,24.329505666097003,2.6666666666666665,1,0.00061973766,0
LR1006,Pleebo/Sodoken,Maryland,85287.0,456.0000555,2020,10,0,0,0.0,513.1726665496826,25.77684199015299,2020-10-01,0,187.03287197297283,0.0,0.0,225.67308521270752,24.93876342773437,2.6666666666666665,1,0.00022207687,0
LR1006,Pleebo/Sodoken,Maryland,85287.0,456.0000555,2020,11,0,0,0.0,362.55147171020513,26.13142484029134,2020-11-01,0,187.03287197297283,0.0,0.0,513.1726665496826,25.77684199015299,0.6666666666666666,0,0.0008315559,0
LR1006,Pleebo/Sodoken,Maryland,85287.0,456.0000555,2020,12,1,1,1.172511637177999,108.42242240905762,26.28360341389974,2020-12-01,0,187.03287197297283,0.0,0.0,362.55147171020513,26.13142484029134,0.0,0,0.00015877908,0
LR1006,Pleebo/Sodoken,Maryland,85287.0,456.0000555,2021,1,0,0,0.0,53.65727400779725,26.35097045898437,2021-01-01,0,187.03287197297283,1.0,1.172511637177999,108.42242240905762,26.28360341389974,0.3333333333333333,0,0.00226852,0
LR1006,Pleebo/Sodoken,Maryland,85287.0,456.0000555,2021,2,0,0,0.0,91.693377494812,26.674525324503584,2021-02-01,0,187.03287197297283,0.0,0.0,53.65727400779725,26.35097045898437,0.3333333333333333,0,4.5947e-05,0
LR1006,Pleebo/Sodoken,Maryland,85287.0,456.0000555,2021,3,0,0,0.0,96.473979473114,26.161927541097004,2021-03-01,0,187.03287197297283,0.0,0.0,91.693377494812,26.674525324503584,0.3333333333333333,0,0.0006814061,0
LR1006,Pleebo/Sodoken,Maryland,85287.0,456.0000555,2021,4,0,0,0.0,123.3861527442932,26.823171742757165,2021-04-01,0,187.03287197297283,0.0,0.0,96.473979473114,26.161927541097004,0.0,0,9.26366e-05,0
LR1006,Pleebo/Sodoken,Maryland,85287.0,456.0000555,2021,5,0,0,0.0,178.00213432312012,26.753820927937827,2021-05-01,0,187.03287197297283,0.0,0.0,123.3861527442932,26.823171742757165,0.0,1,0.00054503034,0
LR1006,Pleebo/Sodoken,Maryland,85287.0,456.0000555,2021,6,0,0,0.0,630.037971496582,26.041026178995768,2021-06-01,0,187.03287197297283,0.0,0.0,178.00213432312012,26.753820927937827,0.0,1,0.01064933,0
LR1006,Pleebo/Sodoken,Maryland,85287.0,456.0000555,2021,7,38,38,44.55544221276397,301.39046669006353,24.940493647257483,2021-07-01,1,187.03287197297283,0.0,0.0,630.037971496582,26.041026178995768,0.0,1,0.8610699,1
LR1006,Pleebo/Sodoken,Maryland,85287.0,456.0000555,2021,8,1,1,1.172511637177999,168.98656654357907,24.990422185262045,2021-08-01,0,187.03287197297283,38.0,44.55544221276397,301.39046669006353,24.940493647257483,12.666666666666666,1,0.025180029,0
LR1006,Pleebo/Sodoken,Maryland,85287.0,456.0000555,2021,9,4,4,4.690046548711996,431.27071380615234,25.46649716695149,2021-09-01,0,187.03287197297283,1.0,1.172511637177999,168.98656654357907,24.990422185262045,13.0,1,0.035133716,0
LR1006,Pleebo/Sodoken,Maryland,85287.0,456.0000555,2021,10,4,4,4.690046548711996,336.01125526428217,26.0191588083903,2021-10-01,0,187.03287197297283,4.0,4.690046548711996,431.27071380615234,25.46649716695149,14.333333333333334,1,0.0012904991,0
LR1006,Pleebo/Sodoken,Maryland,85287.0,456.0000555,2021,11,0,0,0.0,294.57302665710444,26.171031697591147,2021-11-01,0,187.03287197297283,4.0,4.690046548711996,336.01125526428217,26.0191588083903,3.0,0,0.04180974,0
LR1006,Pleebo/Sodoken,Maryland,85287.0,456.0000555,2021,12,59,59,69.17818659350193,131.11797094345096,26.723069381713863,2021-12-01,1,187.03287197297283,0.0,0.0,294.57302665710444,26.171031697591147,2.6666666666666665,0,0.8173898,1
LR1006,Pleebo/Sodoken,Maryland,85287.0,456.0000555,2022,1,88,88,103.18102407166393,31.195688486099243,26.42170550028484,2022-01-01,1,187.03287197297283,59.0,69.17818659350193,131.11797094345096,26.723069381713863,21.0,0,0.98544496,1
LR1006,Pleebo/Sodoken,Maryland,85287.0,456.0000555,2022,2,0,0,0.0,88.1519284248352,26.654387919108075,2022-02-01,0,187.03287197297283,88.0,103.18102407166393,31.195688486099243,26.42170550028484,49.0,0,0.058793932,0
LR1006,Pleebo/Sodoken,Maryland,85287.0,456.0000555,2022,3,0,0,0.0,141.09702014923096,26.46680679321289,2022-03-01,0,187.03287197297283,0.0,0.0,88.1519284248352,26.654387919108075,49.0,0,0.0003105261,0
LR1006,Pleebo/Sodoken,Maryland,85287.0,456.0000555,2022,4,0,0,0.0,166.25119686126706,26.71522331237793,2022-04-01,0,187.03287197297283,0.0,0.0,141.09702014923096,26.46680679321289,29.333333333333332,0,0.0016637634,0
LR1006,Pleebo/Sodoken,Maryland,85287.0,456.0000555,2022,5,0,0,0.0,225.5296335220337,26.46384239196777,2022-05-01,0,187.03287197297283,0.0,0.0,166.25119686126706,26.71522331237793,0.0,1,0.004499127,0
LR1006,Pleebo/Sodoken,Maryland,85287.0,456.0000555,2022,6,0,0,0.0,685.3848266601562,25.647350056966143,2022-06-01,0,187.03287197297283,0.0,0.0,225.5296335220337,26.46384239196777,0.0,1,0.013282883,0
LR1006,Pleebo/Sodoken,Maryland,85287.0,456.0000555,2022,7,1,1,1.172511637177999,86.48171329498291,24.473867670694982,2022-07-01,0,187.03287197297283,0.0,0.0,685.3848266601562,25.647350056966143,0.0,1,0.029906565,0
LR1006,Pleebo/Sodoken,Maryland,85287.0,456.0000555,2022,8,0,0,0.0,101.4570164680481,24.31253318786621,2022-08-01,0,187.03287197297283,1.0,1.172511637177999,86.48171329498291,24.473867670694982,0.3333333333333333,1,2.7988273e-05,0
LR1006,Pleebo/Sodoken,Maryland,85287.0,456.0000555,2022,9,0,0,0.0,296.0712299346923,24.716038894653323,2022-09-01,0,187.03287197297283,0.0,0.0,101.4570164680481,24.31253318786621,0.3333333333333333,1,0.002040376,0
LR1006,Pleebo/Sodoken,Maryland,85287.0,456.0000555,2022,10,0,0,0.0,347.42592430114746,25.83034121195476,2022-10-01,0,187.03287197297283,0.0,0.0,296.0712299346923,24.716038894653323,0.3333333333333333,1,0.002384524,0
LR1006,Pleebo/Sodoken,Maryland,85287.0,456.0000555,2022,11,0,0,0.0,438.7169742584228,25.95229962666829,2022-11-01,0,187.03287197297283,0.0,0.0,347.42592430114746,25.83034121195476,0.0,0,0.01154765,0
LR1006,Pleebo/Sodoken,Maryland,85287.0,456.0000555,2022,12,0,0,0.0,162.5576677322388,26.26381912231445,2022-12-01,0,187.03287197297283,0.0,0.0,438.7169742584228,25.95229962666829,0.0,0,3.794758e-05,0
LR1006,Pleebo/Sodoken,Maryland,85287.0,456.0000555,2023,1,0,0,0.0,43.32810306549072,26.287128448486328,2023-01-01,0,187.03287197297283,0.0,0.0,162.5576677322388,26.26381912231445,0.0,0,0.013603798,0
LR1006,Pleebo/Sodoken,Maryland,85287.0,456.0000555,2023,2,0,0,0.0,79.36180639266968,26.887506103515623,2023-02-01,0,187.03287197297283,0.0,0.0,43.32810306549072,26.287128448486328,0.0,0,2.4585175e-05,0
LR1007,Whojah,Maryland,4424.0,207.72130187,2020,4,0,0,0.0,175.8349494934082,26.63473456246512,2020-04-01,0,21.297767538394833,0.0,0.0,316.5717124938965,26.59001350402832,0.0,0,7.50923e-05,0
LR1007,Whojah,Maryland,4424.0,207.72130187,2020,5,0,0,0.0,294.3388214111328,26.333821160452707,2020-05-01,0,21.297767538394833,0.0,0.0,175.8349494934082,26.63473456246512,0.0,1,6.2808045e-05,0
LR1007,Whojah,Maryland,4424.0,207.72130187,2020,6,0,0,0.0,458.7892456054687,25.08234977722168,2020-06-01,0,21.297767538394833,0.0,0.0,294.3388214111328,26.333821160452707,0.0,1,0.0012246438,0
LR1007,Whojah,Maryland,4424.0,207.72130187,2020,7,0,0,0.0,175.30165100097656,24.100700650896343,2020-07-01,0,21.297767538394833,0.0,0.0,458.7892456054687,25.08234977722168,0.0,1,0.00017490836,0
LR1007,Whojah,Maryland,4424.0,207.72130187,2020,8,0,0,0.0,76.1110782623291,23.911641257149835,2020-08-01,0,21.297767538394833,0.0,0.0,175.30165100097656,24.100700650896343,0.0,1,7.11638e-05,0
LR1007,Whojah,Maryland,4424.0,207.72130187,2020,9,0,0,0.0,338.8463134765625,24.609926223754883,2020-09-01,0,21.297767538394833,0.0,0.0,76.1110782623291,23.911641257149835,0.0,1,0.00022443349,0
LR1007,Whojah,Maryland,4424.0,207.72130187,2020,10,0,0,0.0,450.0455703735352,25.413957595825195,2020-10-01,0,21.297767538394833,0.0,0.0,338.8463134765625,24.609926223754883,0.0,1,0.00030463276,0
LR1007,Whojah,Maryland,4424.0,207.72130187,2020,11,0,0,0.0,271.4740867614746,25.70602880205427,2020-11-01,0,21.297767538394833,0.0,0.0,450.0455703735352,25.413957595825195,0.0,0,3.835568e-05,0
LR1007,Whojah,Maryland,4424.0,207.72130187,2020,12,0,0,0.0,114.51646137237547,25.863913944789346,2020-12-01,0,21.297767538394833,0.0,0.0,271.4740867614746,25.70602880205427,0.0,0,2.826592e-05,0
LR1007,Whojah,Maryland,4424.0,207.72130187,2021,1,0,0,0.0,56.70007801055908,25.85305186680385,2021-01-01,0,21.297767538394833,0.0,0.0,114.51646137237547,25.863913944789346,0.0,0,2.2308006e-05,0
LR1007,Whojah,Maryland,4424.0,207.72130187,2021,2,0,0,0.0,139.9462270736694,26.28673117501395,2021-02-01,0,21.297767538394833,0.0,0.0,56.70007801055908,25.85305186680385,0.0,0,3.2836813e-06,0
LR1007,Whojah,Maryland,4424.0,207.72130187,2021,3,0,0,0.0,222.5038452148437,25.732626233782085,2021-03-01,0,21.297767538394833,0.0,0.0,139.9462270736694,26.28673117501395,0.0,0,2.6339676e-05,0
LR1007,Whojah,Maryland,4424.0,207.72130187,2021,4,0,0,0.0,157.4463958740234,26.3075602395194,2021-04-01,0,21.297767538394833,0.0,0.0,222.5038452148437,25.732626233782085,0.0,0,8.155999e-05,0
LR1007,Whojah,Maryland,4424.0,207.72130187,2021,5,0,0,0.0,220.63621139526367,26.2332147870745,2021-05-01,0,21.297767538394833,0.0,0.0,157.4463958740234,26.3075602395194,0.0,1,3.939229e-05,0
LR1007,Whojah,Maryland,4424.0,207.72130187,2021,6,0,0,0.0,582.5435256958008,25.52771459306989,2021-06-01,0,21.297767538394833,0.0,0.0,220.63621139526367,26.2332147870745,0.0,1,0.002313576,0
LR1007,Whojah,Maryland,4424.0,207.72130187,2021,7,0,0,0.0,308.53912353515625,24.388839176722936,2021-07-01,0,21.297767538394833,0.0,0.0,582.5435256958008,25.52771459306989,0.0,1,0.0017091248,0
LR1007,Whojah,Maryland,4424.0,207.72130187,2021,8,0,0,0.0,267.1676597595215,24.50402804783413,2021-08-01,0,21.297767538394833,0.0,0.0,308.53912353515625,24.388839176722936,0.0,1,0.053750265,0
LR1007,Whojah,Maryland,4424.0,207.72130187,2021,9,0,0,0.0,419.79091262817377,25.035258974347794,2021-09-01,0,21.297767538394833,0.0,0.0,267.1676597595215,24.50402804783413,0.0,1,0.00035615923,0
LR1007,Whojah,Maryland,4424.0,207.72130187,2021,10,0,0,0.0,333.75558471679693,25.63890375409808,2021-10-01,0,21.297767538394833,0.0,0.0,419.79091262817377,25.035258974347794,0.0,1,8.3451145e-05,0
LR1007,Whojah,Maryland,4424.0,207.72130187,2021,11,0,0,0.0,188.9344425201416,25.77729061671665,2021-11-01,0,21.297767538394833,0.0,0.0,333.75558471679693,25.63890375409808,0.0,0,6.7881825e-05,0
LR1007,Whojah,Maryland,4424.0,207.72130187,2021,12,0,0,0.0,101.10184669494627,26.27015658787319,2021-12-01,0,21.297767538394833,0.0,0.0,188.9344425201416,25.77729061671665,0.0,0,8.03285e-06,0
LR1007,Whojah,Maryland,4424.0,207.72130187,2022,1,0,0,0.0,33.29595351219177,25.752192361014227,2022-01-01,0,21.297767538394833,0.0,0.0,101.10184669494627,26.27015658787319,0.0,0,8.917825e-05,0
LR1007,Whojah,Maryland,4424.0,207.72130187,2022,2,0,0,0.0,81.90642642974854,26.171932220458988,2022-02-01,0,21.297767538394833,0.0,0.0,33.29595351219177,25.752192361014227,0.0,0,1.6893333e-06,0
LR1007,Whojah,Maryland,4424.0,207.72130187,2022,3,0,0,0.0,212.46697425842285,26.00876726422992,2022-03-01,0,21.297767538394833,0.0,0.0,81.90642642974854,26.171932220458988,0.0,0,2.5575146e-05,0
LR1007,Whojah,Maryland,4424.0,207.72130187,2022,4,0,0,0.0,203.1345386505127,26.237457547869,2022-04-01,0,21.297767538394833,0.0,0.0,212.46697425842285,26.00876726422992,0.0,0,5.4841345e-05,0
LR1007,Whojah,Maryland,4424.0,207.72130187,2022,5,0,0,0.0,289.5538024902344,25.932100840977263,2022-05-01,0,21.297767538394833,0.0,0.0,203.1345386505127,26.237457547869,0.0,1,2.5292964e-05,0
LR1007,Whojah,Maryland,4424.0,207.72130187,2022,6,0,0,0.0,654.4239196777343,25.14713559831892,2022-06-01,0,21.297767538394833,0.0,0.0,289.5538024902344,25.932100840977263,0.0,1,0.00014631126,0
LR1007,Whojah,Maryland,4424.0,207.72130187,2022,7,0,0,0.0,71.04250621795654,23.999789919172013,2022-07-01,0,21.297767538394833,0.0,0.0,654.4239196777343,25.14713559831892,0.0,1,0.00014607706,0
LR1007,Whojah,Maryland,4424.0,207.72130187,2022,8,0,0,0.0,154.41414833068848,23.89288684300013,2022-08-01,0,21.297767538394833,0.0,0.0,71.04250621795654,23.999789919172013,0.0,1,1.528273e-05,0
LR1007,Whojah,Maryland,4424.0,207.72130187,2022,9,0,0,0.0,305.049373626709,24.37687601361956,2022-09-01,0,21.297767538394833,0.0,0.0,154.41414833068848,23.89288684300013,0.0,1,0.00038665824,0
LR1007,Whojah,Maryland,4424.0,207.72130187,2022,10,0,0,0.0,356.08838653564453,25.45964595249721,2022-10-01,0,21.297767538394833,0.0,0.0,305.049373626709,24.37687601361956,0.0,1,0.0002945258,0
LR1007,Whojah,Maryland,4424.0,207.72130187,2022,11,0,0,0.0,297.05931472778315,25.541203090122767,2022-11-01,0,21.297767538394833,0.0,0.0,356.08838653564453,25.45964595249721,0.0,0,0.00011777604,0
LR1007,Whojah,Maryland,4424.0,207.72130187,2022,12,0,0,0.0,130.80967903137207,25.69516672406878,2022-12-01,0,21.297767538394833,0.0,0.0,297.05931472778315,25.541203090122767,0.0,0,0.00034329557,0
LR1007,Whojah,Maryland,4424.0,207.72130187,2023,1,0,0,0.0,53.68699932098389,25.820955004010884,2023-01-01,0,21.297767538394833,0.0,0.0,130.80967903137207,25.69516672406878,0.0,0,3.536107e-05,0
LR1007,Whojah,Maryland,4424.0,207.72130187,2023,2,0,0,0.0,88.05456447601318,26.542225973946707,2023-02-01,0,21.297767538394833,0.0,0.0,53.68699932098389,25.820955004010884,0.0,0,2.1620042e-06,0
LR1101,Careysburg,Montserrado,55284.0,342.90433395,2020,4,0,0,0.0,211.4046223958333,27.648139190673827,2020-04-01,0,161.22280918170352,0.0,0.0,131.74525366889105,27.61479072570801,0.0,0,0.04428509,0
LR1101,Careysburg,Montserrado,55284.0,342.90433395,2020,5,0,0,0.0,289.6950581868489,27.27482166290284,2020-05-01,0,161.22280918170352,0.0,0.0,211.4046223958333,27.648139190673827,0.0,1,0.019311422,0
LR1101,Careysburg,Montserrado,55284.0,342.90433395,2020,6,3,3,5.426524853483829,470.74925401475696,26.037942886352543,2020-06-01,0,161.22280918170352,0.0,0.0,289.6950581868489,27.27482166290284,0.0,1,0.088290885,0
LR1101,Careysburg,Montserrado,55284.0,342.90433395,2020,7,2,2,3.617683235655886,406.2132364908854,24.914828872680665,2020-07-01,0,161.22280918170352,3.0,5.426524853483829,470.74925401475696,26.037942886352543,1.0,1,0.05781286,0
LR1101,Careysburg,Montserrado,55284.0,342.90433395,2020,8,0,0,0.0,446.5563151041667,24.44068565368653,2020-08-01,0,161.22280918170352,2.0,3.617683235655886,406.2132364908854,24.914828872680665,1.6666666666666667,1,0.024901269,0
LR1101,Careysburg,Montserrado,55284.0,342.90433395,2020,9,0,0,0.0,453.1001213921441,25.185773849487305,2020-09-01,0,161.22280918170352,0.0,0.0,446.5563151041667,24.44068565368653,1.6666666666666667,1,0.005866896,0
LR1101,Careysburg,Montserrado,55284.0,342.90433395,2020,10,0,0,0.0,282.084469265408,25.98285121917725,2020-10-01,0,161.22280918170352,0.0,0.0,453.1001213921441,25.185773849487305,0.6666666666666666,1,0.0001918836,0
LR1101,Careysburg,Montserrado,55284.0,342.90433395,2020,11,1,1,1.808841617827943,113.8951153225369,26.2343376159668,2020-11-01,0,161.22280918170352,0.0,0.0,282.084469265408,25.98285121917725,0.0,0,0.0002437752,0
LR1101,Careysburg,Montserrado,55284.0,342.90433395,2020,12,0,0,0.0,83.5625974867079,26.5596269607544,2020-12-01,0,161.22280918170352,1.0,1.808841617827943,113.8951153225369,26.2343376159668,0.3333333333333333,0,0.00036154196,0
LR1101,Careysburg,Montserrado,55284.0,342.90433395,2021,1,0,0,0.0,33.80445226033529,26.775034141540527,2021-01-01,0,161.22280918170352,0.0,0.0,83.5625974867079,26.5596269607544,0.3333333333333333,0,0.0002799741,0
LR1101,Careysburg,Montserrado,55284.0,342.90433395,2021,2,0,0,0.0,96.92870585123698,27.326762771606447,2021-02-01,0,161.22280918170352,0.0,0.0,33.80445226033529,26.775034141540527,0.3333333333333333,0,5.6113808e-05,0
LR1101,Careysburg,Montserrado,55284.0,342.90433395,2021,3,1,1,1.808841617827943,136.89823489718967,26.856084251403807,2021-03-01,0,161.22280918170352,0.0,0.0,96.92870585123698,27.326762771606447,0.0,0,3.1585358e-05,0
LR1101,Careysburg,Montserrado,55284.0,342.90433395,2021,4,0,0,0.0,151.26462131076389,27.2730806350708,2021-04-01,0,161.22280918170352,1.0,1.808841617827943,136.89823489718967,26.856084251403807,0.3333333333333333,0,0.0008751979,0
LR1101,Careysburg,Montserrado,55284.0,342.90433395,2021,5,0,0,0.0,303.5413072374132,26.8952880859375,2021-05-01,0,161.22280918170352,0.0,0.0,151.26462131076389,27.2730806350708,0.3333333333333333,1,0.002302714,0
LR1101,Careysburg,Montserrado,55284.0,342.90433395,2021,6,6,6,10.853049706967658,563.4335801866321,26.114429664611816,2021-06-01,1,161.22280918170352,0.0,0.0,303.5413072374132,26.8952880859375,0.3333333333333333,1,0.9934755,1
LR1101,Careysburg,Montserrado,55284.0,342.90433395,2021,7,10,10,18.08841617827943,384.4242824978298,25.193556785583496,2021-07-01,1,161.22280918170352,6.0,10.853049706967658,563.4335801866321,26.114429664611816,2.0,1,0.9132381,1
LR1101,Careysburg,Montserrado,55284.0,342.90433395,2021,8,0,0,0.0,663.2294040256076,25.102959060668944,2021-08-01,0,161.22280918170352,10.0,18.08841617827943,384.4242824978298,25.193556785583496,5.333333333333333,1,0.004188202,0
LR1101,Careysburg,Montserrado,55284.0,342.90433395,2021,9,0,0,0.0,526.005615234375,25.459375572204586,2021-09-01,0,161.22280918170352,0.0,0.0,663.2294040256076,25.102959060668944,5.333333333333333,1,0.00262009,0
LR1101,Careysburg,Montserrado,55284.0,342.90433395,2021,10,0,0,0.0,302.1681179470486,26.23785266876221,2021-10-01,0,161.22280918170352,0.0,0.0,526.005615234375,25.459375572204586,3.3333333333333335,1,0.0008353039,0
LR1101,Careysburg,Montserrado,55284.0,342.90433395,2021,11,0,0,0.0,139.9597863091363,26.472145080566406,2021-11-01,0,161.22280918170352,0.0,0.0,302.1681179470486,26.23785266876221,0.0,0,0.0022709277,0
LR1101,Careysburg,Montserrado,55284.0,342.90433395,2021,12,2,2,3.617683235655886,41.97973378499349,26.85905838012696,2021-12-01,0,161.22280918170352,0.0,0.0,139.9597863091363,26.472145080566406,0.0,0,0.05777243,0
LR1101,Careysburg,Montserrado,55284.0,342.90433395,2022,1,2,2,3.617683235655886,12.085940996805826,26.431257629394533,2022-01-01,0,161.22280918170352,2.0,3.617683235655886,41.97973378499349,26.85905838012696,0.6666666666666666,0,0.0030277343,0
LR1101,Careysburg,Montserrado,55284.0,342.90433395,2022,2,1,1,1.808841617827943,57.70431476169162,27.213491058349607,2022-02-01,0,161.22280918170352,2.0,3.617683235655886,12.085940996805826,26.431257629394533,1.3333333333333333,0,0.00015452006,0
LR1101,Careysburg,Montserrado,55284.0,342.90433395,2022,3,0,0,0.0,87.25613657633464,26.94924144744873,2022-03-01,0,161.22280918170352,1.0,1.808841617827943,57.70431476169162,27.213491058349607,1.6666666666666667,0,8.776372e-05,0
LR1101,Careysburg,Montserrado,55284.0,342.90433395,2022,4,0,0,0.0,157.21946885850696,27.047005271911623,2022-04-01,0,161.22280918170352,0.0,0.0,87.25613657633464,26.94924144744873,1.0,0,0.000106789455,0
LR1101,Careysburg,Montserrado,55284.0,342.90433395,2022,5,0,0,0.0,247.3868170844184,26.72891674041748,2022-05-01,0,161.22280918170352,0.0,0.0,157.21946885850696,27.047005271911623,0.3333333333333333,1,0.0016343895,0
LR1101,Careysburg,Montserrado,55284.0,342.90433395,2022,6,0,0,0.0,572.3741522894966,25.96006774902344,2022-06-01,0,161.22280918170352,0.0,0.0,247.3868170844184,26.72891674041748,0.0,1,0.014766859,0
LR1101,Careysburg,Montserrado,55284.0,342.90433395,2022,7,0,0,0.0,238.7322998046875,24.94556369781494,2022-07-01,0,161.22280918170352,0.0,0.0,572.3741522894966,25.96006774902344,0.0,1,0.03300457,0
LR1101,Careysburg,Montserrado,55284.0,342.90433395,2022,8,0,0,0.0,469.2164476182726,24.62568397521973,2022-08-01,0,161.22280918170352,0.0,0.0,238.7322998046875,24.94556369781494,0.0,1,0.00039467702,0
LR1101,Careysburg,Montserrado,55284.0,342.90433395,2022,9,0,0,0.0,571.57275390625,25.001583862304688,2022-09-01,0,161.22280918170352,0.0,0.0,469.2164476182726,24.62568397521973,0.0,1,0.00035179997,0
LR1101,Careysburg,Montserrado,55284.0,342.90433395,2022,10,0,0,0.0,353.1584913465712,25.84873123168945,2022-10-01,0,161.22280918170352,0.0,0.0,571.57275390625,25.001583862304688,0.0,1,0.00020471976,0
LR1101,Careysburg,Montserrado,55284.0,342.90433395,2022,11,0,0,0.0,115.2422620985243,25.98953533172608,2022-11-01,0,161.22280918170352,0.0,0.0,353.1584913465712,25.84873123168945,0.0,0,0.00057743234,0
LR1101,Careysburg,Montserrado,55284.0,342.90433395,2022,12,1,1,1.808841617827943,57.14804246690538,26.17298259735108,2022-12-01,0,161.22280918170352,0.0,0.0,115.2422620985243,25.98953533172608,0.0,0,0.00026400568,0
LR1101,Careysburg,Montserrado,55284.0,342.90433395,2023,1,0,0,0.0,12.311706966824,26.29589958190918,2023-01-01,0,161.22280918170352,1.0,1.808841617827943,57.14804246690538,26.17298259735108,0.3333333333333333,0,0.0025215633,0
LR1101,Careysburg,Montserrado,55284.0,342.90433395,2023,2,3,3,5.426524853483829,22.25673633151584,27.20390491485596,2023-02-01,0,161.22280918170352,0.0,0.0,12.311706966824,26.29589958190918,0.3333333333333333,0,0.00018191108,0
LR1102,Commonwealth 1,Montserrado,138984.0,98.49111009,2020,4,2,2,1.4390145628273758,208.417470296224,27.68128929138184,2020-04-01,0,1411.1324349273561,0.0,0.0,130.83065287272134,27.638297653198244,0.0,0,0.167338,0
LR1102,Commonwealth 1,Montserrado,138984.0,98.49111009,2020,5,2,2,1.4390145628273758,318.82061767578125,27.33108901977539,2020-05-01,0,1411.1324349273561,2.0,1.4390145628273758,208.417470296224,27.68128929138184,1.0,1,0.06035937,0
LR1102,Commonwealth 1,Montserrado,138984.0,98.49111009,2020,6,6,6,4.317043688482127,577.2786254882812,26.121575164794923,2020-06-01,1,1411.1324349273561,2.0,1.4390145628273758,318.82061767578125,27.33108901977539,1.3333333333333333,1,0.9834078,1
LR1102,Commonwealth 1,Montserrado,138984.0,98.49111009,2020,7,5,5,3.5975364070684392,448.28783162434894,25.007894897460936,2020-07-01,1,1411.1324349273561,6.0,4.317043688482127,577.2786254882812,26.121575164794923,3.3333333333333335,1,0.93517715,1
LR1102,Commonwealth 1,Montserrado,138984.0,98.49111009,2020,8,3,3,2.158521844241064,382.2394409179688,24.534060287475587,2020-08-01,0,1411.1324349273561,5.0,3.5975364070684392,448.28783162434894,25.007894897460936,4.333333333333333,1,0.07392721,0
LR1102,Commonwealth 1,Montserrado,138984.0,98.49111009,2020,9,1,1,0.7195072814136879,492.00148518880206,25.258001708984374,2020-09-01,0,1411.1324349273561,3.0,2.158521844241064,382.2394409179688,24.534060287475587,4.666666666666667,1,0.012471294,0
LR1102,Commonwealth 1,Montserrado,138984.0,98.49111009,2020,10,0,0,0.0,338.93116251627606,26.051615524292,2020-10-01,0,1411.1324349273561,1.0,0.7195072814136879,492.00148518880206,25.258001708984374,3.0,1,0.003151814,0
LR1102,Commonwealth 1,Montserrado,138984.0,98.49111009,2020,11,2,2,1.4390145628273758,133.4433797200521,26.296953201293945,2020-11-01,0,1411.1324349273561,0.0,0.0,338.93116251627606,26.051615524292,1.3333333333333333,0,0.0012950961,0
LR1102,Commonwealth 1,Montserrado,138984.0,98.49111009,2020,12,3,3,2.158521844241064,99.09944915771484,26.603648376464843,2020-12-01,0,1411.1324349273561,2.0,1.4390145628273758,133.4433797200521,26.296953201293945,1.0,0,0.00055739534,0
LR1102,Commonwealth 1,Montserrado,138984.0,98.49111009,2021,1,2,2,1.4390145628273758,41.91955693562826,26.82091522216797,2021-01-01,0,1411.1324349273561,3.0,2.158521844241064,99.09944915771484,26.603648376464843,1.6666666666666667,0,0.06189852,0
LR1102,Commonwealth 1,Montserrado,138984.0,98.49111009,2021,2,2,2,1.4390145628273758,100.20186360677084,27.34835319519043,2021-02-01,0,1411.1324349273561,2.0,1.4390145628273758,41.91955693562826,26.82091522216797,2.3333333333333335,0,0.000124486,0
LR1102,Commonwealth 1,Montserrado,138984.0,98.49111009,2021,3,0,0,0.0,129.20315806070963,26.8804428100586,2021-03-01,0,1411.1324349273561,2.0,1.4390145628273758,100.20186360677084,27.34835319519043,2.3333333333333335,0,0.00036948887,0
LR1102,Commonwealth 1,Montserrado,138984.0,98.49111009,2021,4,0,0,0.0,147.28994750976562,27.318174362182617,2021-04-01,0,1411.1324349273561,0.0,0.0,129.20315806070963,26.8804428100586,1.3333333333333333,0,0.00458374,0
LR1102,Commonwealth 1,Montserrado,138984.0,98.49111009,2021,5,1,1,0.7195072814136879,326.37774658203125,26.970437240600585,2021-05-01,0,1411.1324349273561,0.0,0.0,147.28994750976562,27.318174362182617,0.6666666666666666,1,0.011400762,0
LR1102,Commonwealth 1,Montserrado,138984.0,98.49111009,2021,6,40,40,28.78029125654752,733.4952799479166,26.195323181152343,2021-06-01,1,1411.1324349273561,1.0,0.7195072814136879,326.37774658203125,26.970437240600585,0.3333333333333333,1,0.9183768,1
LR1102,Commonwealth 1,Montserrado,138984.0,98.49111009,2021,7,17,17,12.231623784032694,445.7371012369792,25.288619232177734,2021-07-01,1,1411.1324349273561,40.0,28.78029125654752,733.4952799479166,26.195323181152343,13.666666666666666,1,0.98996174,1
LR1102,Commonwealth 1,Montserrado,138984.0,98.49111009,2021,8,0,0,0.0,610.3893432617188,25.200080108642577,2021-08-01,0,1411.1324349273561,17.0,12.231623784032694,445.7371012369792,25.288619232177734,19.333333333333332,1,0.003992441,0
LR1102,Commonwealth 1,Montserrado,138984.0,98.49111009,2021,9,0,0,0.0,520.6392923990885,25.539931106567384,2021-09-01,0,1411.1324349273561,0.0,0.0,610.3893432617188,25.200080108642577,19.0,1,0.004126856,0
LR1102,Commonwealth 1,Montserrado,138984.0,98.49111009,2021,10,0,0,0.0,394.52777099609375,26.31683616638184,2021-10-01,0,1411.1324349273561,0.0,0.0,520.6392923990885,25.539931106567384,5.666666666666667,1,0.00083863956,0
LR1102,Commonwealth 1,Montserrado,138984.0,98.49111009,2021,11,0,0,0.0,150.3145548502604,26.536629104614256,2021-11-01,0,1411.1324349273561,0.0,0.0,394.52777099609375,26.31683616638184,0.0,0,0.0023082935,0
LR1102,Commonwealth 1,Montserrado,138984.0,98.49111009,2021,12,12,12,8.634087376964255,47.96355183919271,26.926323699951173,2021-12-01,1,1411.1324349273561,0.0,0.0,150.3145548502604,26.536629104614256,0.0,0,0.8096347,1
LR1102,Commonwealth 1,Montserrado,138984.0,98.49111009,2022,1,9,9,6.475565532723191,14.549113273620604,26.52458457946777,2022-01-01,1,1411.1324349273561,12.0,8.634087376964255,47.96355183919271,26.926323699951173,4.0,0,0.97063017,1
LR1102,Commonwealth 1,Montserrado,138984.0,98.49111009,2022,2,2,2,1.4390145628273758,52.04418563842773,27.23607101440429,2022-02-01,0,1411.1324349273561,9.0,6.475565532723191,14.549113273620604,26.52458457946777,7.0,0,0.025963767,0
LR1102,Commonwealth 1,Montserrado,138984.0,98.49111009,2022,3,0,0,0.0,80.01757303873698,26.966132354736327,2022-03-01,0,1411.1324349273561,2.0,1.4390145628273758,52.04418563842773,27.23607101440429,7.666666666666667,0,0.00011318235,0
LR1102,Commonwealth 1,Montserrado,138984.0,98.49111009,2022,4,0,0,0.0,143.28400675455728,27.09011993408204,2022-04-01,0,1411.1324349273561,0.0,0.0,80.01757303873698,26.966132354736327,3.6666666666666665,0,0.0034771152,0
LR1102,Commonwealth 1,Montserrado,138984.0,98.49111009,2022,5,1,1,0.7195072814136879,267.0328776041667,26.805292510986327,2022-05-01,0,1411.1324349273561,0.0,0.0,143.28400675455728,27.09011993408204,0.6666666666666666,1,0.0113439085,0
LR1102,Commonwealth 1,Montserrado,138984.0,98.49111009,2022,6,1,1,0.7195072814136879,704.4443155924479,26.04428024291992,2022-06-01,0,1411.1324349273561,1.0,0.7195072814136879,267.0328776041667,26.805292510986327,0.3333333333333333,1,0.093544714,0
LR1102,Commonwealth 1,Montserrado,138984.0,98.49111009,2022,7,0,0,0.0,300.9502868652344,25.035220336914065,2022-07-01,0,1411.1324349273561,1.0,0.7195072814136879,704.4443155924479,26.04428024291992,0.6666666666666666,1,0.011303577,0
LR1102,Commonwealth 1,Montserrado,138984.0,98.49111009,2022,8,8,8,5.756058251309503,436.9652608235677,24.711796951293945,2022-08-01,1,1411.1324349273561,0.0,0.0,300.9502868652344,25.035220336914065,0.6666666666666666,1,0.93585205,1
LR1102,Commonwealth 1,Montserrado,138984.0,98.49111009,2022,9,0,0,0.0,600.8043619791666,25.084800720214844,2022-09-01,0,1411.1324349273561,8.0,5.756058251309503,436.9652608235677,24.711796951293945,3.0,1,0.004236589,0
LR1102,Commonwealth 1,Montserrado,138984.0,98.49111009,2022,10,2,2,1.4390145628273758,406.183349609375,25.90995635986328,2022-10-01,0,1411.1324349273561,0.0,0.0,600.8043619791666,25.084800720214844,2.6666666666666665,1,0.0023901034,0
LR1102,Commonwealth 1,Montserrado,138984.0,98.49111009,2022,11,2,2,1.4390145628273758,125.49041748046876,26.051615524292,2022-11-01,0,1411.1324349273561,2.0,1.4390145628273758,406.183349609375,25.90995635986328,3.3333333333333335,0,0.0022683816,0
LR1102,Commonwealth 1,Montserrado,138984.0,98.49111009,2022,12,0,0,0.0,64.75568771362305,26.253693771362304,2022-12-01,0,1411.1324349273561,2.0,1.4390145628273758,125.49041748046876,26.051615524292,1.3333333333333333,0,0.0022371707,0
LR1102,Commonwealth 1,Montserrado,138984.0,98.49111009,2023,1,0,0,0.0,13.951372782389322,26.36322326660156,2023-01-01,0,1411.1324349273561,0.0,0.0,64.75568771362305,26.253693771362304,1.3333333333333333,0,0.0016431739,0
LR1102,Commonwealth 1,Montserrado,138984.0,98.49111009,2023,2,0,0,0.0,22.306989669799805,27.19968566894532,2023-02-01,0,1411.1324349273561,0.0,0.0,13.951372782389322,26.36322326660156,0.6666666666666666,0,0.00035850308,0
LR1103,Greater Monrovia,Montserrado,1504952.0,226.21162436,2020,4,129,129,8.571701954613836,197.19650050571985,27.75842666625977,2020-04-01,1,6652.849977351181,6.0,0.3986838118425039,127.138669695173,27.708969933646067,6.0,0,0.9685136,1
LR1103,Greater Monrovia,Montserrado,1504952.0,226.21162436,2020,5,114,114,7.574992425007575,334.43975830078125,27.472636359078543,2020-05-01,1,6652.849977351181,129.0,8.571701954613836,197.19650050571985,27.75842666625977,67.5,1,0.99922705,1
LR1103,Greater Monrovia,Montserrado,1504952.0,226.21162436,2020,6,365,365,24.253265220418992,754.4740862165178,26.346141270228795,2020-06-01,1,6652.849977351181,114.0,7.574992425007575,334.43975830078125,27.472636359078543,83.0,1,0.99942064,1
LR1103,Greater Monrovia,Montserrado,1504952.0,226.21162436,2020,7,150,150,9.9670952960626,520.1984165736607,25.2537716456822,2020-07-01,1,6652.849977351181,365.0,24.253265220418992,754.4740862165178,26.346141270228795,202.66666666666666,1,0.99932647,1
LR1103,Greater Monrovia,Montserrado,1504952.0,226.21162436,2020,8,55,55,3.654601608556286,355.9456263950893,24.7857723236084,2020-08-01,1,6652.849977351181,150.0,9.9670952960626,520.1984165736607,25.2537716456822,209.66666666666666,1,0.99757797,1
LR1103,Greater Monrovia,Montserrado,1504952.0,226.21162436,2020,9,13,13,0.8638149256587586,551.3790108816964,25.4522146497454,2020-09-01,1,6652.849977351181,55.0,3.654601608556286,355.9456263950893,24.7857723236084,190.0,1,0.9778202,1
LR1103,Greater Monrovia,Montserrado,1504952.0,226.21162436,2020,10,65,65,4.319074628293793,385.72507149832586,26.240218571254186,2020-10-01,1,6652.849977351181,13.0,0.8638149256587586,551.3790108816964,25.4522146497454,72.66666666666667,1,0.9641759,1
LR1103,Greater Monrovia,Montserrado,1504952.0,226.21162436,2020,11,180,180,11.960514355275118,142.74395969935827,26.457906723022464,2020-11-01,1,6652.849977351181,65.0,4.319074628293793,385.72507149832586,26.240218571254186,44.333333333333336,0,0.97317874,1
LR1103,Greater Monrovia,Montserrado,1504952.0,226.21162436,2020,12,184,184,12.22630356317012,99.89686693464006,26.704539162772043,2020-12-01,1,6652.849977351181,180.0,11.960514355275118,142.74395969935827,26.457906723022464,86.0,0,0.9940825,1
LR1103,Greater Monrovia,Montserrado,1504952.0,226.21162436,2021,1,75,75,4.9835476480313,46.62638364519391,26.92523765563965,2021-01-01,1,6652.849977351181,184.0,12.22630356317012,99.89686693464006,26.704539162772043,143.0,0,0.99952865,1
LR1103,Greater Monrovia,Montserrado,1504952.0,226.21162436,2021,2,54,54,3.588154306582535,110.17804064069476,27.41062218802316,2021-02-01,1,6652.849977351181,75.0,4.9835476480313,46.62638364519391,26.92523765563965,146.33333333333334,0,0.9962142,1
LR1103,Greater Monrovia,Montserrado,1504952.0,226.21162436,2021,3,32,32,2.126313663160021,129.47259630475725,26.93132836478097,2021-03-01,1,6652.849977351181,54.0,3.588154306582535,110.17804064069476,27.41062218802316,104.33333333333333,0,0.9989858,1
LR1103,Greater Monrovia,Montserrado,1504952.0,226.21162436,2021,4,42,42,2.790786682897528,128.75890132359095,27.416603088378903,2021-04-01,1,6652.849977351181,32.0,2.126313663160021,129.47259630475725,26.93132836478097,53.666666666666664,0,0.99742436,1
LR1103,Greater Monrovia,Montserrado,1504952.0,226.21162436,2021,5,97,97,6.445388291453814,347.64371599469865,27.17566217694964,2021-05-01,1,6652.849977351181,42.0,2.790786682897528,128.75890132359095,27.416603088378903,42.666666666666664,1,0.99872893,1
LR1103,Greater Monrovia,Montserrado,1504952.0,226.21162436,2021,6,1643,1643,109.17291714287232,891.8074079241072,26.41165651593889,2021-06-01,1,6652.849977351181,97.0,6.445388291453814,347.64371599469865,27.17566217694964,57.0,1,0.9985935,1
LR1103,Greater Monrovia,Montserrado,1504952.0,226.21162436,2021,7,785,785,52.16113204939426,514.9405953543527,25.54605293273925,2021-07-01,1,6652.849977351181,1643.0,109.17291714287232,891.8074079241072,26.41165651593889,594.0,1,0.9986866,1
LR1103,Greater Monrovia,Montserrado,1504952.0,226.21162436,2021,8,66,66,4.385521930267543,581.2171805245536,25.46780940464565,2021-08-01,1,6652.849977351181,785.0,52.16113204939426,514.9405953543527,25.54605293273925,841.6666666666666,1,0.97384894,1
LR1103,Greater Monrovia,Montserrado,1504952.0,226.21162436,2021,9,24,24,1.5947352473700158,601.1757114955358,25.75817516871861,2021-09-01,1,6652.849977351181,66.0,4.385521930267543,581.2171805245536,25.46780940464565,831.3333333333334,1,0.9820753,1
LR1103,Greater Monrovia,Montserrado,1504952.0,226.21162436,2021,10,7,7,0.4651311138162546,471.0703299386161,26.52747290475028,2021-10-01,1,6652.849977351181,24.0,1.5947352473700158,601.1757114955358,25.75817516871861,291.6666666666667,1,0.9944237,1
LR1103,Greater Monrovia,Montserrado,1504952.0,226.21162436,2021,11,4,4,0.2657892078950026,145.97091238839286,26.70992088317871,2021-11-01,0,6652.849977351181,7.0,0.4651311138162546,471.0703299386161,26.52747290475028,32.333333333333336,0,0.11894718,0
LR1103,Greater Monrovia,Montserrado,1504952.0,226.21162436,2021,12,765,765,50.832186009919255,55.7430054800851,27.1002437046596,2021-12-01,1,6652.849977351181,4.0,0.2657892078950026,145.97091238839286,26.70992088317871,11.666666666666666,0,0.95053464,1
LR1103,Greater Monrovia,Montserrado,1504952.0,226.21162436,2022,1,249,249,16.545378191463914,18.583520889282223,26.76886367797852,2022-01-01,1,6652.849977351181,765.0,50.832186009919255,55.7430054800851,27.1002437046596,258.6666666666667,0,0.982926,1
LR1103,Greater Monrovia,Montserrado,1504952.0,226.21162436,2022,2,34,34,2.2592082671075224,52.1813839503697,27.30765397208077,2022-02-01,1,6652.849977351181,249.0,16.545378191463914,18.583520889282223,26.76886367797852,339.3333333333333,0,0.9888361,1
LR1103,Greater Monrovia,Montserrado,1504952.0,226.21162436,2022,3,7,7,0.4651311138162546,72.7625961303711,27.01733125959124,2022-03-01,1,6652.849977351181,34.0,2.2592082671075224,52.1813839503697,27.30765397208077,349.3333333333333,0,0.98950493,1
LR1103,Greater Monrovia,Montserrado,1504952.0,226.21162436,2022,4,34,34,2.2592082671075224,128.73640986851285,27.215406690325057,2022-04-01,1,6652.849977351181,7.0,0.4651311138162546,72.7625961303711,27.01733125959124,96.66666666666667,0,0.9171447,1
LR1103,Greater Monrovia,Montserrado,1504952.0,226.21162436,2022,5,17,17,1.1296041335537612,310.7322344098772,27.007669448852543,2022-05-01,1,6652.849977351181,34.0,2.2592082671075224,128.73640986851285,27.215406690325057,25.0,1,0.98950654,1
LR1103,Greater Monrovia,Montserrado,1504952.0,226.21162436,2022,6,38,38,2.524997475002525,815.2744140625,26.2645686013358,2022-06-01,1,6652.849977351181,17.0,1.1296041335537612,310.7322344098772,27.007669448852543,19.333333333333332,1,0.99813616,1
LR1103,Greater Monrovia,Montserrado,1504952.0,226.21162436,2022,7,42,42,2.790786682897528,299.003413609096,25.2781799861363,2022-07-01,1,6652.849977351181,38.0,2.524997475002525,815.2744140625,26.2645686013358,29.666666666666668,1,0.98343015,1
LR1103,Greater Monrovia,Montserrado,1504952.0,226.21162436,2022,8,251,251,16.678272795411413,398.8551330566406,24.945372445242747,2022-08-01,1,6652.849977351181,42.0,2.790786682897528,299.003413609096,25.2781799861363,32.333333333333336,1,0.9980642,1
LR1103,Greater Monrovia,Montserrado,1504952.0,226.21162436,2022,9,36,36,2.392102871055024,687.1496233258929,25.31192398071289,2022-09-01,1,6652.849977351181,251.0,16.678272795411413,398.8551330566406,24.945372445242747,110.33333333333333,1,0.9665866,1
LR1103,Greater Monrovia,Montserrado,1504952.0,226.21162436,2022,10,15,15,0.99670952960626,485.8692016601562,26.078484671456472,2022-10-01,1,6652.849977351181,36.0,2.392102871055024,687.1496233258929,25.31192398071289,109.66666666666667,1,0.9962132,1
LR1103,Greater Monrovia,Montserrado,1504952.0,226.21162436,2022,11,33,33,2.1927609651337714,135.1028060913086,26.210742133004324,2022-11-01,1,6652.849977351181,15.0,0.99670952960626,485.8692016601562,26.078484671456472,100.66666666666667,0,0.9119169,1
LR1103,Greater Monrovia,Montserrado,1504952.0,226.21162436,2022,12,6,6,0.3986838118425039,66.55654525756836,26.45836012704032,2022-12-01,1,6652.849977351181,33.0,2.1927609651337714,135.1028060913086,26.210742133004324,28.0,0,0.98935914,1
LR1103,Greater Monrovia,Montserrado,1504952.0,226.21162436,2023,1,2,2,0.1328946039475013,14.801616668701172,26.56651360648019,2023-01-01,0,6652.849977351181,6.0,0.3986838118425039,66.55654525756836,26.45836012704032,18.0,0,0.07803527,0
LR1103,Greater Monrovia,Montserrado,1504952.0,226.21162436,2023,2,2,2,0.1328946039475013,22.974926812308176,27.21365901402065,2023-02-01,0,6652.849977351181,2.0,0.1328946039475013,14.801616668701172,26.56651360648019,13.666666666666666,0,0.0027442859,0
LR1104,St. Paul River,Montserrado,172384.0,452.47806399,2020,4,7,7,4.060701689251903,209.0461569393383,27.62657696860177,2020-04-01,1,380.9775848135033,0.0,0.0,122.52954325956456,27.58184909820557,0.0,0,0.7119094,1
LR1104,St. Paul River,Montserrado,172384.0,452.47806399,2020,5,4,4,2.320400965286802,306.5584591136259,27.296021597726007,2020-05-01,0,380.9775848135033,7.0,4.060701689251903,209.0461569393383,27.62657696860177,3.5,1,0.07600819,0
LR1104,St. Paul River,Montserrado,172384.0,452.47806399,2020,6,12,12,6.9612028958604055,559.0687040441176,26.11037308829172,2020-06-01,1,380.9775848135033,4.0,2.320400965286802,306.5584591136259,27.296021597726007,3.6666666666666665,1,0.98276985,1
LR1104,St. Paul River,Montserrado,172384.0,452.47806399,2020,7,3,3,1.7403007239651014,486.2459232105928,24.995876720973424,2020-07-01,0,380.9775848135033,12.0,6.9612028958604055,559.0687040441176,26.11037308829172,7.666666666666667,1,0.07343854,0
LR1104,St. Paul River,Montserrado,172384.0,452.47806399,2020,8,5,5,2.900501206608502,358.97957296932447,24.52483149937221,2020-08-01,1,380.9775848135033,3.0,1.7403007239651014,486.2459232105928,24.995876720973424,6.333333333333333,1,0.9063006,1
LR1104,St. Paul River,Montserrado,172384.0,452.47806399,2020,9,0,0,0.0,448.3465845444623,25.249557358878,2020-09-01,0,380.9775848135033,5.0,2.900501206608502,358.97957296932447,24.52483149937221,6.666666666666667,1,0.024263863,0
LR1104,St. Paul River,Montserrado,172384.0,452.47806399,2020,10,3,3,1.7403007239651014,322.9642603257123,26.03513390677316,2020-10-01,0,380.9775848135033,0.0,0.0,448.3465845444623,25.249557358878,2.6666666666666665,1,0.00065035676,0
LR1104,St. Paul River,Montserrado,172384.0,452.47806399,2020,11,4,4,2.320400965286802,132.8624357335708,26.28113733019148,2020-11-01,0,380.9775848135033,3.0,1.7403007239651014,322.9642603257123,26.03513390677316,2.6666666666666665,0,0.02854337,0
LR1104,St. Paul River,Montserrado,172384.0,452.47806399,2020,12,3,3,1.7403007239651014,82.79238667207605,26.57075391496931,2020-12-01,0,380.9775848135033,4.0,2.320400965286802,132.8624357335708,26.28113733019148,2.3333333333333335,0,0.014185296,0
LR1104,St. Paul River,Montserrado,172384.0,452.47806399,2021,1,3,3,1.7403007239651014,35.85922207551843,26.760332107543945,2021-01-01,0,380.9775848135033,3.0,1.7403007239651014,82.79238667207605,26.57075391496931,3.3333333333333335,0,0.010770749,0
LR1104,St. Paul River,Montserrado,172384.0,452.47806399,2021,2,3,3,1.7403007239651014,95.2375052956974,27.27556160518101,2021-02-01,0,380.9775848135033,3.0,1.7403007239651014,35.85922207551843,26.760332107543945,3.3333333333333335,0,0.0040292386,0
LR1104,St. Paul River,Montserrado,172384.0,452.47806399,2021,3,0,0,0.0,123.9834307502298,26.838469096592497,2021-03-01,0,380.9775848135033,3.0,1.7403007239651014,95.2375052956974,27.27556160518101,3.0,0,0.0063247336,0
LR1104,St. Paul River,Montserrado,172384.0,452.47806399,2021,4,1,1,0.5801002413217005,139.50014450970815,27.288170678274973,2021-04-01,0,380.9775848135033,0.0,0.0,123.9834307502298,26.838469096592497,2.0,0,0.0049678423,0
LR1104,St. Paul River,Montserrado,172384.0,452.47806399,2021,5,4,4,2.320400965286802,305.70453957950366,26.95680400303432,2021-05-01,0,380.9775848135033,1.0,0.5801002413217005,139.50014450970815,27.288170678274973,1.3333333333333333,1,0.01669465,0
LR1104,St. Paul River,Montserrado,172384.0,452.47806399,2021,6,98,98,56.84982364952664,696.8152573529412,26.185129165649418,2021-06-01,1,380.9775848135033,4.0,2.320400965286802,305.70453957950366,26.95680400303432,1.6666666666666667,1,0.97539866,1
LR1104,St. Paul River,Montserrado,172384.0,452.47806399,2021,7,40,40,23.204009652868017,529.9808565027572,25.276533535548623,2021-07-01,1,380.9775848135033,98.0,56.84982364952664,696.8152573529412,26.185129165649418,34.333333333333336,1,0.98116744,1
LR1104,St. Paul River,Montserrado,172384.0,452.47806399,2021,8,2,2,1.160200482643401,586.8839434455423,25.18135738372803,2021-08-01,0,380.9775848135033,40.0,23.204009652868017,529.9808565027572,25.276533535548623,47.333333333333336,1,0.04359201,0
LR1104,St. Paul River,Montserrado,172384.0,452.47806399,2021,9,0,0,0.0,527.0671350815717,25.52648748670305,2021-09-01,0,380.9775848135033,2.0,1.160200482643401,586.8839434455423,25.18135738372803,46.666666666666664,1,0.007808907,0
LR1104,St. Paul River,Montserrado,172384.0,452.47806399,2021,10,0,0,0.0,359.58017147288604,26.30733735220773,2021-10-01,0,380.9775848135033,0.0,0.0,527.0671350815717,25.52648748670305,14.0,1,0.001171804,0
LR1104,St. Paul River,Montserrado,172384.0,452.47806399,2021,11,0,0,0.0,140.41211835075828,26.51835250854492,2021-11-01,0,380.9775848135033,0.0,0.0,359.58017147288604,26.30733735220773,0.6666666666666666,0,0.0020185441,0
LR1104,St. Paul River,Montserrado,172384.0,452.47806399,2021,12,40,40,23.204009652868017,44.38907466215246,26.891694886343817,2021-12-01,1,380.9775848135033,0.0,0.0,140.41211835075828,26.51835250854492,0.0,0,0.82800686,1
LR1104,St. Paul River,Montserrado,172384.0,452.47806399,2022,1,20,20,11.602004826434008,13.636310857885022,26.458501815795906,2022-01-01,1,380.9775848135033,40.0,23.204009652868017,44.38907466215246,26.891694886343817,13.333333333333334,0,0.98628473,1
LR1104,St. Paul River,Montserrado,172384.0,452.47806399,2022,2,2,2,1.160200482643401,50.76574886546416,27.15179225376674,2022-02-01,0,380.9775848135033,20.0,11.602004826434008,13.636310857885022,26.458501815795906,20.0,0,0.039309394,0
LR1104,St. Paul River,Montserrado,172384.0,452.47806399,2022,3,0,0,0.0,76.05981535070082,26.911997931344168,2022-03-01,0,380.9775848135033,2.0,1.160200482643401,50.76574886546416,27.15179225376674,20.666666666666668,0,0.00020756759,0
LR1104,St. Paul River,Montserrado,172384.0,452.47806399,2022,4,0,0,0.0,141.76477768841914,27.047259330749508,2022-04-01,0,380.9775848135033,0.0,0.0,76.05981535070082,26.911997931344168,7.333333333333333,0,0.0011410182,0
LR1104,St. Paul River,Montserrado,172384.0,452.47806399,2022,5,1,1,0.5801002413217005,246.3713450712316,26.791769845145087,2022-05-01,0,380.9775848135033,0.0,0.0,141.76477768841914,27.047259330749508,0.6666666666666666,1,0.005737456,0
LR1104,St. Paul River,Montserrado,172384.0,452.47806399,2022,6,1,1,0.5801002413217005,675.1096945369945,26.033474104745046,2022-06-01,0,380.9775848135033,1.0,0.5801002413217005,246.3713450712316,26.791769845145087,0.3333333333333333,1,0.043591693,0
LR1104,St. Paul River,Montserrado,172384.0,452.47806399,2022,7,1,1,0.5801002413217005,272.0780271642348,25.01933874402728,2022-07-01,0,380.9775848135033,1.0,0.5801002413217005,675.1096945369945,26.033474104745046,0.6666666666666666,1,0.009351887,0
LR1104,St. Paul River,Montserrado,172384.0,452.47806399,2022,8,13,13,7.541303137182105,464.1029878504137,24.69831030709403,2022-08-01,1,380.9775848135033,1.0,0.5801002413217005,272.0780271642348,25.01933874402728,1.0,1,0.93849784,1
LR1104,St. Paul River,Montserrado,172384.0,452.47806399,2022,9,4,4,2.320400965286802,524.5849537568934,25.07523468562535,2022-09-01,0,380.9775848135033,13.0,7.541303137182105,464.1029878504137,24.69831030709403,5.0,1,0.009022061,0
LR1104,St. Paul River,Montserrado,172384.0,452.47806399,2022,10,2,2,1.160200482643401,380.8821518841912,25.893698283604216,2022-10-01,0,380.9775848135033,4.0,2.320400965286802,524.5849537568934,25.07523468562535,6.0,1,0.0017495212,0
LR1104,St. Paul River,Montserrado,172384.0,452.47806399,2022,11,1,1,0.5801002413217005,114.77407567641316,26.031906945364817,2022-11-01,0,380.9775848135033,2.0,1.160200482643401,380.8821518841912,25.893698283604216,6.333333333333333,0,0.0010688729,0
LR1104,St. Paul River,Montserrado,172384.0,452.47806399,2022,12,0,0,0.0,54.36411734188305,26.2248010635376,2022-12-01,0,380.9775848135033,1.0,0.5801002413217005,114.77407567641316,26.031906945364817,2.3333333333333335,0,0.003788827,0
LR1104,St. Paul River,Montserrado,172384.0,452.47806399,2023,1,0,0,0.0,14.654075846952551,26.292525155203684,2023-01-01,0,380.9775848135033,0.0,0.0,54.36411734188305,26.2248010635376,1.0,0,0.0005203201,0
LR1104,St. Paul River,Montserrado,172384.0,452.47806399,2023,2,0,0,0.0,26.79540207806756,27.120861734662736,2023-02-01,0,380.9775848135033,0.0,0.0,14.654075846952551,26.292525155203684,0.3333333333333333,0,0.00083021034,0
LR1105,Todee,Montserrado,49361.0,767.80673062,2020,4,0,0,0.0,231.95326498280403,27.32230261393956,2020-04-01,0,64.28831375330773,0.0,0.0,152.51020215905237,27.33150959014892,0.0,0,0.0062749377,0
LR1105,Todee,Montserrado,49361.0,767.80673062,2020,5,0,0,0.0,262.6961391283118,26.976588453565327,2020-05-01,0,64.28831375330773,0.0,0.0,231.95326498280403,27.32230261393956,0.0,1,0.0052640596,0
LR1105,Todee,Montserrado,49361.0,767.80673062,2020,6,0,0,0.0,432.5253654148268,25.81175701958793,2020-06-01,0,64.28831375330773,0.0,0.0,262.6961391283118,26.976588453565327,0.0,1,0.0011126678,0
LR1105,Todee,Montserrado,49361.0,767.80673062,2020,7,0,0,0.0,404.2583671238112,24.650663648332863,2020-07-01,0,64.28831375330773,0.0,0.0,432.5253654148268,25.81175701958793,0.0,1,0.0057328474,0
LR1105,Todee,Montserrado,49361.0,767.80673062,2020,8,0,0,0.0,400.7799748959748,24.18295383453369,2020-08-01,0,64.28831375330773,0.0,0.0,404.2583671238112,24.650663648332863,0.0,1,0.0008764455,0
LR1105,Todee,Montserrado,49361.0,767.80673062,2020,9,0,0,0.0,431.072885264521,24.987842559814453,2020-09-01,0,64.28831375330773,0.0,0.0,400.7799748959748,24.18295383453369,0.0,1,0.0011064268,0
LR1105,Todee,Montserrado,49361.0,767.80673062,2020,10,0,0,0.0,273.38654625934106,25.771408489772256,2020-10-01,0,64.28831375330773,0.0,0.0,431.072885264521,24.987842559814453,0.0,1,0.00023128407,0
LR1105,Todee,Montserrado,49361.0,767.80673062,2020,11,0,0,0.0,101.91183405337128,25.98147678375244,2020-11-01,0,64.28831375330773,0.0,0.0,273.38654625934106,25.771408489772256,0.0,0,8.4850115e-05,0
LR1105,Todee,Montserrado,49361.0,767.80673062,2020,12,0,0,0.0,79.93950221849525,26.24978637695313,2020-12-01,0,64.28831375330773,0.0,0.0,101.91183405337128,25.98147678375244,0.0,0,2.9806522e-05,0
LR1105,Todee,Montserrado,49361.0,767.80673062,2021,1,0,0,0.0,32.09734560095745,26.3527456011091,2021-01-01,0,64.28831375330773,0.0,0.0,79.93950221849525,26.24978637695313,0.0,0,0.00019452025,0
LR1105,Todee,Montserrado,49361.0,767.80673062,2021,2,0,0,0.0,104.72460738472316,26.981743471963064,2021-02-01,0,64.28831375330773,0.0,0.0,32.09734560095745,26.3527456011091,0.0,0,1.4899171e-05,0
LR1105,Todee,Montserrado,49361.0,767.80673062,2021,3,0,0,0.0,148.0170619798743,26.60356419427054,2021-03-01,0,64.28831375330773,0.0,0.0,104.72460738472316,26.981743471963064,0.0,0,0.00011266709,0
LR1105,Todee,Montserrado,49361.0,767.80673062,2021,4,0,0,0.0,159.39835855235225,27.006812368120464,2021-04-01,0,64.28831375330773,0.0,0.0,148.0170619798743,26.60356419427054,0.0,0,0.00028180156,0
LR1105,Todee,Montserrado,49361.0,767.80673062,2021,5,0,0,0.0,289.340641187585,26.673704896654403,2021-05-01,0,64.28831375330773,0.0,0.0,159.39835855235225,27.006812368120464,0.0,1,0.0012466635,0
LR1105,Todee,Montserrado,49361.0,767.80673062,2021,6,2,2,4.051781771033812,506.06285294242525,25.87808990478516,2021-06-01,0,64.28831375330773,0.0,0.0,289.340641187585,26.673704896654403,0.0,1,0.0077127917,0
LR1105,Todee,Montserrado,49361.0,767.80673062,2021,7,1,1,2.025890885516906,326.53157905910325,24.940395695822584,2021-07-01,0,64.28831375330773,2.0,4.051781771033812,506.06285294242525,25.87808990478516,0.6666666666666666,1,0.00814604,0
LR1105,Todee,Montserrado,49361.0,767.80673062,2021,8,0,0,0.0,606.0410235861073,24.8246865272522,2021-08-01,0,64.28831375330773,1.0,2.025890885516906,326.53157905910325,24.940395695822584,1.0,1,0.036110587,0
LR1105,Todee,Montserrado,49361.0,767.80673062,2021,9,0,0,0.0,493.8774798849355,25.24412747791835,2021-09-01,0,64.28831375330773,0.0,0.0,606.0410235861073,24.8246865272522,1.0,1,0.0029416,0
LR1105,Todee,Montserrado,49361.0,767.80673062,2021,10,0,0,0.0,290.9724452806555,26.02692828859601,2021-10-01,0,64.28831375330773,0.0,0.0,493.8774798849355,25.24412747791835,0.3333333333333333,1,0.00094353076,0
LR1105,Todee,Montserrado,49361.0,767.80673062,2021,11,0,0,0.0,142.83762790845788,26.227997030530656,2021-11-01,0,64.28831375330773,0.0,0.0,290.9724452806555,26.02692828859601,0.0,0,0.00031259467,0
LR1105,Todee,Montserrado,49361.0,767.80673062,2021,12,0,0,0.0,43.02270275613536,26.5189939226423,2021-12-01,0,64.28831375330773,0.0,0.0,142.83762790845788,26.227997030530656,0.0,0,0.014320026,0
LR1105,Todee,Montserrado,49361.0,767.80673062,2022,1,0,0,0.0,10.185929588649586,25.90977450779506,2022-01-01,0,64.28831375330773,0.0,0.0,43.02270275613536,26.5189939226423,0.0,0,0.0042256946,0
LR1105,Todee,Montserrado,49361.0,767.80673062,2022,2,0,0,0.0,65.77071529885994,26.818899767739428,2022-02-01,0,64.28831375330773,0.0,0.0,10.185929588649586,25.90977450779506,0.0,0,7.218671e-05,0
LR1105,Todee,Montserrado,49361.0,767.80673062,2022,3,0,0,0.0,95.42211549178413,26.71204464776175,2022-03-01,0,64.28831375330773,0.0,0.0,65.77071529885994,26.818899767739428,0.0,0,5.9392838e-05,0
LR1105,Todee,Montserrado,49361.0,767.80673062,2022,4,0,0,0.0,169.60389444102412,26.79228026526315,2022-04-01,0,64.28831375330773,0.0,0.0,95.42211549178413,26.71204464776175,0.0,0,0.00019543398,0
LR1105,Todee,Montserrado,49361.0,767.80673062,2022,5,0,0,0.0,225.0295748503312,26.48703432083129,2022-05-01,0,64.28831375330773,0.0,0.0,169.60389444102412,26.79228026526315,0.0,1,0.0019888983,0
LR1105,Todee,Montserrado,49361.0,767.80673062,2022,6,0,0,0.0,518.8168653405231,25.706671033586776,2022-06-01,0,64.28831375330773,0.0,0.0,225.0295748503312,26.48703432083129,0.0,1,0.0010885062,0
LR1105,Todee,Montserrado,49361.0,767.80673062,2022,7,0,0,0.0,182.6336941926376,24.67786421094622,2022-07-01,0,64.28831375330773,0.0,0.0,518.8168653405231,25.706671033586776,0.0,1,0.0049953144,0
LR1105,Todee,Montserrado,49361.0,767.80673062,2022,8,0,0,0.0,438.72523432192594,24.365828241620747,2022-08-01,0,64.28831375330773,0.0,0.0,182.6336941926376,24.67786421094622,0.0,1,0.0005187416,0
LR1105,Todee,Montserrado,49361.0,767.80673062,2022,9,0,0,0.0,463.1254020359205,24.77828454971313,2022-09-01,0,64.28831375330773,0.0,0.0,438.72523432192594,24.365828241620747,0.0,1,0.0012559826,0
LR1105,Todee,Montserrado,49361.0,767.80673062,2022,10,0,0,0.0,336.1987278150475,25.64238350731986,2022-10-01,0,64.28831375330773,0.0,0.0,463.1254020359205,24.77828454971313,0.0,1,0.00015092072,0
LR1105,Todee,Montserrado,49361.0,767.80673062,2022,11,0,0,0.0,120.7110824584961,25.71904850006104,2022-11-01,0,64.28831375330773,0.0,0.0,336.1987278150475,25.64238350731986,0.0,0,8.351969e-05,0
LR1105,Todee,Montserrado,49361.0,767.80673062,2022,12,0,0,0.0,52.34978435350501,25.8109382220677,2022-12-01,0,64.28831375330773,0.0,0.0,120.7110824584961,25.71904850006104,0.0,0,0.002961671,0
LR1105,Todee,Montserrado,49361.0,767.80673062,2023,1,0,0,0.0,17.961812019348145,25.891403811318536,2023-01-01,0,64.28831375330773,0.0,0.0,52.34978435350501,25.8109382220677,0.0,0,0.00035590178,0
LR1105,Todee,Montserrado,49361.0,767.80673062,2023,2,0,0,0.0,23.71336762801461,26.963353020804263,2023-02-01,0,64.28831375330773,0.0,0.0,17.961812019348145,25.891403811318536,0.0,0,0.0007548303,0
LR1201,Boe & Quilla,Nimba,20743.0,833.04560616,2020,4,0,0,0.0,185.07562199345344,26.059775529084384,2020-04-01,0,24.90019735608085,0.0,0.0,229.4992834020544,26.37968247025101,0.0,0,0.00025199974,0
LR1201,Boe & Quilla,Nimba,20743.0,833.04560616,2020,5,0,0,0.0,190.76590191876448,25.97590729042336,2020-05-01,0,24.90019735608085,0.0,0.0,185.07562199345344,26.059775529084384,0.0,1,7.87266e-06,0
LR1201,Boe & Quilla,Nimba,20743.0,833.04560616,2020,6,0,0,0.0,217.30918262622973,24.75534241287797,2020-06-01,0,24.90019735608085,0.0,0.0,190.76590191876448,25.97590729042336,0.0,1,0.003051725,0
LR1201,Boe & Quilla,Nimba,20743.0,833.04560616,2020,7,0,0,0.0,188.78296011465568,23.531510670979824,2020-07-01,0,24.90019735608085,0.0,0.0,217.30918262622973,24.75534241287797,0.0,1,0.00035332976,0
LR1201,Boe & Quilla,Nimba,20743.0,833.04560616,2020,8,0,0,0.0,219.03700482403792,23.23121862058286,2020-08-01,0,24.90019735608085,0.0,0.0,188.78296011465568,23.531510670979824,0.0,1,0.0012150037,0
LR1201,Boe & Quilla,Nimba,20743.0,833.04560616,2020,9,0,0,0.0,353.2594728823061,24.140489860817244,2020-09-01,0,24.90019735608085,0.0,0.0,219.03700482403792,23.23121862058286,0.0,1,0.0006268612,0
LR1201,Boe & Quilla,Nimba,20743.0,833.04560616,2020,10,0,0,0.0,164.83587759512443,24.80028978983561,2020-10-01,0,24.90019735608085,0.0,0.0,353.2594728823061,24.140489860817244,0.0,1,0.00092597364,0
LR1201,Boe & Quilla,Nimba,20743.0,833.04560616,2020,11,0,0,0.0,29.43183701126664,24.954127488312896,2020-11-01,0,24.90019735608085,0.0,0.0,164.83587759512443,24.80028978983561,0.0,0,8.221467e-05,0
LR1201,Boe & Quilla,Nimba,20743.0,833.04560616,2020,12,0,0,0.0,61.41369685420283,24.99348068237305,2020-12-01,0,24.90019735608085,0.0,0.0,29.43183701126664,24.954127488312896,0.0,0,9.6538015e-06,0
LR1201,Boe & Quilla,Nimba,20743.0,833.04560616,2021,1,0,0,0.0,11.496466212802462,25.078053368462456,2021-01-01,0,24.90019735608085,0.0,0.0,61.41369685420283,24.99348068237305,0.0,0,0.00084882166,0
LR1201,Boe & Quilla,Nimba,20743.0,833.04560616,2021,2,0,0,0.0,93.57986845793548,26.11420843336317,2021-02-01,0,24.90019735608085,0.0,0.0,11.496466212802462,25.078053368462456,0.0,0,3.00985e-06,0
LR1201,Boe & Quilla,Nimba,20743.0,833.04560616,2021,3,0,0,0.0,148.14915353280526,25.65467332910608,2021-03-01,0,24.90019735608085,0.0,0.0,93.57986845793548,26.11420843336317,0.0,0,2.162862e-06,0
LR1201,Boe & Quilla,Nimba,20743.0,833.04560616,2021,4,0,0,0.0,147.7727468985099,25.69073648805972,2021-04-01,0,24.90019735608085,0.0,0.0,148.14915353280526,25.65467332910608,0.0,0,1.0660418e-05,0
LR1201,Boe & Quilla,Nimba,20743.0,833.04560616,2021,5,0,0,0.0,124.70543275056065,25.64859884756583,2021-05-01,0,24.90019735608085,0.0,0.0,147.7727468985099,25.69073648805972,0.0,1,1.5229335e-05,0
LR1201,Boe & Quilla,Nimba,20743.0,833.04560616,2021,6,0,0,0.0,313.16629932544845,24.89095779701516,2021-06-01,0,24.90019735608085,0.0,0.0,124.70543275056065,25.64859884756583,0.0,1,0.0006343428,0
LR1201,Boe & Quilla,Nimba,20743.0,833.04560616,2021,7,0,0,0.0,176.2565674958406,23.943829571759256,2021-07-01,0,24.90019735608085,0.0,0.0,313.16629932544845,24.89095779701516,0.0,1,0.0034763254,0
LR1201,Boe & Quilla,Nimba,20743.0,833.04560616,2021,8,0,0,0.0,414.3510403103299,23.838182873196068,2021-08-01,0,24.90019735608085,0.0,0.0,176.2565674958406,23.943829571759256,0.0,1,5.223697e-05,0
LR1201,Boe & Quilla,Nimba,20743.0,833.04560616,2021,9,0,0,0.0,388.29438612196174,24.327157409102824,2021-09-01,0,24.90019735608085,0.0,0.0,414.3510403103299,23.838182873196068,0.0,1,0.011759381,0
LR1201,Boe & Quilla,Nimba,20743.0,833.04560616,2021,10,0,0,0.0,165.16166008843317,25.04769763240108,2021-10-01,0,24.90019735608085,0.0,0.0,388.29438612196174,24.327157409102824,0.0,1,0.00014003957,0
LR1201,Boe & Quilla,Nimba,20743.0,833.04560616,2021,11,0,0,0.0,81.99985080295139,25.196333637943976,2021-11-01,0,24.90019735608085,0.0,0.0,165.16166008843317,25.04769763240108,0.0,0,1.1120421e-05,0
LR1201,Boe & Quilla,Nimba,20743.0,833.04560616,2021,12,0,0,0.0,24.410174263848194,24.96755889610008,2021-12-01,0,24.90019735608085,0.0,0.0,81.99985080295139,25.196333637943976,0.0,0,0.00010570267,0
LR1201,Boe & Quilla,Nimba,20743.0,833.04560616,2022,1,0,0,0.0,9.144193048830385,24.0488000092683,2022-01-01,0,24.90019735608085,0.0,0.0,24.410174263848194,24.96755889610008,0.0,0,0.0016363132,0
LR1201,Boe & Quilla,Nimba,20743.0,833.04560616,2022,2,0,0,0.0,32.84360341672544,25.922483444213867,2022-02-01,0,24.90019735608085,0.0,0.0,9.144193048830385,24.0488000092683,0.0,0,9.745071e-06,0
LR1201,Boe & Quilla,Nimba,20743.0,833.04560616,2022,3,0,0,0.0,125.14059702555338,26.19059689839681,2022-03-01,0,24.90019735608085,0.0,0.0,32.84360341672544,25.922483444213867,0.0,0,2.3578998e-06,0
LR1201,Boe & Quilla,Nimba,20743.0,833.04560616,2022,4,0,0,0.0,176.73752565737124,26.105070184778285,2022-04-01,0,24.90019735608085,0.0,0.0,125.14059702555338,26.19059689839681,0.0,0,2.224718e-05,0
LR1201,Boe & Quilla,Nimba,20743.0,833.04560616,2022,5,0,0,0.0,170.3563831470631,25.536174703527376,2022-05-01,0,24.90019735608085,0.0,0.0,176.73752565737124,26.105070184778285,0.0,1,4.3078373e-05,0
LR1201,Boe & Quilla,Nimba,20743.0,833.04560616,2022,6,0,0,0.0,225.5460939760561,24.68518002827962,2022-06-01,0,24.90019735608085,0.0,0.0,170.3563831470631,25.536174703527376,0.0,1,0.0029429358,0
LR1201,Boe & Quilla,Nimba,20743.0,833.04560616,2022,7,0,0,0.0,183.7389865451389,23.721453136867947,2022-07-01,0,24.90019735608085,0.0,0.0,225.5460939760561,24.68518002827962,0.0,1,0.00015852386,0
LR1201,Boe & Quilla,Nimba,20743.0,833.04560616,2022,8,0,0,0.0,260.479342425311,23.38046568411368,2022-08-01,0,24.90019735608085,0.0,0.0,183.7389865451389,23.721453136867947,0.0,1,0.00028509062,0
LR1201,Boe & Quilla,Nimba,20743.0,833.04560616,2022,9,0,0,0.0,370.438143129702,23.88529325414587,2022-09-01,0,24.90019735608085,0.0,0.0,260.479342425311,23.38046568411368,0.0,1,0.0010517502,0
LR1201,Boe & Quilla,Nimba,20743.0,833.04560616,2022,10,0,0,0.0,213.964527271412,24.74642379195601,2022-10-01,0,24.90019735608085,0.0,0.0,370.438143129702,23.88529325414587,0.0,1,0.0005620179,0
LR1201,Boe & Quilla,Nimba,20743.0,833.04560616,2022,11,0,0,0.0,53.00264584576643,24.573250240749783,2022-11-01,0,24.90019735608085,0.0,0.0,213.964527271412,24.74642379195601,0.0,0,0.00025137892,0
LR1201,Boe & Quilla,Nimba,20743.0,833.04560616,2022,12,0,0,0.0,32.11292401066533,24.04375132807979,2022-12-01,0,24.90019735608085,0.0,0.0,53.00264584576643,24.573250240749783,0.0,0,1.8908011e-05,0
LR1201,Boe & Quilla,Nimba,20743.0,833.04560616,2023,1,0,0,0.0,16.308205533910684,24.4222649468316,2023-01-01,0,24.90019735608085,0.0,0.0,32.11292401066533,24.04375132807979,0.0,0,6.3292784e-05,0
LR1201,Boe & Quilla,Nimba,20743.0,833.04560616,2023,2,0,0,0.0,38.33199931957104,26.1378902859158,2023-02-01,0,24.90019735608085,0.0,0.0,16.308205533910684,24.4222649468316,0.0,0,1.91479e-05,0
LR1202,Buu-Yao,Nimba,51832.0,840.96303178,2020,4,0,0,0.0,172.0591119836878,26.02052999425817,2020-04-01,0,61.634100479174805,0.0,0.0,198.0820555510344,26.3941303535744,0.0,0,0.0008611841,0
LR1202,Buu-Yao,Nimba,51832.0,840.96303178,2020,5,0,0,0.0,172.61227869104457,25.93817576655635,2020-05-01,0,61.634100479174805,0.0,0.0,172.0591119836878,26.02052999425817,0.0,1,4.827147e-05,0
LR1202,Buu-Yao,Nimba,51832.0,840.96303178,2020,6,0,0,0.0,196.61240697790075,24.6888766112151,2020-06-01,0,61.634100479174805,0.0,0.0,172.61227869104457,25.93817576655635,0.0,1,0.011309339,0
LR1202,Buu-Yao,Nimba,51832.0,840.96303178,2020,7,0,0,0.0,210.3903124773944,23.50603527492948,2020-07-01,0,61.634100479174805,0.0,0.0,196.61240697790075,24.6888766112151,0.0,1,0.0022913227,0
LR1202,Buu-Yao,Nimba,51832.0,840.96303178,2020,8,0,0,0.0,242.9210832383897,23.190076616075302,2020-08-01,0,61.634100479174805,0.0,0.0,210.3903124773944,23.50603527492948,0.0,1,0.0045249294,0
LR1202,Buu-Yao,Nimba,51832.0,840.96303178,2020,9,0,0,0.0,321.564281322338,24.084837948834465,2020-09-01,0,61.634100479174805,0.0,0.0,242.9210832383897,23.190076616075302,0.0,1,0.0009579326,0
LR1202,Buu-Yao,Nimba,51832.0,840.96303178,2020,10,0,0,0.0,172.0037225793909,24.680674235026043,2020-10-01,0,61.634100479174805,0.0,0.0,321.564281322338,24.084837948834465,0.0,1,0.0009099165,0
LR1202,Buu-Yao,Nimba,51832.0,840.96303178,2020,11,0,0,0.0,27.561064331619825,24.833626994380243,2020-11-01,0,61.634100479174805,0.0,0.0,172.0037225793909,24.680674235026043,0.0,0,0.0044404487,0
LR1202,Buu-Yao,Nimba,51832.0,840.96303178,2020,12,0,0,0.0,61.20161946614581,24.89462499265317,2020-12-01,0,61.634100479174805,0.0,0.0,27.561064331619825,24.833626994380243,0.0,0,9.713476e-05,0
LR1202,Buu-Yao,Nimba,51832.0,840.96303178,2021,1,0,0,0.0,12.5012643955372,25.123944247210463,2021-01-01,0,61.634100479174805,0.0,0.0,61.20161946614581,24.89462499265317,0.0,0,0.023579229,0
LR1202,Buu-Yao,Nimba,51832.0,840.96303178,2021,2,0,0,0.0,95.96682456687644,26.18856719688133,2021-02-01,0,61.634100479174805,0.0,0.0,12.5012643955372,25.123944247210463,0.0,0,1.0782922e-05,0
LR1202,Buu-Yao,Nimba,51832.0,840.96303178,2021,3,0,0,0.0,123.2297151353624,25.695891274346245,2021-03-01,0,61.634100479174805,0.0,0.0,95.96682456687644,26.18856719688133,0.0,0,7.442113e-05,0
LR1202,Buu-Yao,Nimba,51832.0,840.96303178,2021,4,0,0,0.0,143.9384454797815,25.665848131533025,2021-04-01,0,61.634100479174805,0.0,0.0,123.2297151353624,25.695891274346245,0.0,0,0.00017349483,0
LR1202,Buu-Yao,Nimba,51832.0,840.96303178,2021,5,0,0,0.0,109.66185223614728,25.61633201881692,2021-05-01,0,61.634100479174805,0.0,0.0,143.9384454797815,25.665848131533025,0.0,1,0.00020466316,0
LR1202,Buu-Yao,Nimba,51832.0,840.96303178,2021,6,0,0,0.0,317.66817446108223,24.818760130140515,2021-06-01,0,61.634100479174805,0.0,0.0,109.66185223614728,25.61633201881692,0.0,1,0.0059262835,0
LR1202,Buu-Yao,Nimba,51832.0,840.96303178,2021,7,0,0,0.0,179.15669137460216,23.882927859271017,2021-07-01,0,61.634100479174805,0.0,0.0,317.66817446108223,24.818760130140515,0.0,1,0.0013415669,0
LR1202,Buu-Yao,Nimba,51832.0,840.96303178,2021,8,0,0,0.0,430.4587085865162,23.7869100217466,2021-08-01,0,61.634100479174805,0.0,0.0,179.15669137460216,23.882927859271017,0.0,1,0.00010604067,0
LR1202,Buu-Yao,Nimba,51832.0,840.96303178,2021,9,0,0,0.0,364.3056900589554,24.263335969713,2021-09-01,0,61.634100479174805,0.0,0.0,430.4587085865162,23.7869100217466,0.0,1,0.00039464523,0
LR1202,Buu-Yao,Nimba,51832.0,840.96303178,2021,10,1,1,1.929310078715852,142.00029161241315,24.95349629720052,2021-10-01,0,61.634100479174805,0.0,0.0,364.3056900589554,24.263335969713,0.0,1,0.00015333999,0
LR1202,Buu-Yao,Nimba,51832.0,840.96303178,2021,11,8,8,15.43448062972681,75.57538039595995,25.09329901801216,2021-11-01,1,61.634100479174805,1.0,1.929310078715852,142.00029161241315,24.95349629720052,0.3333333333333333,0,0.898703,1
LR1202,Buu-Yao,Nimba,51832.0,840.96303178,2021,12,3,3,5.787930236147553,19.769194143789782,24.851096824363427,2021-12-01,0,61.634100479174805,8.0,15.43448062972681,75.57538039595995,25.09329901801216,3.0,0,0.083469145,0
LR1202,Buu-Yao,Nimba,51832.0,840.96303178,2022,1,16,16,30.86896125945362,8.63383533336498,23.995157100536204,2022-01-01,1,61.634100479174805,3.0,5.787930236147553,19.769194143789782,24.851096824363427,4.0,0,0.9824515,1
LR1202,Buu-Yao,Nimba,51832.0,840.96303178,2022,2,2,2,3.858620157431704,31.37792940492984,26.07707828945584,2022-02-01,0,61.634100479174805,16.0,30.86896125945362,8.63383533336498,23.995157100536204,9.0,0,0.012380093,0
LR1202,Buu-Yao,Nimba,51832.0,840.96303178,2022,3,0,0,0.0,114.6336469297056,26.24949921502008,2022-03-01,0,61.634100479174805,2.0,3.858620157431704,31.37792940492984,26.07707828945584,7.0,0,7.0728245e-05,0
LR1202,Buu-Yao,Nimba,51832.0,840.96303178,2022,4,0,0,0.0,158.29498460557727,26.11595408121745,2022-04-01,0,61.634100479174805,0.0,0.0,114.6336469297056,26.24949921502008,6.0,0,0.0021820301,0
LR1202,Buu-Yao,Nimba,51832.0,840.96303178,2022,5,0,0,0.0,152.18550166377315,25.48325524506745,2022-05-01,0,61.634100479174805,0.0,0.0,158.29498460557727,26.11595408121745,0.6666666666666666,1,0.0017693519,0
LR1202,Buu-Yao,Nimba,51832.0,840.96303178,2022,6,0,0,0.0,214.23510685673463,24.67107447871456,2022-06-01,0,61.634100479174805,0.0,0.0,152.18550166377315,25.48325524506745,0.0,1,0.0039346837,0
LR1202,Buu-Yao,Nimba,51832.0,840.96303178,2022,7,0,0,0.0,214.2042581063729,23.68490967927156,2022-07-01,0,61.634100479174805,0.0,0.0,214.23510685673463,24.67107447871456,0.0,1,0.0029169507,0
LR1202,Buu-Yao,Nimba,51832.0,840.96303178,2022,8,0,0,0.0,269.6405458803531,23.34124854758934,2022-08-01,0,61.634100479174805,0.0,0.0,214.2042581063729,23.68490967927156,0.0,1,0.0048733614,0
LR1202,Buu-Yao,Nimba,51832.0,840.96303178,2022,9,0,0,0.0,354.6087680392795,23.8363550680655,2022-09-01,0,61.634100479174805,0.0,0.0,269.6405458803531,23.34124854758934,0.0,1,0.005002593,0
LR1202,Buu-Yao,Nimba,51832.0,840.96303178,2022,10,0,0,0.0,203.54059911657265,24.6371900063974,2022-10-01,0,61.634100479174805,0.0,0.0,354.6087680392795,23.8363550680655,0.0,1,0.0007516261,0
LR1202,Buu-Yao,Nimba,51832.0,840.96303178,2022,11,0,0,0.0,53.69684614958587,24.45327356126573,2022-11-01,0,61.634100479174805,0.0,0.0,203.54059911657265,24.6371900063974,0.0,0,0.00051750103,0
LR1202,Buu-Yao,Nimba,51832.0,840.96303178,2022,12,0,0,0.0,29.32846436677156,23.89480075129756,2022-12-01,0,61.634100479174805,0.0,0.0,53.69684614958587,24.45327356126573,0.0,0,0.00020277264,0
LR1202,Buu-Yao,Nimba,51832.0,840.96303178,2023,1,0,0,0.0,15.933134114300762,24.304049103348344,2023-01-01,0,61.634100479174805,0.0,0.0,29.32846436677156,23.89480075129756,0.0,0,0.00020261337,0
LR1202,Buu-Yao,Nimba,51832.0,840.96303178,2023,2,0,0,0.0,44.59593341968678,26.08056605303729,2023-02-01,0,61.634100479174805,0.0,0.0,15.933134114300762,24.304049103348344,0.0,0,0.00024001044,0
LR1203,Doe,Nimba,45532.0,1279.90259158,2020,4,3,3,6.588772731265922,180.6106396186643,26.045630832051128,2020-04-01,0,35.57458223738117,0.0,0.0,207.1814407720798,26.262037853861965,0.0,0,3.701363e-05,0
LR1203,Doe,Nimba,45532.0,1279.90259158,2020,5,1,1,2.196257577088641,215.2809861345989,25.998469286186747,2020-05-01,0,35.57458223738117,3.0,6.588772731265922,180.6106396186643,26.045630832051128,1.5,1,0.0009863258,0
LR1203,Doe,Nimba,45532.0,1279.90259158,2020,6,0,0,0.0,229.65478999440265,24.82229529979617,2020-06-01,0,35.57458223738117,1.0,2.196257577088641,215.2809861345989,25.998469286186747,1.3333333333333333,1,0.056200724,0
LR1203,Doe,Nimba,45532.0,1279.90259158,2020,7,4,4,8.785030308354564,180.3712273574457,23.582966649255084,2020-07-01,0,35.57458223738117,0.0,0.0,229.65478999440265,24.82229529979617,1.3333333333333333,1,0.00011280126,0
LR1203,Doe,Nimba,45532.0,1279.90259158,2020,8,0,0,0.0,171.37562598251716,23.291116182194205,2020-08-01,0,35.57458223738117,4.0,8.785030308354564,180.3712273574457,23.582966649255084,1.6666666666666667,1,0.007208573,0
LR1203,Doe,Nimba,45532.0,1279.90259158,2020,9,0,0,0.0,332.27075567478084,24.19838892027389,2020-09-01,0,35.57458223738117,0.0,0.0,171.37562598251716,23.291116182194205,1.3333333333333333,1,0.0014380655,0
LR1203,Doe,Nimba,45532.0,1279.90259158,2020,10,0,0,0.0,187.6770842017197,24.92329184953557,2020-10-01,0,35.57458223738117,0.0,0.0,332.27075567478084,24.19838892027389,1.3333333333333333,1,0.00066508434,0
LR1203,Doe,Nimba,45532.0,1279.90259158,2020,11,0,0,0.0,27.208667243399272,25.099671119867374,2020-11-01,0,35.57458223738117,0.0,0.0,187.6770842017197,24.92329184953557,0.0,0,0.000100653226,0
LR1203,Doe,Nimba,45532.0,1279.90259158,2020,12,0,0,0.0,58.84649397687215,25.076079390769777,2020-12-01,0,35.57458223738117,0.0,0.0,27.208667243399272,25.099671119867374,0.0,0,6.485951e-06,0
LR1203,Doe,Nimba,45532.0,1279.90259158,2021,1,0,0,0.0,12.223347338234507,24.92686316024426,2021-01-01,0,35.57458223738117,0.0,0.0,58.84649397687215,25.076079390769777,0.0,0,0.0035601112,0
LR1203,Doe,Nimba,45532.0,1279.90259158,2021,2,0,0,0.0,92.979349834163,25.900624430456823,2021-02-01,0,35.57458223738117,0.0,0.0,12.223347338234507,24.92686316024426,0.0,0,1.2466732e-06,0
LR1203,Doe,Nimba,45532.0,1279.90259158,2021,3,0,0,0.0,160.3518494396675,25.55297958019168,2021-03-01,0,35.57458223738117,0.0,0.0,92.979349834163,25.900624430456823,0.0,0,3.073304e-05,0
LR1203,Doe,Nimba,45532.0,1279.90259158,2021,4,0,0,0.0,140.43620970191026,25.735103341036066,2021-04-01,0,35.57458223738117,0.0,0.0,160.3518494396675,25.55297958019168,0.0,0,5.5598407e-06,0
LR1203,Doe,Nimba,45532.0,1279.90259158,2021,5,0,0,0.0,155.4683268477277,25.727197868879447,2021-05-01,0,35.57458223738117,0.0,0.0,140.43620970191026,25.735103341036066,0.0,1,6.7531764e-06,0
LR1203,Doe,Nimba,45532.0,1279.90259158,2021,6,3,3,6.588772731265922,308.4316681652534,24.98364235634028,2021-06-01,0,35.57458223738117,0.0,0.0,155.4683268477277,25.727197868879447,0.0,1,0.00015176798,0
LR1203,Doe,Nimba,45532.0,1279.90259158,2021,7,10,10,21.96257577088641,175.0722057063405,24.015416611072624,2021-07-01,1,35.57458223738117,3.0,6.588772731265922,308.4316681652534,24.98364235634028,1.0,1,0.91167134,1
LR1203,Doe,Nimba,45532.0,1279.90259158,2021,8,1,1,2.196257577088641,371.88994021532017,23.927267695582195,2021-08-01,0,35.57458223738117,10.0,21.96257577088641,175.0722057063405,24.015416611072624,4.333333333333333,1,0.017414737,0
LR1203,Doe,Nimba,45532.0,1279.90259158,2021,9,0,0,0.0,344.3703389981899,24.41432398419047,2021-09-01,0,35.57458223738117,1.0,2.196257577088641,371.88994021532017,23.927267695582195,4.666666666666667,1,0.035693243,0
LR1203,Doe,Nimba,45532.0,1279.90259158,2021,10,0,0,0.0,205.79453110113377,25.15476248985113,2021-10-01,0,35.57458223738117,0.0,0.0,344.3703389981899,24.41432398419047,3.6666666666666665,1,0.00025401663,0
LR1203,Doe,Nimba,45532.0,1279.90259158,2021,11,0,0,0.0,76.0226339944979,25.31957932405693,2021-11-01,0,35.57458223738117,0.0,0.0,205.79453110113377,25.15476248985113,0.3333333333333333,0,0.00025834513,0
LR1203,Doe,Nimba,45532.0,1279.90259158,2021,12,0,0,0.0,17.68786788568264,25.0840067752572,2021-12-01,0,35.57458223738117,0.0,0.0,76.0226339944979,25.31957932405693,0.0,0,0.0008726357,0
LR1203,Doe,Nimba,45532.0,1279.90259158,2022,1,0,0,0.0,10.937268722348096,24.040434327236447,2022-01-01,0,35.57458223738117,0.0,0.0,17.68786788568264,25.0840067752572,0.0,0,0.016538372,0
LR1203,Doe,Nimba,45532.0,1279.90259158,2022,2,0,0,0.0,34.767418140318355,25.63506064304086,2022-02-01,0,35.57458223738117,0.0,0.0,10.937268722348096,24.040434327236447,0.0,0,6.3984776e-06,0
LR1203,Doe,Nimba,45532.0,1279.90259158,2022,3,0,0,0.0,113.96991580870092,26.059248414150503,2022-03-01,0,35.57458223738117,0.0,0.0,34.767418140318355,25.63506064304086,0.0,0,4.0095315e-06,0
LR1203,Doe,Nimba,45532.0,1279.90259158,2022,4,0,0,0.0,184.0010148955555,26.018249289934023,2022-04-01,0,35.57458223738117,0.0,0.0,113.96991580870092,26.059248414150503,0.0,0,1.26592095e-05,0
LR1203,Doe,Nimba,45532.0,1279.90259158,2022,5,0,0,0.0,185.94552016839745,25.57980253530103,2022-05-01,0,35.57458223738117,0.0,0.0,184.0010148955555,26.018249289934023,0.0,1,5.2709906e-06,0
LR1203,Doe,Nimba,45532.0,1279.90259158,2022,6,0,0,0.0,262.71166173423205,24.7287746695585,2022-06-01,0,35.57458223738117,0.0,0.0,185.94552016839745,25.57980253530103,0.0,1,0.00047112702,0
LR1203,Doe,Nimba,45532.0,1279.90259158,2022,7,0,0,0.0,162.60896785084785,23.77102213127669,2022-07-01,0,35.57458223738117,0.0,0.0,262.71166173423205,24.7287746695585,0.0,1,5.7973233e-05,0
LR1203,Doe,Nimba,45532.0,1279.90259158,2022,8,0,0,0.0,233.2878630103135,23.438895158989485,2022-08-01,0,35.57458223738117,0.0,0.0,162.60896785084785,23.77102213127669,0.0,1,4.9326263e-05,0
LR1203,Doe,Nimba,45532.0,1279.90259158,2022,9,0,0,0.0,324.42042876452933,23.94564455608989,2022-09-01,0,35.57458223738117,0.0,0.0,233.2878630103135,23.438895158989485,0.0,1,0.0060909246,0
LR1203,Doe,Nimba,45532.0,1279.90259158,2022,10,0,0,0.0,232.8345950987281,24.858592987060547,2022-10-01,0,35.57458223738117,0.0,0.0,324.42042876452933,23.94564455608989,0.0,1,0.00024073284,0
LR1203,Doe,Nimba,45532.0,1279.90259158,2022,11,0,0,0.0,54.047213763725466,24.716136000877203,2022-11-01,0,35.57458223738117,0.0,0.0,232.8345950987281,24.858592987060547,0.0,0,1.6506974e-05,0
LR1203,Doe,Nimba,45532.0,1279.90259158,2022,12,0,0,0.0,34.90745214136636,24.180758409721907,2022-12-01,0,35.57458223738117,0.0,0.0,54.047213763725466,24.716136000877203,0.0,0,1.3351922e-05,0
LR1203,Doe,Nimba,45532.0,1279.90259158,2023,1,0,0,0.0,16.53816720916004,24.31912098374478,2023-01-01,0,35.57458223738117,0.0,0.0,34.90745214136636,24.180758409721907,0.0,0,2.4759996e-05,0
LR1203,Doe,Nimba,45532.0,1279.90259158,2023,2,1,1,2.196257577088641,36.026840209960945,25.97078682655512,2023-02-01,0,35.57458223738117,0.0,0.0,16.53816720916004,24.31912098374478,0.0,0,1.3729925e-05,0
LR1204,Garr-Bain,Nimba,111796.0,394.61309924,2020,4,1,1,0.8944863859172063,177.89538828531903,25.88570418724647,2020-04-01,0,283.30534443816504,0.0,0.0,174.73008600870767,26.35168031545785,0.0,0,0.0006623874,0
LR1204,Garr-Bain,Nimba,111796.0,394.61309924,2020,5,0,0,0.0,196.8157145182292,25.679419444157528,2020-05-01,0,283.30534443816504,1.0,0.8944863859172063,177.89538828531903,25.88570418724647,0.5,1,0.0010484678,0
LR1204,Garr-Bain,Nimba,111796.0,394.61309924,2020,6,18,18,16.100754946509714,220.28387069702148,24.520878278292145,2020-06-01,1,283.30534443816504,0.0,0.0,196.8157145182292,25.679419444157528,0.3333333333333333,1,0.96681476,1
LR1204,Garr-Bain,Nimba,111796.0,394.61309924,2020,7,5,5,4.472431929586032,212.1654955546061,23.272074919480545,2020-07-01,1,283.30534443816504,18.0,16.100754946509714,220.28387069702148,24.520878278292145,6.333333333333333,1,0.96450406,1
LR1204,Garr-Bain,Nimba,111796.0,394.61309924,2020,8,0,0,0.0,238.83759180704752,22.96205227191632,2020-08-01,0,283.30534443816504,5.0,4.472431929586032,212.1654955546061,23.272074919480545,7.666666666666667,1,0.0014475887,0
LR1204,Garr-Bain,Nimba,111796.0,394.61309924,2020,9,4,4,3.577945543668825,329.85630798339844,23.898312935462368,2020-09-01,0,283.30534443816504,0.0,0.0,238.83759180704752,22.96205227191632,7.666666666666667,1,0.00059719477,0
LR1204,Garr-Bain,Nimba,111796.0,394.61309924,2020,10,5,5,4.472431929586032,204.26658376057944,24.46803694504958,2020-10-01,1,283.30534443816504,4.0,3.577945543668825,329.85630798339844,23.898312935462368,3.0,1,0.92804384,1
LR1204,Garr-Bain,Nimba,111796.0,394.61309924,2020,11,1,1,0.8944863859172063,34.40817101796468,24.50856208801269,2020-11-01,0,283.30534443816504,5.0,4.472431929586032,204.26658376057944,24.46803694504958,3.0,0,0.033979006,0
LR1204,Garr-Bain,Nimba,111796.0,394.61309924,2020,12,0,0,0.0,53.13411903381349,24.74304507328914,2020-12-01,0,283.30534443816504,1.0,0.8944863859172063,34.40817101796468,24.50856208801269,3.3333333333333335,0,9.833533e-05,0
LR1204,Garr-Bain,Nimba,111796.0,394.61309924,2021,1,2,2,1.7889727718344126,14.108445326487224,24.9771052140456,2021-01-01,0,283.30534443816504,0.0,0.0,53.13411903381349,24.74304507328914,2.0,0,0.0006620482,0
LR1204,Garr-Bain,Nimba,111796.0,394.61309924,2021,2,1,1,0.8944863859172063,101.13907559712727,26.038162231445312,2021-02-01,0,283.30534443816504,2.0,1.7889727718344126,14.108445326487224,24.9771052140456,1.0,0,2.6910597e-05,0
LR1204,Garr-Bain,Nimba,111796.0,394.61309924,2021,3,1,1,0.8944863859172063,150.06357320149738,25.581433076124927,2021-03-01,0,283.30534443816504,1.0,0.8944863859172063,101.13907559712727,26.038162231445312,1.0,0,4.551886e-05,0
LR1204,Garr-Bain,Nimba,111796.0,394.61309924,2021,4,0,0,0.0,152.8153127034505,25.554424285888672,2021-04-01,0,283.30534443816504,1.0,0.8944863859172063,150.06357320149738,25.581433076124927,1.3333333333333333,0,0.0031908038,0
LR1204,Garr-Bain,Nimba,111796.0,394.61309924,2021,5,1,1,0.8944863859172063,159.9266103108724,25.359649511484,2021-05-01,0,283.30534443816504,0.0,0.0,152.8153127034505,25.554424285888672,0.6666666666666666,1,0.0023469788,0
LR1204,Garr-Bain,Nimba,111796.0,394.61309924,2021,6,8,8,7.15589108733765,316.5320205688477,24.590039179875298,2021-06-01,1,283.30534443816504,1.0,0.8944863859172063,159.9266103108724,25.359649511484,0.6666666666666666,1,0.89274454,1
LR1204,Garr-Bain,Nimba,111796.0,394.61309924,2021,7,14,14,12.522809402840888,244.82705815633136,23.66696709852953,2021-07-01,1,283.30534443816504,8.0,7.15589108733765,316.5320205688477,24.590039179875298,3.0,1,0.9317089,1
LR1204,Garr-Bain,Nimba,111796.0,394.61309924,2021,8,1,1,0.8944863859172063,307.6062571207682,23.523030647864708,2021-08-01,0,283.30534443816504,14.0,12.522809402840888,244.82705815633136,23.66696709852953,7.666666666666667,1,0.0019783662,0
LR1204,Garr-Bain,Nimba,111796.0,394.61309924,2021,9,0,0,0.0,377.35501861572266,24.04648443368765,2021-09-01,0,283.30534443816504,1.0,0.8944863859172063,307.6062571207682,23.523030647864708,7.666666666666667,1,0.014503723,0
LR1204,Garr-Bain,Nimba,111796.0,394.61309924,2021,10,0,0,0.0,177.96709442138675,24.755516932560848,2021-10-01,0,283.30534443816504,0.0,0.0,377.35501861572266,24.04648443368765,5.0,1,0.0017749801,0
LR1204,Garr-Bain,Nimba,111796.0,394.61309924,2021,11,0,0,0.0,128.48632621765134,24.850265796367943,2021-11-01,0,283.30534443816504,0.0,0.0,177.96709442138675,24.755516932560848,0.3333333333333333,0,0.0022837971,0
LR1204,Garr-Bain,Nimba,111796.0,394.61309924,2021,12,0,0,0.0,16.778107325236,24.557183779202976,2021-12-01,0,283.30534443816504,0.0,0.0,128.48632621765134,24.850265796367943,0.0,0,0.0014596892,0
LR1204,Garr-Bain,Nimba,111796.0,394.61309924,2022,1,0,0,0.0,7.061120907465617,23.771747589111328,2022-01-01,0,283.30534443816504,0.0,0.0,16.778107325236,24.557183779202976,0.0,0,0.0006194811,0
LR1204,Garr-Bain,Nimba,111796.0,394.61309924,2022,2,0,0,0.0,34.67539723714192,25.814392823439377,2022-02-01,0,283.30534443816504,0.0,0.0,7.061120907465617,23.771747589111328,0.0,0,3.7313133e-05,0
LR1204,Garr-Bain,Nimba,111796.0,394.61309924,2022,3,0,0,0.0,141.2141132354736,26.01120112492488,2022-03-01,0,283.30534443816504,0.0,0.0,34.67539723714192,25.814392823439377,0.0,0,0.00010563345,0
LR1204,Garr-Bain,Nimba,111796.0,394.61309924,2022,4,0,0,0.0,171.69901021321616,25.82320389380822,2022-04-01,0,283.30534443816504,0.0,0.0,141.2141132354736,26.01120112492488,0.0,0,0.00032883216,0
LR1204,Garr-Bain,Nimba,111796.0,394.61309924,2022,5,1,1,0.8944863859172063,165.93932469685873,25.254576609684868,2022-05-01,0,283.30534443816504,0.0,0.0,171.69901021321616,25.82320389380822,0.0,1,0.0072802706,0
LR1204,Garr-Bain,Nimba,111796.0,394.61309924,2022,6,0,0,0.0,232.2832819620768,24.42285889845628,2022-06-01,0,283.30534443816504,1.0,0.8944863859172063,165.93932469685873,25.254576609684868,0.3333333333333333,1,0.03205996,0
LR1204,Garr-Bain,Nimba,111796.0,394.61309924,2022,7,1,1,0.8944863859172063,251.1980158487956,23.48724071796124,2022-07-01,0,283.30534443816504,0.0,0.0,232.2832819620768,24.42285889845628,0.3333333333333333,1,0.0014382887,0
LR1204,Garr-Bain,Nimba,111796.0,394.61309924,2022,8,2,2,1.7889727718344126,271.80503972371423,23.122567396897537,2022-08-01,0,283.30534443816504,1.0,0.8944863859172063,251.1980158487956,23.48724071796124,0.6666666666666666,1,0.03549473,0
LR1204,Garr-Bain,Nimba,111796.0,394.61309924,2022,9,1,1,0.8944863859172063,467.06508127848304,23.658715761624848,2022-09-01,0,283.30534443816504,2.0,1.7889727718344126,271.80503972371423,23.122567396897537,1.0,1,0.0068264697,0
LR1204,Garr-Bain,Nimba,111796.0,394.61309924,2022,10,0,0,0.0,194.9494654337565,24.420607786912186,2022-10-01,0,283.30534443816504,1.0,0.8944863859172063,467.06508127848304,23.658715761624848,1.3333333333333333,1,0.00071544823,0
LR1204,Garr-Bain,Nimba,111796.0,394.61309924,2022,11,0,0,0.0,93.35068321228027,24.15702497042142,2022-11-01,0,283.30534443816504,0.0,0.0,194.9494654337565,24.420607786912186,1.0,0,0.00039438816,0
LR1204,Garr-Bain,Nimba,111796.0,394.61309924,2022,12,0,0,0.0,24.01893901824951,23.66916627150316,2022-12-01,0,283.30534443816504,0.0,0.0,93.35068321228027,24.15702497042142,0.3333333333333333,0,0.0001925109,0
LR1204,Garr-Bain,Nimba,111796.0,394.61309924,2023,1,3,3,2.683459157751619,12.79944062232971,24.285904517540565,2023-01-01,0,283.30534443816504,0.0,0.0,24.01893901824951,23.66916627150316,0.0,0,0.001136733,0
LR1204,Garr-Bain,Nimba,111796.0,394.61309924,2023,2,2,2,1.7889727718344126,52.700873374938965,26.05079181377705,2023-02-01,0,283.30534443816504,3.0,2.683459157751619,12.79944062232971,24.285904517540565,1.0,0,0.003885831,0
LR1205,Gbehlay-Geh,Nimba,50450.0,616.62675032,2020,4,0,0,0.0,155.61909103393555,25.77918138504028,2020-04-01,0,81.81610670282929,0.0,0.0,168.10877838134766,26.393817710876466,0.0,0,6.133307e-05,0
LR1205,Gbehlay-Geh,Nimba,50450.0,616.62675032,2020,5,0,0,0.0,169.6909568786621,25.504372119903568,2020-05-01,0,81.81610670282929,0.0,0.0,155.61909103393555,25.77918138504028,0.0,1,0.0006987852,0
LR1205,Gbehlay-Geh,Nimba,50450.0,616.62675032,2020,6,0,0,0.0,218.7920600891113,24.26951704025269,2020-06-01,0,81.81610670282929,0.0,0.0,169.6909568786621,25.504372119903568,0.0,1,0.0018360469,0
LR1205,Gbehlay-Geh,Nimba,50450.0,616.62675032,2020,7,1,1,1.9821605550049552,299.49292068481446,23.089948177337643,2020-07-01,0,81.81610670282929,0.0,0.0,218.7920600891113,24.26951704025269,0.0,1,0.0049826363,0
LR1205,Gbehlay-Geh,Nimba,50450.0,616.62675032,2020,8,0,0,0.0,253.41041488647463,22.76694955825806,2020-08-01,0,81.81610670282929,1.0,1.9821605550049552,299.49292068481446,23.089948177337643,0.3333333333333333,1,0.032529283,0
LR1205,Gbehlay-Geh,Nimba,50450.0,616.62675032,2020,9,0,0,0.0,380.53343048095695,23.66229095458984,2020-09-01,0,81.81610670282929,0.0,0.0,253.41041488647463,22.76694955825806,0.3333333333333333,1,0.0015874034,0
LR1205,Gbehlay-Geh,Nimba,50450.0,616.62675032,2020,10,1,1,1.9821605550049552,210.51825256347647,24.12187805175781,2020-10-01,0,81.81610670282929,0.0,0.0,380.53343048095695,23.66229095458984,0.3333333333333333,1,0.0002761637,0
LR1205,Gbehlay-Geh,Nimba,50450.0,616.62675032,2020,11,0,0,0.0,23.43611278533936,24.156857299804688,2020-11-01,0,81.81610670282929,1.0,1.9821605550049552,210.51825256347647,24.12187805175781,0.3333333333333333,0,0.014555757,0
LR1205,Gbehlay-Geh,Nimba,50450.0,616.62675032,2020,12,0,0,0.0,65.13278617858886,24.53934001922608,2020-12-01,0,81.81610670282929,0.0,0.0,23.43611278533936,24.156857299804688,0.3333333333333333,0,0.00021413261,0
LR1205,Gbehlay-Geh,Nimba,50450.0,616.62675032,2021,1,0,0,0.0,15.014710330963135,25.06982822418213,2021-01-01,0,81.81610670282929,0.0,0.0,65.13278617858886,24.53934001922608,0.3333333333333333,0,0.0024227733,0
LR1205,Gbehlay-Geh,Nimba,50450.0,616.62675032,2021,2,0,0,0.0,82.29609565734863,26.14330940246582,2021-02-01,0,81.81610670282929,0.0,0.0,15.014710330963135,25.06982822418213,0.0,0,1.3473514e-05,0
LR1205,Gbehlay-Geh,Nimba,50450.0,616.62675032,2021,3,0,0,0.0,141.99141006469725,25.62712173461914,2021-03-01,0,81.81610670282929,0.0,0.0,82.29609565734863,26.14330940246582,0.0,0,1.506768e-05,0
LR1205,Gbehlay-Geh,Nimba,50450.0,616.62675032,2021,4,0,0,0.0,146.06859817504883,25.476289463043216,2021-04-01,0,81.81610670282929,0.0,0.0,141.99141006469725,25.62712173461914,0.0,0,0.0006252713,0
LR1205,Gbehlay-Geh,Nimba,50450.0,616.62675032,2021,5,0,0,0.0,113.8627731323242,25.17252559661865,2021-05-01,0,81.81610670282929,0.0,0.0,146.06859817504883,25.476289463043216,0.0,1,0.00055211125,0
LR1205,Gbehlay-Geh,Nimba,50450.0,616.62675032,2021,6,1,1,1.9821605550049552,336.6487380981445,24.356344604492183,2021-06-01,0,81.81610670282929,0.0,0.0,113.8627731323242,25.17252559661865,0.0,1,0.0022176113,0
LR1205,Gbehlay-Geh,Nimba,50450.0,616.62675032,2021,7,1,1,1.9821605550049552,253.1467643737793,23.440574550628668,2021-07-01,0,81.81610670282929,1.0,1.9821605550049552,336.6487380981445,24.356344604492183,0.3333333333333333,1,0.073448025,0
LR1205,Gbehlay-Geh,Nimba,50450.0,616.62675032,2021,8,40,40,79.28642220019822,325.69407348632814,23.30795078277588,2021-08-01,1,81.81610670282929,1.0,1.9821605550049552,253.1467643737793,23.440574550628668,0.6666666666666666,1,0.88062286,1
LR1205,Gbehlay-Geh,Nimba,50450.0,616.62675032,2021,9,18,18,35.6788899900892,354.5031402587891,23.81496210098267,2021-09-01,1,81.81610670282929,40.0,79.28642220019822,325.69407348632814,23.30795078277588,14.0,1,0.93807584,1
LR1205,Gbehlay-Geh,Nimba,50450.0,616.62675032,2021,10,0,0,0.0,193.3200508117676,24.46323022842408,2021-10-01,0,81.81610670282929,18.0,35.6788899900892,354.5031402587891,23.81496210098267,19.666666666666668,1,0.013299456,0
LR1205,Gbehlay-Geh,Nimba,50450.0,616.62675032,2021,11,0,0,0.0,109.78050994873048,24.54744453430176,2021-11-01,0,81.81610670282929,0.0,0.0,193.3200508117676,24.46323022842408,19.333333333333332,0,0.0012822528,0
LR1205,Gbehlay-Geh,Nimba,50450.0,616.62675032,2021,12,0,0,0.0,13.892357683181764,24.20654859542847,2021-12-01,0,81.81610670282929,0.0,0.0,109.78050994873048,24.54744453430176,6.0,0,0.005100975,0
LR1205,Gbehlay-Geh,Nimba,50450.0,616.62675032,2022,1,0,0,0.0,6.170659947395323,23.60003900527954,2022-01-01,0,81.81610670282929,0.0,0.0,13.892357683181764,24.20654859542847,0.0,0,0.0015432525,0
LR1205,Gbehlay-Geh,Nimba,50450.0,616.62675032,2022,2,0,0,0.0,29.134941959381106,25.999013996124265,2022-02-01,0,81.81610670282929,0.0,0.0,6.170659947395323,23.60003900527954,0.0,0,4.6731628e-05,0
LR1205,Gbehlay-Geh,Nimba,50450.0,616.62675032,2022,3,0,0,0.0,132.15767402648927,26.144070053100585,2022-03-01,0,81.81610670282929,0.0,0.0,29.134941959381106,25.999013996124265,0.0,0,9.1061875e-06,0
LR1205,Gbehlay-Geh,Nimba,50450.0,616.62675032,2022,4,0,0,0.0,167.06561126708985,25.7223876953125,2022-04-01,0,81.81610670282929,0.0,0.0,132.15767402648927,26.144070053100585,0.0,0,5.4944107e-05,0
LR1205,Gbehlay-Geh,Nimba,50450.0,616.62675032,2022,5,0,0,0.0,135.51200790405272,25.073079013824465,2022-05-01,0,81.81610670282929,0.0,0.0,167.06561126708985,25.7223876953125,0.0,1,0.0008764133,0
LR1205,Gbehlay-Geh,Nimba,50450.0,616.62675032,2022,6,0,0,0.0,245.8278015136719,24.30090408325196,2022-06-01,0,81.81610670282929,0.0,0.0,135.51200790405272,25.073079013824465,0.0,1,0.00033400845,0
LR1205,Gbehlay-Geh,Nimba,50450.0,616.62675032,2022,7,1,1,1.9821605550049552,275.9778854370117,23.31818971633912,2022-07-01,0,81.81610670282929,0.0,0.0,245.8278015136719,24.30090408325196,0.0,1,0.0025521938,0
LR1205,Gbehlay-Geh,Nimba,50450.0,616.62675032,2022,8,39,39,77.30426164519326,273.915933227539,22.948648738861085,2022-08-01,1,81.81610670282929,1.0,1.9821605550049552,275.9778854370117,23.31818971633912,0.3333333333333333,1,0.8870809,1
LR1205,Gbehlay-Geh,Nimba,50450.0,616.62675032,2022,9,13,13,25.768087215064423,484.9865066528321,23.47537364959717,2022-09-01,1,81.81610670282929,39.0,77.30426164519326,273.915933227539,22.948648738861085,13.333333333333334,1,0.8989375,1
LR1205,Gbehlay-Geh,Nimba,50450.0,616.62675032,2022,10,1,1,1.9821605550049552,227.4533752441406,24.107103061676025,2022-10-01,0,81.81610670282929,13.0,25.768087215064423,484.9865066528321,23.47537364959717,17.666666666666668,1,0.011866191,0
LR1205,Gbehlay-Geh,Nimba,50450.0,616.62675032,2022,11,0,0,0.0,74.58712100982666,23.83375225067139,2022-11-01,0,81.81610670282929,1.0,1.9821605550049552,227.4533752441406,24.107103061676025,17.666666666666668,0,0.0010229801,0
LR1205,Gbehlay-Geh,Nimba,50450.0,616.62675032,2022,12,3,3,5.946481665014866,22.429592227935792,23.340376281738283,2022-12-01,0,81.81610670282929,0.0,0.0,74.58712100982666,23.83375225067139,4.666666666666667,0,0.00036768752,0
LR1205,Gbehlay-Geh,Nimba,50450.0,616.62675032,2023,1,7,7,13.87512388503469,11.84303126335144,24.160160636901853,2023-01-01,1,81.81610670282929,3.0,5.946481665014866,22.429592227935792,23.340376281738283,1.3333333333333333,0,0.95184976,1
LR1205,Gbehlay-Geh,Nimba,50450.0,616.62675032,2023,2,5,5,9.910802775024775,52.46076412200929,26.011888885498045,2023-02-01,1,81.81610670282929,7.0,13.87512388503469,11.84303126335144,24.160160636901853,3.3333333333333335,0,0.86587685,1
LR1206,Gbi & Doru,Nimba,8118.0,2050.9977465,2020,4,0,0,0.0,175.30336252848306,26.224028748732348,2020-04-01,0,3.9580735833831397,0.0,0.0,259.2279092037317,26.41058804438665,0.0,0,0.00022797112,0
LR1206,Gbi & Doru,Nimba,8118.0,2050.9977465,2020,5,0,0,0.0,242.8411504572088,26.116935172447786,2020-05-01,0,3.9580735833831397,0.0,0.0,175.30336252848306,26.224028748732348,0.0,1,0.00021506136,0
LR1206,Gbi & Doru,Nimba,8118.0,2050.9977465,2020,6,0,0,0.0,331.5850432424835,24.95075680659367,2020-06-01,0,3.9580735833831397,0.0,0.0,242.8411504572088,26.116935172447786,0.0,1,0.003615984,0
LR1206,Gbi & Doru,Nimba,8118.0,2050.9977465,2020,7,0,0,0.0,211.0915922685103,23.76877159705529,2020-07-01,0,3.9580735833831397,0.0,0.0,331.5850432424835,24.95075680659367,0.0,1,0.0006816452,0
LR1206,Gbi & Doru,Nimba,8118.0,2050.9977465,2020,8,0,0,0.0,137.22718972870797,23.48996221102201,2020-08-01,0,3.9580735833831397,0.0,0.0,211.0915922685103,23.76877159705529,0.0,1,0.00016124033,0
LR1206,Gbi & Doru,Nimba,8118.0,2050.9977465,2020,9,0,0,0.0,404.1292632131866,24.35107859097994,2020-09-01,0,3.9580735833831397,0.0,0.0,137.22718972870797,23.48996221102201,0.0,1,0.00022184281,0
LR1206,Gbi & Doru,Nimba,8118.0,2050.9977465,2020,10,0,0,0.0,216.9802974354137,25.14384055504432,2020-10-01,0,3.9580735833831397,0.0,0.0,404.1292632131866,24.35107859097994,0.0,1,0.00030696977,0
LR1206,Gbi & Doru,Nimba,8118.0,2050.9977465,2020,11,0,0,0.0,40.48736459558661,25.38011204646184,2020-11-01,0,3.9580735833831397,0.0,0.0,216.9802974354137,25.14384055504432,0.0,0,0.00035841955,0
LR1206,Gbi & Doru,Nimba,8118.0,2050.9977465,2020,12,0,0,0.0,80.67990759647253,25.40056117131159,2020-12-01,0,3.9580735833831397,0.0,0.0,40.48736459558661,25.38011204646184,0.0,0,1.2876329e-05,0
LR1206,Gbi & Doru,Nimba,8118.0,2050.9977465,2021,1,0,0,0.0,17.88253713376594,25.168642689631536,2021-01-01,0,3.9580735833831397,0.0,0.0,80.67990759647253,25.40056117131159,0.0,0,0.0013232977,0
LR1206,Gbi & Doru,Nimba,8118.0,2050.9977465,2021,2,0,0,0.0,94.38455593224732,25.99783061100887,2021-02-01,0,3.9580735833831397,0.0,0.0,17.88253713376594,25.168642689631536,0.0,0,5.086763e-06,0
LR1206,Gbi & Doru,Nimba,8118.0,2050.9977465,2021,3,0,0,0.0,203.5653351292466,25.59499276968149,2021-03-01,0,3.9580735833831397,0.0,0.0,94.38455593224732,25.99783061100887,0.0,0,1.15207495e-05,0
LR1206,Gbi & Doru,Nimba,8118.0,2050.9977465,2021,4,0,0,0.0,143.65024774724782,25.93630344684308,2021-04-01,0,3.9580735833831397,0.0,0.0,203.5653351292466,25.59499276968149,0.0,0,9.113785e-05,0
LR1206,Gbi & Doru,Nimba,8118.0,2050.9977465,2021,5,0,0,0.0,217.7063940799597,25.91954331031213,2021-05-01,0,3.9580735833831397,0.0,0.0,143.65024774724782,25.93630344684308,0.0,1,0.00011317025,0
LR1206,Gbi & Doru,Nimba,8118.0,2050.9977465,2021,6,0,0,0.0,377.132528594046,25.17892834590032,2021-06-01,0,3.9580735833831397,0.0,0.0,217.7063940799597,25.91954331031213,0.0,1,0.00045622024,0
LR1206,Gbi & Doru,Nimba,8118.0,2050.9977465,2021,7,0,0,0.0,216.2157558094372,24.15528256342961,2021-07-01,0,3.9580735833831397,0.0,0.0,377.132528594046,25.17892834590032,0.0,1,0.00016254256,0
LR1206,Gbi & Doru,Nimba,8118.0,2050.9977465,2021,8,0,0,0.0,361.52855659253663,24.15642201350285,2021-08-01,0,3.9580735833831397,0.0,0.0,216.2157558094372,24.15528256342961,0.0,1,8.6640146e-05,0
LR1206,Gbi & Doru,Nimba,8118.0,2050.9977465,2021,9,0,0,0.0,403.19230929288,24.62033650324894,2021-09-01,0,3.9580735833831397,0.0,0.0,361.52855659253663,24.15642201350285,0.0,1,0.0015841299,0
LR1206,Gbi & Doru,Nimba,8118.0,2050.9977465,2021,10,0,0,0.0,222.81045855897844,25.35838843125563,2021-10-01,0,3.9580735833831397,0.0,0.0,403.19230929288,24.62033650324894,0.0,1,9.917627e-05,0
LR1206,Gbi & Doru,Nimba,8118.0,2050.9977465,2021,11,0,0,0.0,96.1710274436257,25.55933729318472,2021-11-01,0,3.9580735833831397,0.0,0.0,222.81045855897844,25.35838843125563,0.0,0,0.0002849713,0
LR1206,Gbi & Doru,Nimba,8118.0,2050.9977465,2021,12,0,0,0.0,24.443519375540983,25.526539318378152,2021-12-01,0,3.9580735833831397,0.0,0.0,96.1710274436257,25.55933729318472,0.0,0,0.006132774,0
LR1206,Gbi & Doru,Nimba,8118.0,2050.9977465,2022,1,0,0,0.0,17.264700586145576,24.53005330012395,2022-01-01,0,3.9580735833831397,0.0,0.0,24.443519375540983,25.526539318378152,0.0,0,0.0003717535,0
LR1206,Gbi & Doru,Nimba,8118.0,2050.9977465,2022,2,0,0,0.0,49.06134096781413,25.79077303959773,2022-02-01,0,3.9580735833831397,0.0,0.0,17.264700586145576,24.53005330012395,0.0,0,8.841076e-06,0
LR1206,Gbi & Doru,Nimba,8118.0,2050.9977465,2022,3,0,0,0.0,143.98659538500232,26.099334658109225,2022-03-01,0,3.9580735833831397,0.0,0.0,49.06134096781413,25.79077303959773,0.0,0,2.1896889e-05,0
LR1206,Gbi & Doru,Nimba,8118.0,2050.9977465,2022,4,0,0,0.0,176.94577026367193,26.10244252131536,2022-04-01,0,3.9580735833831397,0.0,0.0,143.98659538500232,26.099334658109225,0.0,0,4.0759984e-05,0
LR1206,Gbi & Doru,Nimba,8118.0,2050.9977465,2022,5,0,0,0.0,219.7734504468514,25.755613591120788,2022-05-01,0,3.9580735833831397,0.0,0.0,176.94577026367193,26.10244252131536,0.0,1,9.045774e-05,0
LR1206,Gbi & Doru,Nimba,8118.0,2050.9977465,2022,6,0,0,0.0,386.1166238495798,24.88473865802472,2022-06-01,0,3.9580735833831397,0.0,0.0,219.7734504468514,25.755613591120788,0.0,1,0.0004772698,0
LR1206,Gbi & Doru,Nimba,8118.0,2050.9977465,2022,7,0,0,0.0,133.2862469066273,23.903195777306195,2022-07-01,0,3.9580735833831397,0.0,0.0,386.1166238495798,24.88473865802472,0.0,1,0.00015243585,0
LR1206,Gbi & Doru,Nimba,8118.0,2050.9977465,2022,8,0,0,0.0,231.0678359522965,23.638025254469653,2022-08-01,0,3.9580735833831397,0.0,0.0,133.2862469066273,23.903195777306195,0.0,1,3.2589196e-05,0
LR1206,Gbi & Doru,Nimba,8118.0,2050.9977465,2022,9,0,0,0.0,329.4915586529356,24.109901985755336,2022-09-01,0,3.9580735833831397,0.0,0.0,231.0678359522965,23.638025254469653,0.0,1,0.0004655147,0
LR1206,Gbi & Doru,Nimba,8118.0,2050.9977465,2022,10,0,0,0.0,256.9511679447058,25.096540010892426,2022-10-01,0,3.9580735833831397,0.0,0.0,329.4915586529356,24.109901985755336,0.0,1,0.00013442528,0
LR1206,Gbi & Doru,Nimba,8118.0,2050.9977465,2022,11,0,0,0.0,120.81205252445103,25.03797513521636,2022-11-01,0,3.9580735833831397,0.0,0.0,256.9511679447058,25.096540010892426,0.0,0,3.0768468e-05,0
LR1206,Gbi & Doru,Nimba,8118.0,2050.9977465,2022,12,0,0,0.0,47.23303757291853,24.6532275566688,2022-12-01,0,3.9580735833831397,0.0,0.0,120.81205252445103,25.03797513521636,0.0,0,0.00037407654,0
LR1206,Gbi & Doru,Nimba,8118.0,2050.9977465,2023,1,0,0,0.0,19.96023990168716,24.65050970224233,2023-01-01,0,3.9580735833831397,0.0,0.0,47.23303757291853,24.6532275566688,0.0,0,1.2999824e-05,0
LR1206,Gbi & Doru,Nimba,8118.0,2050.9977465,2023,2,0,0,0.0,31.142012827324148,26.128935593825112,2023-02-01,0,3.9580735833831397,0.0,0.0,19.96023990168716,24.65050970224233,0.0,0,3.696731e-05,0
LR1207,Gbor,Nimba,10680.0,132.39165812,2020,4,0,0,0.0,174.02484512329102,26.080895614624023,2020-04-01,0,80.66973517560776,0.0,0.0,195.6586456298828,26.540527725219725,0.0,0,0.00037470614,0
LR1207,Gbor,Nimba,10680.0,132.39165812,2020,5,0,0,0.0,174.98585891723633,25.9153694152832,2020-05-01,0,80.66973517560776,0.0,0.0,174.02484512329102,26.080895614624023,0.0,1,3.646198e-05,0
LR1207,Gbor,Nimba,10680.0,132.39165812,2020,6,0,0,0.0,249.94276428222656,24.65721778869629,2020-06-01,0,80.66973517560776,0.0,0.0,174.98585891723633,25.9153694152832,0.0,1,0.012136333,0
LR1207,Gbor,Nimba,10680.0,132.39165812,2020,7,0,0,0.0,241.67635345458984,23.41130561828613,2020-07-01,0,80.66973517560776,0.0,0.0,249.94276428222656,24.65721778869629,0.0,1,0.00017990204,0
LR1207,Gbor,Nimba,10680.0,132.39165812,2020,8,0,0,0.0,250.6045150756836,23.113937759399413,2020-08-01,0,80.66973517560776,0.0,0.0,241.67635345458984,23.41130561828613,0.0,1,0.0009753723,0
LR1207,Gbor,Nimba,10680.0,132.39165812,2020,9,0,0,0.0,353.8982467651367,24.0379280090332,2020-09-01,0,80.66973517560776,0.0,0.0,250.6045150756836,23.113937759399413,0.0,1,0.0004946075,0
LR1207,Gbor,Nimba,10680.0,132.39165812,2020,10,0,0,0.0,196.5830421447754,24.64297752380371,2020-10-01,0,80.66973517560776,0.0,0.0,353.8982467651367,24.0379280090332,0.0,1,0.00024906624,0
LR1207,Gbor,Nimba,10680.0,132.39165812,2020,11,0,0,0.0,25.04566192626953,24.739556884765623,2020-11-01,0,80.66973517560776,0.0,0.0,196.5830421447754,24.64297752380371,0.0,0,0.00049571076,0
LR1207,Gbor,Nimba,10680.0,132.39165812,2020,12,0,0,0.0,51.58826732635498,24.886763763427734,2020-12-01,0,80.66973517560776,0.0,0.0,25.04566192626953,24.739556884765623,0.0,0,3.1078194e-05,0
LR1207,Gbor,Nimba,10680.0,132.39165812,2021,1,0,0,0.0,13.09264612197876,25.20758438110352,2021-01-01,0,80.66973517560776,0.0,0.0,51.58826732635498,24.886763763427734,0.0,0,0.00041091943,0
LR1207,Gbor,Nimba,10680.0,132.39165812,2021,2,0,0,0.0,90.5948085784912,26.33109512329101,2021-02-01,0,80.66973517560776,0.0,0.0,13.09264612197876,25.20758438110352,0.0,0,9.672121e-06,0
LR1207,Gbor,Nimba,10680.0,132.39165812,2021,3,0,0,0.0,152.71862030029297,25.752445220947266,2021-03-01,0,80.66973517560776,0.0,0.0,90.5948085784912,26.33109512329101,0.0,0,2.936621e-05,0
LR1207,Gbor,Nimba,10680.0,132.39165812,2021,4,0,0,0.0,143.51769256591797,25.624823760986327,2021-04-01,0,80.66973517560776,0.0,0.0,152.71862030029297,25.752445220947266,0.0,0,0.00010193265,0
LR1207,Gbor,Nimba,10680.0,132.39165812,2021,5,0,0,0.0,128.89561462402344,25.504037857055664,2021-05-01,0,80.66973517560776,0.0,0.0,143.51769256591797,25.624823760986327,0.0,1,0.0013832373,0
LR1207,Gbor,Nimba,10680.0,132.39165812,2021,6,0,0,0.0,328.42235565185547,24.75193519592285,2021-06-01,0,80.66973517560776,0.0,0.0,128.89561462402344,25.504037857055664,0.0,1,0.0063740867,0
LR1207,Gbor,Nimba,10680.0,132.39165812,2021,7,0,0,0.0,225.0852813720703,23.83578948974609,2021-07-01,0,80.66973517560776,0.0,0.0,328.42235565185547,24.75193519592285,0.0,1,0.00048540864,0
LR1207,Gbor,Nimba,10680.0,132.39165812,2021,8,0,0,0.0,372.6935424804688,23.68128089904785,2021-08-01,0,80.66973517560776,0.0,0.0,225.0852813720703,23.83578948974609,0.0,1,6.706583e-05,0
LR1207,Gbor,Nimba,10680.0,132.39165812,2021,9,0,0,0.0,391.26759338378906,24.184890747070312,2021-09-01,0,80.66973517560776,0.0,0.0,372.6935424804688,23.68128089904785,0.0,1,9.436043e-05,0
LR1207,Gbor,Nimba,10680.0,132.39165812,2021,10,0,0,0.0,168.16498947143555,24.90081214904785,2021-10-01,0,80.66973517560776,0.0,0.0,391.26759338378906,24.184890747070312,0.0,1,0.000445183,0
LR1207,Gbor,Nimba,10680.0,132.39165812,2021,11,0,0,0.0,103.38448905944824,25.03087615966797,2021-11-01,0,80.66973517560776,0.0,0.0,168.16498947143555,24.90081214904785,0.0,0,6.723963e-05,0
LR1207,Gbor,Nimba,10680.0,132.39165812,2021,12,0,0,0.0,17.80840539932251,24.77969398498535,2021-12-01,0,80.66973517560776,0.0,0.0,103.38448905944824,25.03087615966797,0.0,0,0.0012392469,0
LR1207,Gbor,Nimba,10680.0,132.39165812,2022,1,0,0,0.0,6.2213170528411865,24.00426063537597,2022-01-01,0,80.66973517560776,0.0,0.0,17.80840539932251,24.77969398498535,0.0,0,0.0010263768,0
LR1207,Gbor,Nimba,10680.0,132.39165812,2022,2,0,0,0.0,31.27310562133789,26.16506462097168,2022-02-01,0,80.66973517560776,0.0,0.0,6.2213170528411865,24.00426063537597,0.0,0,5.6144476e-05,0
LR1207,Gbor,Nimba,10680.0,132.39165812,2022,3,0,0,0.0,137.1413612365723,26.303596115112303,2022-03-01,0,80.66973517560776,0.0,0.0,31.27310562133789,26.16506462097168,0.0,0,8.989967e-06,0
LR1207,Gbor,Nimba,10680.0,132.39165812,2022,4,0,0,0.0,165.38608932495117,26.16027107238769,2022-04-01,0,80.66973517560776,0.0,0.0,137.1413612365723,26.303596115112303,0.0,0,0.00013186973,0
LR1207,Gbor,Nimba,10680.0,132.39165812,2022,5,0,0,0.0,151.1156005859375,25.460459899902343,2022-05-01,0,80.66973517560776,0.0,0.0,165.38608932495117,26.16027107238769,0.0,1,0.00030663604,0
LR1207,Gbor,Nimba,10680.0,132.39165812,2022,6,0,0,0.0,255.6982307434082,24.57474021911621,2022-06-01,0,80.66973517560776,0.0,0.0,151.1156005859375,25.460459899902343,0.0,1,0.002171751,0
LR1207,Gbor,Nimba,10680.0,132.39165812,2022,7,0,0,0.0,261.03878021240234,23.62980117797852,2022-07-01,0,80.66973517560776,0.0,0.0,255.6982307434082,24.57474021911621,0.0,1,0.0002736001,0
LR1207,Gbor,Nimba,10680.0,132.39165812,2022,8,0,0,0.0,262.27796173095703,23.268416595458984,2022-08-01,0,80.66973517560776,0.0,0.0,261.03878021240234,23.62980117797852,0.0,1,0.00040123827,0
LR1207,Gbor,Nimba,10680.0,132.39165812,2022,9,0,0,0.0,450.0051956176758,23.785678100585937,2022-09-01,0,80.66973517560776,0.0,0.0,262.27796173095703,23.268416595458984,0.0,1,0.0002263245,0
LR1207,Gbor,Nimba,10680.0,132.39165812,2022,10,0,0,0.0,217.49359512329104,24.59723281860352,2022-10-01,0,80.66973517560776,0.0,0.0,450.0051956176758,23.785678100585937,0.0,1,0.000657885,0
LR1207,Gbor,Nimba,10680.0,132.39165812,2022,11,0,0,0.0,77.41372299194336,24.37131805419921,2022-11-01,0,80.66973517560776,0.0,0.0,217.49359512329104,24.59723281860352,0.0,0,4.9153838e-05,0
LR1207,Gbor,Nimba,10680.0,132.39165812,2022,12,0,0,0.0,22.01609230041504,23.86980094909668,2022-12-01,0,80.66973517560776,0.0,0.0,77.41372299194336,24.37131805419921,0.0,0,3.145643e-05,0
LR1207,Gbor,Nimba,10680.0,132.39165812,2023,1,0,0,0.0,13.298563718795776,24.60235061645508,2023-01-01,0,80.66973517560776,0.0,0.0,22.01609230041504,23.86980094909668,0.0,0,0.0005162191,0
LR1207,Gbor,Nimba,10680.0,132.39165812,2023,2,0,0,0.0,49.09656238555908,26.38262596130371,2023-02-01,0,80.66973517560776,0.0,0.0,13.298563718795776,24.60235061645508,0.0,0,1.9741374e-05,0
LR1208,Kparblee,Nimba,16958.0,288.68180565,2020,4,0,0,0.0,158.92319974032316,26.022364480154856,2020-04-01,0,58.74287768783048,0.0,0.0,214.35204939408737,26.2578536442348,0.0,0,0.00014929674,0
LR1208,Kparblee,Nimba,16958.0,288.68180565,2020,5,0,0,0.0,204.12395407936788,25.981718063354496,2020-05-01,0,58.74287768783048,0.0,0.0,158.92319974032316,26.022364480154856,0.0,1,6.2508184e-06,0
LR1208,Kparblee,Nimba,16958.0,288.68180565,2020,6,0,0,0.0,238.3647696755149,24.78759057181222,2020-06-01,0,58.74287768783048,0.0,0.0,204.12395407936788,25.981718063354496,0.0,1,0.00089480786,0
LR1208,Kparblee,Nimba,16958.0,288.68180565,2020,7,0,0,0.0,161.84391645951703,23.58601869855608,2020-07-01,0,58.74287768783048,0.0,0.0,238.3647696755149,24.78759057181222,0.0,1,6.831282e-05,0
LR1208,Kparblee,Nimba,16958.0,288.68180565,2020,8,0,0,0.0,170.47434720126066,23.282096317836213,2020-08-01,0,58.74287768783048,0.0,0.0,161.84391645951703,23.58601869855608,0.0,1,6.860129e-05,0
LR1208,Kparblee,Nimba,16958.0,288.68180565,2020,9,0,0,0.0,357.32077581232244,24.17838859558106,2020-09-01,0,58.74287768783048,0.0,0.0,170.47434720126066,23.282096317836213,0.0,1,0.0005669157,0
LR1208,Kparblee,Nimba,16958.0,288.68180565,2020,10,0,0,0.0,163.34166648171163,24.85626983642578,2020-10-01,0,58.74287768783048,0.0,0.0,357.32077581232244,24.17838859558106,0.0,1,0.000119682205,0
LR1208,Kparblee,Nimba,16958.0,288.68180565,2020,11,0,0,0.0,27.940710067749023,25.04153142656599,2020-11-01,0,58.74287768783048,0.0,0.0,163.34166648171163,24.85626983642578,0.0,0,0.00017368286,0
LR1208,Kparblee,Nimba,16958.0,288.68180565,2020,12,0,0,0.0,68.28649416836824,25.02802903311593,2020-12-01,0,58.74287768783048,0.0,0.0,27.940710067749023,25.04153142656599,0.0,0,2.237864e-05,0
LR1208,Kparblee,Nimba,16958.0,288.68180565,2021,1,0,0,0.0,14.57852519642223,24.98658561706543,2021-01-01,0,58.74287768783048,0.0,0.0,68.28649416836824,25.02802903311593,0.0,0,0.002044597,0
LR1208,Kparblee,Nimba,16958.0,288.68180565,2021,2,0,0,0.0,85.61704600941052,25.95337649754116,2021-02-01,0,58.74287768783048,0.0,0.0,14.57852519642223,24.98658561706543,0.0,0,5.3837907e-06,0
LR1208,Kparblee,Nimba,16958.0,288.68180565,2021,3,0,0,0.0,144.39189217307353,25.57405063084193,2021-03-01,0,58.74287768783048,0.0,0.0,85.61704600941052,25.95337649754116,0.0,0,2.764585e-06,0
LR1208,Kparblee,Nimba,16958.0,288.68180565,2021,4,0,0,0.0,135.66524574973366,25.72006252833776,2021-04-01,0,58.74287768783048,0.0,0.0,144.39189217307353,25.57405063084193,0.0,0,1.005791e-05,0
LR1208,Kparblee,Nimba,16958.0,288.68180565,2021,5,0,0,0.0,135.78481154008344,25.706781114850727,2021-05-01,0,58.74287768783048,0.0,0.0,135.66524574973366,25.72006252833776,0.0,1,1.5462374e-05,0
LR1208,Kparblee,Nimba,16958.0,288.68180565,2021,6,0,0,0.0,319.3692044344815,24.944643565586635,2021-06-01,0,58.74287768783048,0.0,0.0,135.78481154008344,25.706781114850727,0.0,1,0.0011994169,0
LR1208,Kparblee,Nimba,16958.0,288.68180565,2021,7,0,0,0.0,144.4619695490057,23.98093468802316,2021-07-01,0,58.74287768783048,0.0,0.0,319.3692044344815,24.944643565586635,0.0,1,0.00126946,0
LR1208,Kparblee,Nimba,16958.0,288.68180565,2021,8,0,0,0.0,386.3614335493608,23.909581865583142,2021-08-01,0,58.74287768783048,0.0,0.0,144.4619695490057,23.98093468802316,0.0,1,6.3614214e-05,0
LR1208,Kparblee,Nimba,16958.0,288.68180565,2021,9,0,0,0.0,391.66950295188207,24.390744073050364,2021-09-01,0,58.74287768783048,0.0,0.0,386.3614335493608,23.909581865583142,0.0,1,0.00013093313,0
LR1208,Kparblee,Nimba,16958.0,288.68180565,2021,10,0,0,0.0,172.4429404518821,25.1097412109375,2021-10-01,0,58.74287768783048,0.0,0.0,391.66950295188207,24.390744073050364,0.0,1,3.135936e-05,0
LR1208,Kparblee,Nimba,16958.0,288.68180565,2021,11,0,0,0.0,76.56784959272905,25.25739506312779,2021-11-01,0,58.74287768783048,0.0,0.0,172.4429404518821,25.1097412109375,0.0,0,1.090155e-05,0
LR1208,Kparblee,Nimba,16958.0,288.68180565,2021,12,0,0,0.0,19.42157537286932,25.029916218348912,2021-12-01,0,58.74287768783048,0.0,0.0,76.56784959272905,25.25739506312779,0.0,0,0.00031594496,0
LR1208,Kparblee,Nimba,16958.0,288.68180565,2022,1,0,0,0.0,11.276337363503195,24.03634480067662,2022-01-01,0,58.74287768783048,0.0,0.0,19.42157537286932,25.029916218348912,0.0,0,0.0038887335,0
LR1208,Kparblee,Nimba,16958.0,288.68180565,2022,2,0,0,0.0,31.879219575361777,25.75193214416504,2022-02-01,0,58.74287768783048,0.0,0.0,11.276337363503195,24.03634480067662,0.0,0,1.33732165e-05,0
LR1208,Kparblee,Nimba,16958.0,288.68180565,2022,3,4,4,23.587687227267367,111.1683647849343,26.093916756766184,2022-03-01,0,58.74287768783048,0.0,0.0,31.879219575361777,25.75193214416504,0.0,0,4.574033e-06,0
LR1208,Kparblee,Nimba,16958.0,288.68180565,2022,4,0,0,0.0,165.65477267178622,26.02396174839565,2022-04-01,0,58.74287768783048,4.0,23.587687227267367,111.1683647849343,26.093916756766184,1.3333333333333333,0,0.0011442357,0
LR1208,Kparblee,Nimba,16958.0,288.68180565,2022,5,0,0,0.0,178.81537697531962,25.546072006225582,2022-05-01,0,58.74287768783048,0.0,0.0,165.65477267178622,26.02396174839565,1.3333333333333333,1,0.00017004256,0
LR1208,Kparblee,Nimba,16958.0,288.68180565,2022,6,0,0,0.0,235.9799971147017,24.72920717511858,2022-06-01,0,58.74287768783048,0.0,0.0,178.81537697531962,25.546072006225582,1.3333333333333333,1,0.0045018448,0
LR1208,Kparblee,Nimba,16958.0,288.68180565,2022,7,0,0,0.0,149.4194127863104,23.758408410208563,2022-07-01,0,58.74287768783048,0.0,0.0,235.9799971147017,24.72920717511858,0.0,1,6.831282e-05,0
LR1208,Kparblee,Nimba,16958.0,288.68180565,2022,8,0,0,0.0,241.84062749689272,23.426991871425084,2022-08-01,0,58.74287768783048,0.0,0.0,149.4194127863104,23.758408410208563,0.0,1,4.1020663e-05,0
LR1208,Kparblee,Nimba,16958.0,288.68180565,2022,9,0,0,0.0,316.50736860795456,23.926096235002788,2022-09-01,0,58.74287768783048,0.0,0.0,241.84062749689272,23.426991871425084,0.0,1,0.0028663164,0
LR1208,Kparblee,Nimba,16958.0,288.68180565,2022,10,0,0,0.0,192.80061756480825,24.799792970929825,2022-10-01,0,58.74287768783048,0.0,0.0,316.50736860795456,23.926096235002788,0.0,1,0.00011687308,0
LR1208,Kparblee,Nimba,16958.0,288.68180565,2022,11,0,0,0.0,49.541435241699226,24.655306679861887,2022-11-01,0,58.74287768783048,0.0,0.0,192.80061756480825,24.799792970929825,0.0,0,3.4531357e-05,0
LR1208,Kparblee,Nimba,16958.0,288.68180565,2022,12,0,0,0.0,36.439021370627664,24.09764398847308,2022-12-01,0,58.74287768783048,0.0,0.0,49.541435241699226,24.655306679861887,0.0,0,2.178024e-05,0
LR1208,Kparblee,Nimba,16958.0,288.68180565,2023,1,0,0,0.0,19.08507849953391,24.252143042428152,2023-01-01,0,58.74287768783048,0.0,0.0,36.439021370627664,24.09764398847308,0.0,0,6.975293e-05,0
LR1208,Kparblee,Nimba,16958.0,288.68180565,2023,2,0,0,0.0,35.48971956426448,25.929449898856024,2023-02-01,0,58.74287768783048,0.0,0.0,19.08507849953391,24.252143042428152,0.0,0,2.5001851e-05,0
LR1209,Leewehpea-Mahn,Nimba,27207.0,355.25028808,2020,4,0,0,0.0,185.4135360717773,26.0351808988131,2020-04-01,0,76.58544106197364,0.0,0.0,207.65015563964843,26.45991061283992,0.0,0,0.00038031177,0
LR1209,Leewehpea-Mahn,Nimba,27207.0,355.25028808,2020,5,0,0,0.0,184.4005294799805,25.878666951106148,2020-05-01,0,76.58544106197364,0.0,0.0,185.4135360717773,26.0351808988131,0.0,1,3.3815853e-05,0
LR1209,Leewehpea-Mahn,Nimba,27207.0,355.25028808,2020,6,1,1,3.675524681148234,226.17786712646483,24.666203278761643,2020-06-01,0,76.58544106197364,0.0,0.0,184.4005294799805,25.878666951106148,0.0,1,0.017932277,0
LR1209,Leewehpea-Mahn,Nimba,27207.0,355.25028808,2020,7,1,1,3.675524681148234,226.067790222168,23.41627942598783,2020-07-01,0,76.58544106197364,1.0,3.675524681148234,226.17786712646483,24.666203278761643,0.3333333333333333,1,0.040077295,0
LR1209,Leewehpea-Mahn,Nimba,27207.0,355.25028808,2020,8,0,0,0.0,231.8248062133789,23.11181552593525,2020-08-01,0,76.58544106197364,1.0,3.675524681148234,226.067790222168,23.41627942598783,0.6666666666666666,1,0.0497625,0
LR1209,Leewehpea-Mahn,Nimba,27207.0,355.25028808,2020,9,0,0,0.0,328.37871398925785,24.044279391949,2020-09-01,0,76.58544106197364,0.0,0.0,231.8248062133789,23.11181552593525,0.6666666666666666,1,0.0009418964,0
LR1209,Leewehpea-Mahn,Nimba,27207.0,355.25028808,2020,10,0,0,0.0,193.98749694824207,24.66096027080829,2020-10-01,0,76.58544106197364,0.0,0.0,328.37871398925785,24.044279391949,0.3333333333333333,1,0.0009481397,0
LR1209,Leewehpea-Mahn,Nimba,27207.0,355.25028808,2020,11,0,0,0.0,27.977663040161133,24.74570509103628,2020-11-01,0,76.58544106197364,0.0,0.0,193.98749694824207,24.66096027080829,0.0,0,0.00033167333,0
LR1209,Leewehpea-Mahn,Nimba,27207.0,355.25028808,2020,12,0,0,0.0,55.59261054992675,24.882215646597057,2020-12-01,0,76.58544106197364,0.0,0.0,27.977663040161133,24.74570509103628,0.0,0,2.4348745e-05,0
LR1209,Leewehpea-Mahn,Nimba,27207.0,355.25028808,2021,1,0,0,0.0,13.401538181304932,25.097324224618763,2021-01-01,0,76.58544106197364,0.0,0.0,55.59261054992675,24.882215646597057,0.0,0,0.00027493344,0
LR1209,Leewehpea-Mahn,Nimba,27207.0,355.25028808,2021,2,0,0,0.0,92.13908309936524,26.197040557861328,2021-02-01,0,76.58544106197364,0.0,0.0,13.401538181304932,25.097324224618763,0.0,0,6.15631e-06,0
LR1209,Leewehpea-Mahn,Nimba,27207.0,355.25028808,2021,3,0,0,0.0,168.91038818359377,25.6905340047983,2021-03-01,0,76.58544106197364,0.0,0.0,92.13908309936524,26.197040557861328,0.0,0,2.0832322e-05,0
LR1209,Leewehpea-Mahn,Nimba,27207.0,355.25028808,2021,4,0,0,0.0,148.91822509765623,25.63140517014724,2021-04-01,0,76.58544106197364,0.0,0.0,168.91038818359377,25.6905340047983,0.0,0,4.7015874e-05,0
LR1209,Leewehpea-Mahn,Nimba,27207.0,355.25028808,2021,5,0,0,0.0,148.46355590820312,25.512491813072792,2021-05-01,0,76.58544106197364,0.0,0.0,148.91822509765623,25.63140517014724,0.0,1,0.0003674643,0
LR1209,Leewehpea-Mahn,Nimba,27207.0,355.25028808,2021,6,0,0,0.0,317.46562805175785,24.75625140850361,2021-06-01,0,76.58544106197364,0.0,0.0,148.46355590820312,25.512491813072792,0.0,1,0.009273396,0
LR1209,Leewehpea-Mahn,Nimba,27207.0,355.25028808,2021,7,0,0,0.0,225.4897735595703,23.83269133934608,2021-07-01,0,76.58544106197364,0.0,0.0,317.46562805175785,24.75625140850361,0.0,1,0.00030854775,0
LR1209,Leewehpea-Mahn,Nimba,27207.0,355.25028808,2021,8,0,0,0.0,356.83110961914065,23.686251126802883,2021-08-01,0,76.58544106197364,0.0,0.0,225.4897735595703,23.83269133934608,0.0,1,0.0002039078,0
LR1209,Leewehpea-Mahn,Nimba,27207.0,355.25028808,2021,9,0,0,0.0,382.8836761474609,24.196575458233173,2021-09-01,0,76.58544106197364,0.0,0.0,356.83110961914065,23.686251126802883,0.0,1,6.31269e-05,0
LR1209,Leewehpea-Mahn,Nimba,27207.0,355.25028808,2021,10,0,0,0.0,166.7519485473633,24.91679294292744,2021-10-01,0,76.58544106197364,0.0,0.0,382.8836761474609,24.196575458233173,0.0,1,9.968496e-05,0
LR1209,Leewehpea-Mahn,Nimba,27207.0,355.25028808,2021,11,0,0,0.0,115.7834487915039,25.04210530794584,2021-11-01,0,76.58544106197364,0.0,0.0,166.7519485473633,24.91679294292744,0.0,0,4.4982695e-05,0
LR1209,Leewehpea-Mahn,Nimba,27207.0,355.25028808,2021,12,0,0,0.0,19.828088760375977,24.790336608886715,2021-12-01,0,76.58544106197364,0.0,0.0,115.7834487915039,25.04210530794584,0.0,0,0.0034864813,0
LR1209,Leewehpea-Mahn,Nimba,27207.0,355.25028808,2022,1,0,0,0.0,6.49793405532837,23.95713365994967,2022-01-01,0,76.58544106197364,0.0,0.0,19.828088760375977,24.790336608886715,0.0,0,0.001633047,0
LR1209,Leewehpea-Mahn,Nimba,27207.0,355.25028808,2022,2,0,0,0.0,29.87126274108887,25.98844924339882,2022-02-01,0,76.58544106197364,0.0,0.0,6.49793405532837,23.95713365994967,0.0,0,3.5202902e-05,0
LR1209,Leewehpea-Mahn,Nimba,27207.0,355.25028808,2022,3,0,0,0.0,151.2912078857422,26.188318399282604,2022-03-01,0,76.58544106197364,0.0,0.0,29.87126274108887,25.98844924339882,0.0,0,2.9264115e-06,0
LR1209,Leewehpea-Mahn,Nimba,27207.0,355.25028808,2022,4,0,0,0.0,170.75579986572262,26.068046276385967,2022-04-01,0,76.58544106197364,0.0,0.0,151.2912078857422,26.188318399282604,0.0,0,7.552347e-05,0
LR1209,Leewehpea-Mahn,Nimba,27207.0,355.25028808,2022,5,0,0,0.0,165.38827819824218,25.43910789489746,2022-05-01,0,76.58544106197364,0.0,0.0,170.75579986572262,26.068046276385967,0.0,1,0.00015614813,0
LR1209,Leewehpea-Mahn,Nimba,27207.0,355.25028808,2022,6,0,0,0.0,224.7501647949219,24.56893451397236,2022-06-01,0,76.58544106197364,0.0,0.0,165.38827819824218,25.43910789489746,0.0,1,0.0024607694,0
LR1209,Leewehpea-Mahn,Nimba,27207.0,355.25028808,2022,7,3,3,11.026574043444702,254.5177276611328,23.62528155400203,2022-07-01,0,76.58544106197364,0.0,0.0,224.7501647949219,24.56893451397236,0.0,1,8.3399835e-05,0
LR1209,Leewehpea-Mahn,Nimba,27207.0,355.25028808,2022,8,1,1,3.675524681148234,285.9760131835937,23.26829572824332,2022-08-01,0,76.58544106197364,3.0,11.026574043444702,254.5177276611328,23.62528155400203,1.0,1,0.044508833,0
LR1209,Leewehpea-Mahn,Nimba,27207.0,355.25028808,2022,9,2,2,7.351049362296468,417.7540985107422,23.78883860661433,2022-09-01,0,76.58544106197364,1.0,3.675524681148234,285.9760131835937,23.26829572824332,1.3333333333333333,1,0.0036752648,0
LR1209,Leewehpea-Mahn,Nimba,27207.0,355.25028808,2022,10,0,0,0.0,214.3622055053711,24.60900394733136,2022-10-01,0,76.58544106197364,2.0,7.351049362296468,417.7540985107422,23.78883860661433,2.0,1,0.004902888,0
LR1209,Leewehpea-Mahn,Nimba,27207.0,355.25028808,2022,11,0,0,0.0,82.82392654418946,24.38241239694448,2022-11-01,0,76.58544106197364,0.0,0.0,214.3622055053711,24.60900394733136,1.0,0,0.00017079996,0
LR1209,Leewehpea-Mahn,Nimba,27207.0,355.25028808,2022,12,0,0,0.0,24.43983726501465,23.885244662945084,2022-12-01,0,76.58544106197364,0.0,0.0,82.82392654418946,24.38241239694448,0.6666666666666666,0,4.3321394e-05,0
LR1209,Leewehpea-Mahn,Nimba,27207.0,355.25028808,2023,1,0,0,0.0,13.958356475830078,24.49930147024301,2023-01-01,0,76.58544106197364,0.0,0.0,24.43983726501465,23.885244662945084,0.0,0,0.00034539722,0
LR1209,Leewehpea-Mahn,Nimba,27207.0,355.25028808,2023,2,0,0,0.0,44.8521598815918,26.264147978562576,2023-02-01,0,76.58544106197364,0.0,0.0,13.958356475830078,24.49930147024301,0.0,0,1.638933e-05,0
LR1210,Meinpea-Mahn,Nimba,29313.0,695.75490112,2020,4,0,0,0.0,188.49230824346128,25.986700223839804,2020-04-01,0,42.13121596817074,0.0,0.0,188.65629046896228,26.339242188826848,0.0,0,7.655745e-06,0
LR1210,Meinpea-Mahn,Nimba,29313.0,695.75490112,2020,5,0,0,0.0,193.3559218696926,25.84769597260848,2020-05-01,0,42.13121596817074,0.0,0.0,188.49230824346128,25.986700223839804,0.0,1,1.7824814e-05,0
LR1210,Meinpea-Mahn,Nimba,29313.0,695.75490112,2020,6,0,0,0.0,216.86916716202447,24.72375960971998,2020-06-01,0,42.13121596817074,0.0,0.0,193.3559218696926,25.84769597260848,0.0,1,0.001268789,0
LR1210,Meinpea-Mahn,Nimba,29313.0,695.75490112,2020,7,0,0,0.0,240.2715752643088,23.46382555754289,2020-07-01,0,42.13121596817074,0.0,0.0,216.86916716202447,24.72375960971998,0.0,1,0.00016319248,0
LR1210,Meinpea-Mahn,Nimba,29313.0,695.75490112,2020,8,0,0,0.0,223.88518026600715,23.138060694155484,2020-08-01,0,42.13121596817074,0.0,0.0,240.2715752643088,23.46382555754289,0.0,1,0.0006199512,0
LR1210,Meinpea-Mahn,Nimba,29313.0,695.75490112,2020,9,0,0,0.0,328.7886166779892,24.09099288608717,2020-09-01,0,42.13121596817074,0.0,0.0,223.88518026600715,23.138060694155484,0.0,1,0.00032986203,0
LR1210,Meinpea-Mahn,Nimba,29313.0,695.75490112,2020,10,0,0,0.0,190.31271096934444,24.74060663969621,2020-10-01,0,42.13121596817074,0.0,0.0,328.7886166779892,24.09099288608717,0.0,1,7.979436e-05,0
LR1210,Meinpea-Mahn,Nimba,29313.0,695.75490112,2020,11,0,0,0.0,30.170899681423027,24.797847167305324,2020-11-01,0,42.13121596817074,0.0,0.0,190.31271096934444,24.74060663969621,0.0,0,4.056571e-05,0
LR1210,Meinpea-Mahn,Nimba,29313.0,695.75490112,2020,12,0,0,0.0,59.69083371369735,24.909243542215098,2020-12-01,0,42.13121596817074,0.0,0.0,30.170899681423027,24.797847167305324,0.0,0,5.033061e-06,0
LR1210,Meinpea-Mahn,Nimba,29313.0,695.75490112,2021,1,0,0,0.0,15.834714889526364,24.88538692308509,2021-01-01,0,42.13121596817074,0.0,0.0,59.69083371369735,24.909243542215098,0.0,0,1.2187131e-05,0
LR1210,Meinpea-Mahn,Nimba,29313.0,695.75490112,2021,2,0,0,0.0,101.81652765688688,25.94764203610628,2021-02-01,0,42.13121596817074,0.0,0.0,15.834714889526364,24.88538692308509,0.0,0,8.2418876e-07,0
LR1210,Meinpea-Mahn,Nimba,29313.0,695.75490112,2021,3,0,0,0.0,159.69679260253903,25.60389402638312,2021-03-01,0,42.13121596817074,0.0,0.0,101.81652765688688,25.94764203610628,0.0,0,2.3097373e-06,0
LR1210,Meinpea-Mahn,Nimba,29313.0,695.75490112,2021,4,0,0,0.0,153.82328862729284,25.68976103741189,2021-04-01,0,42.13121596817074,0.0,0.0,159.69679260253903,25.60389402638312,0.0,0,3.4521777e-06,0
LR1210,Meinpea-Mahn,Nimba,29313.0,695.75490112,2021,5,0,0,0.0,157.49670277471128,25.57138384943423,2021-05-01,0,42.13121596817074,0.0,0.0,153.82328862729284,25.68976103741189,0.0,1,4.2659985e-06,0
LR1210,Meinpea-Mahn,Nimba,29313.0,695.75490112,2021,6,0,0,0.0,290.1408545452616,24.7999268407407,2021-06-01,0,42.13121596817074,0.0,0.0,157.49670277471128,25.57138384943423,0.0,1,0.00010372089,0
LR1210,Meinpea-Mahn,Nimba,29313.0,695.75490112,2021,7,0,0,0.0,227.9356145444124,23.86080957495648,2021-07-01,0,42.13121596817074,0.0,0.0,290.1408545452616,24.7999268407407,0.0,1,0.0006745485,0
LR1210,Meinpea-Mahn,Nimba,29313.0,695.75490112,2021,8,0,0,0.0,343.81643942128056,23.72836535909902,2021-08-01,0,42.13121596817074,0.0,0.0,227.9356145444124,23.86080957495648,0.0,1,0.00017570134,0
LR1210,Meinpea-Mahn,Nimba,29313.0,695.75490112,2021,9,0,0,0.0,388.71729311735737,24.255026112432063,2021-09-01,0,42.13121596817074,0.0,0.0,343.81643942128056,23.72836535909902,0.0,1,8.749866e-05,0
LR1210,Meinpea-Mahn,Nimba,29313.0,695.75490112,2021,10,0,0,0.0,166.3154475999915,24.982330488122027,2021-10-01,0,42.13121596817074,0.0,0.0,388.71729311735737,24.255026112432063,0.0,1,1.6465074e-05,0
LR1210,Meinpea-Mahn,Nimba,29313.0,695.75490112,2021,11,0,0,0.0,121.92493770433508,25.10504531860352,2021-11-01,0,42.13121596817074,0.0,0.0,166.3154475999915,24.982330488122027,0.0,0,9.310156e-06,0
LR1210,Meinpea-Mahn,Nimba,29313.0,695.75490112,2021,12,0,0,0.0,21.02271420022716,24.868108085964035,2021-12-01,0,42.13121596817074,0.0,0.0,121.92493770433508,25.10504531860352,0.0,0,0.00031410716,0
LR1210,Meinpea-Mahn,Nimba,29313.0,695.75490112,2022,1,0,0,0.0,8.44085425915925,23.90442549664041,2022-01-01,0,42.13121596817074,0.0,0.0,21.02271420022716,24.868108085964035,0.0,0,0.0010826534,0
LR1210,Meinpea-Mahn,Nimba,29313.0,695.75490112,2022,2,0,0,0.0,34.084457812101945,25.642707410066027,2022-02-01,0,42.13121596817074,0.0,0.0,8.44085425915925,23.90442549664041,0.0,0,4.700484e-06,0
LR1210,Meinpea-Mahn,Nimba,29313.0,695.75490112,2022,3,0,0,0.0,139.61159283181894,25.990324352098547,2022-03-01,0,42.13121596817074,0.0,0.0,34.084457812101945,25.642707410066027,0.0,0,2.0631448e-06,0
LR1210,Meinpea-Mahn,Nimba,29313.0,695.75490112,2022,4,0,0,0.0,176.3207065748132,25.927966739820395,2022-04-01,0,42.13121596817074,0.0,0.0,139.61159283181894,25.990324352098547,0.0,0,3.5835158e-06,0
LR1210,Meinpea-Mahn,Nimba,29313.0,695.75490112,2022,5,0,0,0.0,169.64705558445144,25.43917357403299,2022-05-01,0,42.13121596817074,0.0,0.0,176.3207065748132,25.927966739820395,0.0,1,2.7632968e-05,0
LR1210,Meinpea-Mahn,Nimba,29313.0,695.75490112,2022,6,0,0,0.0,214.0104190992272,24.5984462240468,2022-06-01,0,42.13121596817074,0.0,0.0,169.64705558445144,25.43917357403299,0.0,1,0.00027091274,0
LR1210,Meinpea-Mahn,Nimba,29313.0,695.75490112,2022,7,0,0,0.0,261.1525182309358,23.648398772529934,2022-07-01,0,42.13121596817074,0.0,0.0,214.0104190992272,24.5984462240468,0.0,1,0.00011356527,0
LR1210,Meinpea-Mahn,Nimba,29313.0,695.75490112,2022,8,0,0,0.0,276.0865611200747,23.30163184456203,2022-08-01,0,42.13121596817074,0.0,0.0,261.1525182309358,23.648398772529934,0.0,1,0.00035815928,0
LR1210,Meinpea-Mahn,Nimba,29313.0,695.75490112,2022,9,0,0,0.0,395.0133242399797,23.82575748277747,2022-09-01,0,42.13121596817074,0.0,0.0,276.0865611200747,23.30163184456203,0.0,1,2.5635556e-05,0
LR1210,Meinpea-Mahn,Nimba,29313.0,695.75490112,2022,10,0,0,0.0,220.7521786897079,24.672106618466582,2022-10-01,0,42.13121596817074,0.0,0.0,395.0133242399797,23.82575748277747,0.0,1,0.00034888685,0
LR1210,Meinpea-Mahn,Nimba,29313.0,695.75490112,2022,11,0,0,0.0,86.38029828278914,24.45205298714016,2022-11-01,0,42.13121596817074,0.0,0.0,220.7521786897079,24.672106618466582,0.0,0,1.8414368e-05,0
LR1210,Meinpea-Mahn,Nimba,29313.0,695.75490112,2022,12,0,0,0.0,26.812895484592605,23.97590778184973,2022-12-01,0,42.13121596817074,0.0,0.0,86.38029828278914,24.45205298714016,0.0,0,5.6312685e-05,0
LR1210,Meinpea-Mahn,Nimba,29313.0,695.75490112,2023,1,0,0,0.0,13.991299629211426,24.33766680178435,2023-01-01,0,42.13121596817074,0.0,0.0,26.812895484592605,23.97590778184973,0.0,0,0.00011170559,0
LR1210,Meinpea-Mahn,Nimba,29313.0,695.75490112,2023,2,0,0,0.0,40.59692689646846,26.077575103096336,2023-02-01,0,42.13121596817074,0.0,0.0,13.991299629211426,24.33766680178435,0.0,0,1.666839e-05,0
LR1211,Sanniquellie Mahn,Nimba,47129.0,484.42003524,2020,4,0,0,0.0,137.44270997888904,25.66902911663056,2020-04-01,0,97.28953505535854,0.0,0.0,151.4277388628791,26.285517930984497,0.0,0,0.00012789691,0
LR1211,Sanniquellie Mahn,Nimba,47129.0,484.42003524,2020,5,0,0,0.0,177.94073127297793,25.306995272636414,2020-05-01,0,97.28953505535854,0.0,0.0,137.44270997888904,25.66902911663056,0.0,1,0.00038211973,0
LR1211,Sanniquellie Mahn,Nimba,47129.0,484.42003524,2020,6,1,1,2.1218358123448406,298.4702740837546,24.170941710472107,2020-06-01,0,97.28953505535854,0.0,0.0,177.94073127297793,25.306995272636414,0.0,1,0.0013275456,0
LR1211,Sanniquellie Mahn,Nimba,47129.0,484.42003524,2020,7,1,1,2.1218358123448406,306.7352815515856,22.919903993606567,2020-07-01,0,97.28953505535854,1.0,2.1218358123448406,298.4702740837546,24.170941710472107,0.3333333333333333,1,0.12582137,0
LR1211,Sanniquellie Mahn,Nimba,47129.0,484.42003524,2020,8,0,0,0.0,273.307138779584,22.62257266044617,2020-08-01,0,97.28953505535854,1.0,2.1218358123448406,306.7352815515856,22.919903993606567,0.6666666666666666,1,0.015022761,0
LR1211,Sanniquellie Mahn,Nimba,47129.0,484.42003524,2020,9,1,1,2.1218358123448406,374.6324211569393,23.55664157867432,2020-09-01,0,97.28953505535854,0.0,0.0,273.307138779584,22.62257266044617,0.6666666666666666,1,0.00017339115,0
LR1211,Sanniquellie Mahn,Nimba,47129.0,484.42003524,2020,10,0,0,0.0,233.898510203642,24.027239680290226,2020-10-01,0,97.28953505535854,1.0,2.1218358123448406,374.6324211569393,23.55664157867432,0.6666666666666666,1,0.0003723955,0
LR1211,Sanniquellie Mahn,Nimba,47129.0,484.42003524,2020,11,0,0,0.0,25.75657305997961,24.063451647758484,2020-11-01,0,97.28953505535854,0.0,0.0,233.898510203642,24.027239680290226,0.3333333333333333,0,0.00012738025,0
LR1211,Sanniquellie Mahn,Nimba,47129.0,484.42003524,2020,12,0,0,0.0,57.46511863259708,24.64078462123871,2020-12-01,0,97.28953505535854,0.0,0.0,25.75657305997961,24.063451647758484,0.3333333333333333,0,3.3069064e-05,0
LR1211,Sanniquellie Mahn,Nimba,47129.0,484.42003524,2021,1,0,0,0.0,15.652899910421931,25.114131927490234,2021-01-01,0,97.28953505535854,0.0,0.0,57.46511863259708,24.64078462123871,0.0,0,2.4223888e-05,0
LR1211,Sanniquellie Mahn,Nimba,47129.0,484.42003524,2021,2,1,1,2.1218358123448406,101.89046747544232,26.03542077541351,2021-02-01,0,97.28953505535854,0.0,0.0,15.652899910421931,25.114131927490234,0.0,0,8.952732e-06,0
LR1211,Sanniquellie Mahn,Nimba,47129.0,484.42003524,2021,3,0,0,0.0,142.66127866857195,25.45759320259094,2021-03-01,0,97.28953505535854,1.0,2.1218358123448406,101.89046747544232,26.03542077541351,0.3333333333333333,0,0.0010073569,0
LR1211,Sanniquellie Mahn,Nimba,47129.0,484.42003524,2021,4,0,0,0.0,121.2045104082893,25.33565855026245,2021-04-01,0,97.28953505535854,0.0,0.0,142.66127866857195,25.45759320259094,0.3333333333333333,0,0.003109301,0
LR1211,Sanniquellie Mahn,Nimba,47129.0,484.42003524,2021,5,0,0,0.0,127.11635813993566,24.99504423141479,2021-05-01,0,97.28953505535854,0.0,0.0,121.2045104082893,25.33565855026245,0.3333333333333333,1,0.005232439,0
LR1211,Sanniquellie Mahn,Nimba,47129.0,484.42003524,2021,6,1,1,2.1218358123448406,393.5429041245404,24.22312963008881,2021-06-01,0,97.28953505535854,0.0,0.0,127.11635813993566,24.99504423141479,0.0,1,0.00023036017,0
LR1211,Sanniquellie Mahn,Nimba,47129.0,484.42003524,2021,7,8,8,16.974686498758725,298.2887968175552,23.29862117767334,2021-07-01,1,97.28953505535854,1.0,2.1218358123448406,393.5429041245404,24.22312963008881,0.3333333333333333,1,0.85718906,1
LR1211,Sanniquellie Mahn,Nimba,47129.0,484.42003524,2021,8,0,0,0.0,351.37269323012407,23.163462519645687,2021-08-01,0,97.28953505535854,8.0,16.974686498758725,298.2887968175552,23.29862117767334,3.0,1,0.010489363,0
LR1211,Sanniquellie Mahn,Nimba,47129.0,484.42003524,2021,9,0,0,0.0,385.305861529182,23.684035301208496,2021-09-01,0,97.28953505535854,0.0,0.0,351.37269323012407,23.163462519645687,3.0,1,0.00020805956,0
LR1211,Sanniquellie Mahn,Nimba,47129.0,484.42003524,2021,10,0,0,0.0,223.3115485696232,24.38342666625977,2021-10-01,0,97.28953505535854,0.0,0.0,385.305861529182,23.684035301208496,2.6666666666666665,1,0.0006346128,0
LR1211,Sanniquellie Mahn,Nimba,47129.0,484.42003524,2021,11,0,0,0.0,132.02577568502988,24.45952546596527,2021-11-01,0,97.28953505535854,0.0,0.0,223.3115485696232,24.38342666625977,0.0,0,3.7725204e-05,0
LR1211,Sanniquellie Mahn,Nimba,47129.0,484.42003524,2021,12,0,0,0.0,14.966967021717744,24.137474179267883,2021-12-01,0,97.28953505535854,0.0,0.0,132.02577568502988,24.45952546596527,0.0,0,0.0024991338,0
LR1211,Sanniquellie Mahn,Nimba,47129.0,484.42003524,2022,1,0,0,0.0,7.091000837438247,23.70687329769134,2022-01-01,0,97.28953505535854,0.0,0.0,14.966967021717744,24.137474179267883,0.0,0,0.00047141517,0
LR1211,Sanniquellie Mahn,Nimba,47129.0,484.42003524,2022,2,0,0,0.0,30.810597027049344,25.993388533592224,2022-02-01,0,97.28953505535854,0.0,0.0,7.091000837438247,23.70687329769134,0.0,0,2.1479353e-05,0
LR1211,Sanniquellie Mahn,Nimba,47129.0,484.42003524,2022,3,0,0,0.0,128.03537974638098,25.90622055530548,2022-03-01,0,97.28953505535854,0.0,0.0,30.810597027049344,25.993388533592224,0.0,0,5.6685735e-06,0
LR1211,Sanniquellie Mahn,Nimba,47129.0,484.42003524,2022,4,0,0,0.0,141.6308521943934,25.480972409248352,2022-04-01,0,97.28953505535854,0.0,0.0,128.03537974638098,25.90622055530548,0.0,0,0.0012295786,0
LR1211,Sanniquellie Mahn,Nimba,47129.0,484.42003524,2022,5,0,0,0.0,137.3111679974724,24.871155977249146,2022-05-01,0,97.28953505535854,0.0,0.0,141.6308521943934,25.480972409248352,0.0,1,0.008282471,0
LR1211,Sanniquellie Mahn,Nimba,47129.0,484.42003524,2022,6,0,0,0.0,312.7173246495864,24.09958839416504,2022-06-01,0,97.28953505535854,0.0,0.0,137.3111679974724,24.871155977249146,0.0,1,0.00024237744,0
LR1211,Sanniquellie Mahn,Nimba,47129.0,484.42003524,2022,7,0,0,0.0,296.2254943847656,23.178565502166748,2022-07-01,0,97.28953505535854,0.0,0.0,312.7173246495864,24.09958839416504,0.0,1,0.0011389034,0
LR1211,Sanniquellie Mahn,Nimba,47129.0,484.42003524,2022,8,2,2,4.243671624689681,300.48265703986675,22.79554748535156,2022-08-01,0,97.28953505535854,0.0,0.0,296.2254943847656,23.178565502166748,0.0,1,0.00070633966,0
LR1211,Sanniquellie Mahn,Nimba,47129.0,484.42003524,2022,9,0,0,0.0,498.9613791073069,23.358295798301697,2022-09-01,0,97.28953505535854,2.0,4.243671624689681,300.48265703986675,22.79554748535156,0.6666666666666666,1,0.00195882,0
LR1211,Sanniquellie Mahn,Nimba,47129.0,484.42003524,2022,10,0,0,0.0,242.9584171070772,24.007438540458683,2022-10-01,0,97.28953505535854,0.0,0.0,498.9613791073069,23.358295798301697,0.6666666666666666,1,0.0005484348,0
LR1211,Sanniquellie Mahn,Nimba,47129.0,484.42003524,2022,11,0,0,0.0,80.52104994829965,23.68701374530792,2022-11-01,0,97.28953505535854,0.0,0.0,242.9584171070772,24.007438540458683,0.6666666666666666,0,1.9812005e-05,0
LR1211,Sanniquellie Mahn,Nimba,47129.0,484.42003524,2022,12,0,0,0.0,22.92051057254568,23.27682209014893,2022-12-01,0,97.28953505535854,0.0,0.0,80.52104994829965,23.68701374530792,0.0,0,3.910939e-05,0
LR1211,Sanniquellie Mahn,Nimba,47129.0,484.42003524,2023,1,0,0,0.0,12.4486302207498,24.256273031234738,2023-01-01,0,97.28953505535854,0.0,0.0,22.92051057254568,23.27682209014893,0.0,0,0.001274367,0
LR1211,Sanniquellie Mahn,Nimba,47129.0,484.42003524,2023,2,0,0,0.0,52.73011286118451,25.949729323387142,2023-02-01,0,97.28953505535854,0.0,0.0,12.4486302207498,24.256273031234738,0.0,0,2.3249564e-05,0
LR1212,Twan River,Nimba,45713.0,739.16637727,2020,4,0,0,0.0,163.81502014160154,25.95052352905273,2020-04-01,0,61.84399264592378,0.0,0.0,171.34590820312494,26.44372734069824,0.0,0,7.9802805e-05,0
LR1212,Twan River,Nimba,45713.0,739.16637727,2020,5,0,0,0.0,165.68658935546875,25.8084587097168,2020-05-01,0,61.84399264592378,0.0,0.0,163.81502014160154,25.95052352905273,0.0,1,3.9162907e-05,0
LR1212,Twan River,Nimba,45713.0,739.16637727,2020,6,0,0,0.0,205.3243231201172,24.530828323364258,2020-06-01,0,61.84399264592378,0.0,0.0,165.68658935546875,25.8084587097168,0.0,1,0.010074472,0
LR1212,Twan River,Nimba,45713.0,739.16637727,2020,7,0,0,0.0,259.3461547851563,23.366298141479493,2020-07-01,0,61.84399264592378,0.0,0.0,205.3243231201172,24.530828323364258,0.0,1,0.0044751517,0
LR1212,Twan River,Nimba,45713.0,739.16637727,2020,8,0,0,0.0,268.3258233642578,23.04194732666016,2020-08-01,0,61.84399264592378,0.0,0.0,259.3461547851563,23.366298141479493,0.0,1,0.0027685212,0
LR1212,Twan River,Nimba,45713.0,739.16637727,2020,9,0,0,0.0,349.67823974609377,23.92626663208008,2020-09-01,0,61.84399264592378,0.0,0.0,268.3258233642578,23.04194732666016,0.0,1,0.0015600275,0
LR1212,Twan River,Nimba,45713.0,739.16637727,2020,10,0,0,0.0,184.88251098632813,24.4485856628418,2020-10-01,0,61.84399264592378,0.0,0.0,349.67823974609377,23.92626663208008,0.0,1,0.0001349014,0
LR1212,Twan River,Nimba,45713.0,739.16637727,2020,11,0,0,0.0,24.58734230041504,24.558255767822263,2020-11-01,0,61.84399264592378,0.0,0.0,184.88251098632813,24.4485856628418,0.0,0,0.0020559642,0
LR1212,Twan River,Nimba,45713.0,739.16637727,2020,12,0,0,0.0,58.49679748535156,24.7189485168457,2020-12-01,0,61.84399264592378,0.0,0.0,24.58734230041504,24.558255767822263,0.0,0,3.430475e-05,0
LR1212,Twan River,Nimba,45713.0,739.16637727,2021,1,0,0,0.0,13.816474266052246,25.132458343505867,2021-01-01,0,61.84399264592378,0.0,0.0,58.49679748535156,24.7189485168457,0.0,0,0.0021683583,0
LR1212,Twan River,Nimba,45713.0,739.16637727,2021,2,0,0,0.0,93.86051208496094,26.248811645507807,2021-02-01,0,61.84399264592378,0.0,0.0,13.816474266052246,25.132458343505867,0.0,0,8.520548e-06,0
LR1212,Twan River,Nimba,45713.0,739.16637727,2021,3,0,0,0.0,117.17927490234376,25.727862548828128,2021-03-01,0,61.84399264592378,0.0,0.0,93.86051208496094,26.248811645507807,0.0,0,7.442113e-05,0
LR1212,Twan River,Nimba,45713.0,739.16637727,2021,4,0,0,0.0,155.85077575683596,25.60784622192383,2021-04-01,0,61.84399264592378,0.0,0.0,117.17927490234376,25.727862548828128,0.0,0,8.677468e-05,0
LR1212,Twan River,Nimba,45713.0,739.16637727,2021,5,0,0,0.0,113.90059936523436,25.477513809204098,2021-05-01,0,61.84399264592378,0.0,0.0,155.85077575683596,25.60784622192383,0.0,1,0.0003107669,0
LR1212,Twan River,Nimba,45713.0,739.16637727,2021,6,0,0,0.0,338.7014636230469,24.64654960632324,2021-06-01,0,61.84399264592378,0.0,0.0,113.90059936523436,25.477513809204098,0.0,1,0.005906414,0
LR1212,Twan River,Nimba,45713.0,739.16637727,2021,7,0,0,0.0,208.08702392578124,23.72725357055664,2021-07-01,0,61.84399264592378,0.0,0.0,338.7014636230469,24.64654960632324,0.0,1,0.0009749324,0
LR1212,Twan River,Nimba,45713.0,739.16637727,2021,8,0,0,0.0,411.9195568847656,23.61510200500488,2021-08-01,0,61.84399264592378,0.0,0.0,208.08702392578124,23.72725357055664,0.0,1,0.00010351429,0
LR1212,Twan River,Nimba,45713.0,739.16637727,2021,9,0,0,0.0,362.109168701172,24.091474685668945,2021-09-01,0,61.84399264592378,0.0,0.0,411.9195568847656,23.61510200500488,0.0,1,0.00035391722,0
LR1212,Twan River,Nimba,45713.0,739.16637727,2021,10,0,0,0.0,145.96769714355463,24.75034095764161,2021-10-01,0,61.84399264592378,0.0,0.0,362.109168701172,24.091474685668945,0.0,1,0.00032662254,0
LR1212,Twan River,Nimba,45713.0,739.16637727,2021,11,0,0,0.0,83.41929397583007,24.876690292358404,2021-11-01,0,61.84399264592378,0.0,0.0,145.96769714355463,24.75034095764161,0.0,0,0.0005829811,0
LR1212,Twan River,Nimba,45713.0,739.16637727,2021,12,0,0,0.0,16.81974765777588,24.58532043457032,2021-12-01,0,61.84399264592378,0.0,0.0,83.41929397583007,24.876690292358404,0.0,0,0.00028075196,0
LR1212,Twan River,Nimba,45713.0,739.16637727,2022,1,0,0,0.0,6.99703950881958,23.833046112060543,2022-01-01,0,61.84399264592378,0.0,0.0,16.81974765777588,24.58532043457032,0.0,0,0.013097581,0
LR1212,Twan River,Nimba,45713.0,739.16637727,2022,2,0,0,0.0,31.528023986816404,26.161286544799804,2022-02-01,0,61.84399264592378,0.0,0.0,6.99703950881958,23.833046112060543,0.0,0,0.00013674331,0
LR1212,Twan River,Nimba,45713.0,739.16637727,2022,3,0,0,0.0,117.91715881347656,26.28956481933594,2022-03-01,0,61.84399264592378,0.0,0.0,31.528023986816404,26.161286544799804,0.0,0,5.4134457e-06,0
LR1212,Twan River,Nimba,45713.0,739.16637727,2022,4,0,0,0.0,167.8912841796875,26.04306945800781,2022-04-01,0,61.84399264592378,0.0,0.0,117.91715881347656,26.28956481933594,0.0,0,0.00016747635,0
LR1212,Twan River,Nimba,45713.0,739.16637727,2022,5,0,0,0.0,143.51676086425783,25.3533576965332,2022-05-01,0,61.84399264592378,0.0,0.0,167.8912841796875,26.04306945800781,0.0,1,0.00038909758,0
LR1212,Twan River,Nimba,45713.0,739.16637727,2022,6,0,0,0.0,235.25079833984373,24.559918212890626,2022-06-01,0,61.84399264592378,0.0,0.0,143.51676086425783,25.3533576965332,0.0,1,0.0054172953,0
LR1212,Twan River,Nimba,45713.0,739.16637727,2022,7,0,0,0.0,268.2995458984376,23.56012908935547,2022-07-01,0,61.84399264592378,0.0,0.0,235.25079833984373,24.559918212890626,0.0,1,0.000883271,0
LR1212,Twan River,Nimba,45713.0,739.16637727,2022,8,0,0,0.0,275.55580627441407,23.204632568359376,2022-08-01,0,61.84399264592378,0.0,0.0,268.2995458984376,23.56012908935547,0.0,1,0.0014181451,0
LR1212,Twan River,Nimba,45713.0,739.16637727,2022,9,1,1,2.187561525167895,443.3930236816407,23.703165817260743,2022-09-01,0,61.84399264592378,0.0,0.0,275.55580627441407,23.204632568359376,0.0,1,0.00054168026,0
LR1212,Twan River,Nimba,45713.0,739.16637727,2022,10,0,0,0.0,200.03253051757807,24.41897125244141,2022-10-01,0,61.84399264592378,1.0,2.187561525167895,443.3930236816407,23.703165817260743,0.3333333333333333,1,0.005175449,0
LR1212,Twan River,Nimba,45713.0,739.16637727,2022,11,0,0,0.0,66.84132141113281,24.20104202270508,2022-11-01,0,61.84399264592378,0.0,0.0,200.03253051757807,24.41897125244141,0.3333333333333333,0,0.011487788,0
LR1212,Twan River,Nimba,45713.0,739.16637727,2022,12,0,0,0.0,24.764917678833005,23.640668487548822,2022-12-01,0,61.84399264592378,0.0,0.0,66.84132141113281,24.20104202270508,0.3333333333333333,0,0.003854481,0
LR1212,Twan River,Nimba,45713.0,739.16637727,2023,1,0,0,0.0,12.978979759216308,24.204610061645504,2023-01-01,0,61.84399264592378,0.0,0.0,24.764917678833005,23.640668487548822,0.0,0,0.014586115,0
LR1212,Twan River,Nimba,45713.0,739.16637727,2023,2,0,0,0.0,51.16751266479491,26.06189872741699,2023-02-01,0,61.84399264592378,0.0,0.0,12.978979759216308,24.204610061645504,0.0,0,0.00015243482,0
LR1213,Wee-Gbehyi-Mahn,Nimba,45028.0,429.4972444,2020,4,1,1,2.220840365994492,194.8290985107422,26.10787215599647,2020-04-01,0,104.83885656333678,0.0,0.0,242.17105712890623,26.49236062856821,0.0,0,0.001072581,0
LR1213,Wee-Gbehyi-Mahn,Nimba,45028.0,429.4972444,2020,5,0,0,0.0,186.1131113688151,25.982746857863205,2020-05-01,0,104.83885656333678,1.0,2.220840365994492,194.8290985107422,26.10787215599647,0.5,1,0.00021306807,0
LR1213,Wee-Gbehyi-Mahn,Nimba,45028.0,429.4972444,2020,6,4,4,8.883361463977968,231.1724853515625,24.750131753774788,2020-06-01,0,104.83885656333678,0.0,0.0,186.1131113688151,25.982746857863205,0.3333333333333333,1,0.033667002,0
LR1213,Wee-Gbehyi-Mahn,Nimba,45028.0,429.4972444,2020,7,0,0,0.0,215.3026763916016,23.502248030442463,2020-07-01,0,104.83885656333678,4.0,8.883361463977968,231.1724853515625,24.750131753774788,1.6666666666666667,1,0.012960507,0
LR1213,Wee-Gbehyi-Mahn,Nimba,45028.0,429.4972444,2020,8,0,0,0.0,221.2293721516928,23.20160249563364,2020-08-01,0,104.83885656333678,0.0,0.0,215.3026763916016,23.502248030442463,1.3333333333333333,1,0.0045636264,0
LR1213,Wee-Gbehyi-Mahn,Nimba,45028.0,429.4972444,2020,9,0,0,0.0,336.9672668457032,24.12887191772461,2020-09-01,0,104.83885656333678,0.0,0.0,221.2293721516928,23.20160249563364,1.3333333333333333,1,0.0003039939,0
LR1213,Wee-Gbehyi-Mahn,Nimba,45028.0,429.4972444,2020,10,0,0,0.0,183.858041381836,24.78210082420936,2020-10-01,0,104.83885656333678,0.0,0.0,336.9672668457032,24.12887191772461,0.0,1,0.00010046711,0
LR1213,Wee-Gbehyi-Mahn,Nimba,45028.0,429.4972444,2020,11,0,0,0.0,23.42271245320638,24.902152134821968,2020-11-01,0,104.83885656333678,0.0,0.0,183.858041381836,24.78210082420936,0.0,0,0.0007210586,0
LR1213,Wee-Gbehyi-Mahn,Nimba,45028.0,429.4972444,2020,12,0,0,0.0,53.54379399617513,24.985054162832405,2020-12-01,0,104.83885656333678,0.0,0.0,23.42271245320638,24.902152134821968,0.0,0,1.9590363e-05,0
LR1213,Wee-Gbehyi-Mahn,Nimba,45028.0,429.4972444,2021,1,0,0,0.0,11.540725072224935,25.145688717181866,2021-01-01,0,104.83885656333678,0.0,0.0,53.54379399617513,24.985054162832405,0.0,0,0.0049079014,0
LR1213,Wee-Gbehyi-Mahn,Nimba,45028.0,429.4972444,2021,2,0,0,0.0,96.67419230143229,26.239542300884537,2021-02-01,0,104.83885656333678,0.0,0.0,11.540725072224935,25.145688717181866,0.0,0,5.1079337e-06,0
LR1213,Wee-Gbehyi-Mahn,Nimba,45028.0,429.4972444,2021,3,0,0,0.0,183.3682881673177,25.72536116379958,2021-03-01,0,104.83885656333678,0.0,0.0,96.67419230143229,26.239542300884537,0.0,0,4.6260386e-05,0
LR1213,Wee-Gbehyi-Mahn,Nimba,45028.0,429.4972444,2021,4,0,0,0.0,155.76724955240886,25.682300127469578,2021-04-01,0,104.83885656333678,0.0,0.0,183.3682881673177,25.72536116379958,0.0,0,0.00016539473,0
LR1213,Wee-Gbehyi-Mahn,Nimba,45028.0,429.4972444,2021,5,0,0,0.0,133.8204605102539,25.60964173537034,2021-05-01,0,104.83885656333678,0.0,0.0,155.76724955240886,25.682300127469578,0.0,1,0.0001380016,0
LR1213,Wee-Gbehyi-Mahn,Nimba,45028.0,429.4972444,2021,6,2,2,4.441680731988984,320.7053609212239,24.86052982623761,2021-06-01,0,104.83885656333678,0.0,0.0,133.8204605102539,25.60964173537034,0.0,1,0.024693647,0
LR1213,Wee-Gbehyi-Mahn,Nimba,45028.0,429.4972444,2021,7,2,2,4.441680731988984,205.05365702311195,23.928227938138527,2021-07-01,0,104.83885656333678,2.0,4.441680731988984,320.7053609212239,24.86052982623761,0.6666666666666666,1,0.0031731986,0
LR1213,Wee-Gbehyi-Mahn,Nimba,45028.0,429.4972444,2021,8,0,0,0.0,387.0935017903646,23.79175699674166,2021-08-01,0,104.83885656333678,2.0,4.441680731988984,205.05365702311195,23.928227938138527,1.3333333333333333,1,0.00027870692,0
LR1213,Wee-Gbehyi-Mahn,Nimba,45028.0,429.4972444,2021,9,0,0,0.0,379.2411071777344,24.292342846210182,2021-09-01,0,104.83885656333678,0.0,0.0,387.0935017903646,23.79175699674166,1.3333333333333333,1,0.0004073989,0
LR1213,Wee-Gbehyi-Mahn,Nimba,45028.0,429.4972444,2021,10,0,0,0.0,171.75948282877607,25.01939245370718,2021-10-01,0,104.83885656333678,0.0,0.0,379.2411071777344,24.292342846210182,0.6666666666666666,1,0.00010338605,0
LR1213,Wee-Gbehyi-Mahn,Nimba,45028.0,429.4972444,2021,11,0,0,0.0,93.34335581461586,25.16714712289664,2021-11-01,0,104.83885656333678,0.0,0.0,171.75948282877607,25.01939245370718,0.0,0,0.00015717272,0
LR1213,Wee-Gbehyi-Mahn,Nimba,45028.0,429.4972444,2021,12,0,0,0.0,23.07091674804688,24.945304577167217,2021-12-01,0,104.83885656333678,0.0,0.0,93.34335581461586,25.16714712289664,0.0,0,0.0032406638,0
LR1213,Wee-Gbehyi-Mahn,Nimba,45028.0,429.4972444,2022,1,0,0,0.0,7.295161120096842,24.07411267207219,2022-01-01,0,104.83885656333678,0.0,0.0,23.07091674804688,24.945304577167217,0.0,0,0.00074317295,0
LR1213,Wee-Gbehyi-Mahn,Nimba,45028.0,429.4972444,2022,2,0,0,0.0,29.45777308146159,26.04089604891264,2022-02-01,0,104.83885656333678,0.0,0.0,7.295161120096842,24.07411267207219,0.0,0,5.6710232e-05,0
LR1213,Wee-Gbehyi-Mahn,Nimba,45028.0,429.4972444,2022,3,0,0,0.0,159.99963175455733,26.26076859694261,2022-03-01,0,104.83885656333678,0.0,0.0,29.45777308146159,26.04089604891264,0.0,0,3.3782471e-06,0
LR1213,Wee-Gbehyi-Mahn,Nimba,45028.0,429.4972444,2022,4,0,0,0.0,184.55120747884112,26.1759096292349,2022-04-01,0,104.83885656333678,0.0,0.0,159.99963175455733,26.26076859694261,0.0,0,8.402232e-05,0
LR1213,Wee-Gbehyi-Mahn,Nimba,45028.0,429.4972444,2022,5,0,0,0.0,166.1708221435547,25.54053203876202,2022-05-01,0,104.83885656333678,0.0,0.0,184.55120747884112,26.1759096292349,0.0,1,0.0010388686,0
LR1213,Wee-Gbehyi-Mahn,Nimba,45028.0,429.4972444,2022,6,0,0,0.0,245.16823730468752,24.65677789541392,2022-06-01,0,104.83885656333678,0.0,0.0,166.1708221435547,25.54053203876202,0.0,1,0.0030765762,0
LR1213,Wee-Gbehyi-Mahn,Nimba,45028.0,429.4972444,2022,7,0,0,0.0,220.03771158854167,23.70458192091722,2022-07-01,0,104.83885656333678,0.0,0.0,245.16823730468752,24.65677789541392,0.0,1,8.439282e-05,0
LR1213,Wee-Gbehyi-Mahn,Nimba,45028.0,429.4972444,2022,8,0,0,0.0,263.07310282389324,23.356383543748123,2022-08-01,0,104.83885656333678,0.0,0.0,220.03771158854167,23.70458192091722,0.0,1,0.00025334905,0
LR1213,Wee-Gbehyi-Mahn,Nimba,45028.0,429.4972444,2022,9,0,0,0.0,421.8686197916667,23.86718324514536,2022-09-01,0,104.83885656333678,0.0,0.0,263.07310282389324,23.356383543748123,0.0,1,0.00050717976,0
LR1213,Wee-Gbehyi-Mahn,Nimba,45028.0,429.4972444,2022,10,0,0,0.0,231.35171712239585,24.72702363821177,2022-10-01,0,104.83885656333678,0.0,0.0,421.8686197916667,23.86718324514536,0.0,1,0.0003712104,0
LR1213,Wee-Gbehyi-Mahn,Nimba,45028.0,429.4972444,2022,11,0,0,0.0,64.81046091715496,24.5304974776048,2022-11-01,0,104.83885656333678,0.0,0.0,231.35171712239585,24.72702363821177,0.0,0,2.629277e-05,0
LR1213,Wee-Gbehyi-Mahn,Nimba,45028.0,429.4972444,2022,12,0,0,0.0,25.549283345540367,24.033719282883865,2022-12-01,0,104.83885656333678,0.0,0.0,64.81046091715496,24.5304974776048,0.0,0,1.2623272e-05,0
LR1213,Wee-Gbehyi-Mahn,Nimba,45028.0,429.4972444,2023,1,1,1,2.220840365994492,14.213281377156576,24.593841699453503,2023-01-01,0,104.83885656333678,0.0,0.0,25.549283345540367,24.033719282883865,0.0,0,0.00018900604,0
LR1213,Wee-Gbehyi-Mahn,Nimba,45028.0,429.4972444,2023,2,1,1,2.220840365994492,39.86954981486003,26.3369203714224,2023-02-01,0,104.83885656333678,1.0,2.220840365994492,14.213281377156576,24.593841699453503,0.3333333333333333,0,5.5189394e-05,0
LR1214,Yarmein,Nimba,33523.0,552.55390913,2020,4,0,0,0.0,151.86889563666455,25.65704114813554,2020-04-01,0,60.669193441744355,0.0,0.0,152.16516028510202,26.30789234763697,0.0,0,5.7228124e-05,0
LR1214,Yarmein,Nimba,33523.0,552.55390913,2020,5,0,0,0.0,168.94044325086807,25.271108727706107,2020-05-01,0,60.669193441744355,0.0,0.0,151.86889563666455,25.65704114813554,0.0,1,0.00031507053,0
LR1214,Yarmein,Nimba,33523.0,552.55390913,2020,6,2,2,5.966053157533634,212.51141611735028,24.107850024574685,2020-06-01,0,60.669193441744355,0.0,0.0,168.94044325086807,25.271108727706107,0.0,1,0.0022992066,0
LR1214,Yarmein,Nimba,33523.0,552.55390913,2020,7,10,10,29.83026578766817,273.9564565022787,22.875391207243265,2020-07-01,1,60.669193441744355,2.0,5.966053157533634,212.51141611735028,24.107850024574685,0.6666666666666666,1,0.9176197,1
LR1214,Yarmein,Nimba,33523.0,552.55390913,2020,8,0,0,0.0,254.69542185465497,22.57255805166144,2020-08-01,0,60.669193441744355,10.0,29.83026578766817,273.9564565022787,22.875391207243265,4.0,1,0.014359116,0
LR1214,Yarmein,Nimba,33523.0,552.55390913,2020,9,0,0,0.0,355.2872738308377,23.48437961779143,2020-09-01,0,60.669193441744355,0.0,0.0,254.69542185465497,22.57255805166144,4.0,1,0.016365677,0
LR1214,Yarmein,Nimba,33523.0,552.55390913,2020,10,0,0,0.0,228.49139234754776,23.917559874685185,2020-10-01,0,60.669193441744355,0.0,0.0,355.2872738308377,23.48437961779143,3.3333333333333335,1,0.006607432,0
LR1214,Yarmein,Nimba,33523.0,552.55390913,2020,11,0,0,0.0,15.916100396050348,23.91200035496762,2020-11-01,0,60.669193441744355,0.0,0.0,228.49139234754776,23.917559874685185,0.0,0,0.00070269423,0
LR1214,Yarmein,Nimba,33523.0,552.55390913,2020,12,0,0,0.0,52.90972349378798,24.48084660580284,2020-12-01,0,60.669193441744355,0.0,0.0,15.916100396050348,23.91200035496762,0.0,0,0.00010974557,0
LR1214,Yarmein,Nimba,33523.0,552.55390913,2021,1,0,0,0.0,11.255616664886473,25.01431555497019,2021-01-01,0,60.669193441744355,0.0,0.0,52.90972349378798,24.48084660580284,0.0,0,0.010047051,0
LR1214,Yarmein,Nimba,33523.0,552.55390913,2021,2,0,0,0.0,91.9628397623698,25.98943619979056,2021-02-01,0,60.669193441744355,0.0,0.0,11.255616664886473,25.01431555497019,0.0,0,2.9286477e-05,0
LR1214,Yarmein,Nimba,33523.0,552.55390913,2021,3,0,0,0.0,133.56752098931207,25.460687838102643,2021-03-01,0,60.669193441744355,0.0,0.0,91.9628397623698,25.98943619979056,0.0,0,0.0003075454,0
LR1214,Yarmein,Nimba,33523.0,552.55390913,2021,4,0,0,0.0,136.21074676513672,25.34875438087865,2021-04-01,0,60.669193441744355,0.0,0.0,133.56752098931207,25.460687838102643,0.0,0,0.00042875312,0
LR1214,Yarmein,Nimba,33523.0,552.55390913,2021,5,0,0,0.0,122.62442058987088,24.947793759797744,2021-05-01,0,60.669193441744355,0.0,0.0,136.21074676513672,25.34875438087865,0.0,1,0.00063491345,0
LR1214,Yarmein,Nimba,33523.0,552.55390913,2021,6,1,1,2.983026578766817,284.84409756130646,24.153806084080752,2021-06-01,0,60.669193441744355,0.0,0.0,122.62442058987088,24.947793759797744,0.0,1,0.005263036,0
LR1214,Yarmein,Nimba,33523.0,552.55390913,2021,7,6,6,17.898159472600902,218.0918146769206,23.236503099140368,2021-07-01,1,60.669193441744355,1.0,2.983026578766817,284.84409756130646,24.153806084080752,0.3333333333333333,1,0.9655795,1
LR1214,Yarmein,Nimba,33523.0,552.55390913,2021,8,0,0,0.0,338.7579854329427,23.09212232890882,2021-08-01,0,60.669193441744355,6.0,17.898159472600902,218.0918146769206,23.236503099140368,2.3333333333333335,1,0.015619354,0
LR1214,Yarmein,Nimba,33523.0,552.55390913,2021,9,0,0,0.0,323.9087965223524,23.61841904489617,2021-09-01,0,60.669193441744355,0.0,0.0,338.7579854329427,23.09212232890882,2.3333333333333335,1,0.0037129638,0
LR1214,Yarmein,Nimba,33523.0,552.55390913,2021,10,0,0,0.0,226.41996341281464,24.292795080887643,2021-10-01,0,60.669193441744355,0.0,0.0,323.9087965223524,23.61841904489617,2.0,1,0.0020447401,0
LR1214,Yarmein,Nimba,33523.0,552.55390913,2021,11,0,0,0.0,130.29087193806967,24.34275406285336,2021-11-01,0,60.669193441744355,0.0,0.0,226.41996341281464,24.292795080887643,0.0,0,0.0011456803,0
LR1214,Yarmein,Nimba,33523.0,552.55390913,2021,12,17,17,50.71145183903589,12.85357968012492,23.97137099818179,2021-12-01,1,60.669193441744355,0.0,0.0,130.29087193806967,24.34275406285336,0.0,0,0.8544772,1
LR1214,Yarmein,Nimba,33523.0,552.55390913,2022,1,5,5,14.915132893834086,5.650756120681764,23.52098093534771,2022-01-01,1,60.669193441744355,17.0,50.71145183903589,12.85357968012492,23.97137099818179,5.666666666666667,0,0.94294614,1
LR1214,Yarmein,Nimba,33523.0,552.55390913,2022,2,0,0,0.0,27.99675888485379,25.901600185193512,2022-02-01,0,60.669193441744355,5.0,14.915132893834086,5.650756120681764,23.52098093534771,7.333333333333333,0,0.029824756,0
LR1214,Yarmein,Nimba,33523.0,552.55390913,2022,3,0,0,0.0,128.5160738627116,25.899843818263005,2022-03-01,0,60.669193441744355,0.0,0.0,27.99675888485379,25.901600185193512,7.333333333333333,0,7.118763e-05,0
LR1214,Yarmein,Nimba,33523.0,552.55390913,2022,4,0,0,0.0,155.83478885226782,25.43024715624357,2022-04-01,0,60.669193441744355,0.0,0.0,128.5160738627116,25.899843818263005,1.6666666666666667,0,0.0042293277,0
LR1214,Yarmein,Nimba,33523.0,552.55390913,2022,5,0,0,0.0,135.71449152628583,24.83009890506142,2022-05-01,0,60.669193441744355,0.0,0.0,155.83478885226782,25.43024715624357,0.0,1,0.0054928577,0
LR1214,Yarmein,Nimba,33523.0,552.55390913,2022,6,0,0,0.0,231.7296880086264,24.05655499508506,2022-06-01,0,60.669193441744355,0.0,0.0,135.71449152628583,24.83009890506142,0.0,1,0.00077287294,0
LR1214,Yarmein,Nimba,33523.0,552.55390913,2022,7,1,1,2.983026578766817,238.2201419406467,23.136682209215664,2022-07-01,0,60.669193441744355,0.0,0.0,231.7296880086264,24.05655499508506,0.0,1,0.0025850858,0
LR1214,Yarmein,Nimba,33523.0,552.55390913,2022,8,10,10,29.83026578766817,269.76738908555774,22.74836379603336,2022-08-01,1,60.669193441744355,1.0,2.983026578766817,238.2201419406467,23.136682209215664,0.3333333333333333,1,0.85781485,1
LR1214,Yarmein,Nimba,33523.0,552.55390913,2022,9,1,1,2.983026578766817,427.9325442843967,23.30659434669896,2022-09-01,0,60.669193441744355,10.0,29.83026578766817,269.76738908555774,22.74836379603336,3.6666666666666665,1,0.023965677,0
LR1214,Yarmein,Nimba,33523.0,552.55390913,2022,10,2,2,5.966053157533634,268.03653801812067,23.903385664287367,2022-10-01,0,60.669193441744355,1.0,2.983026578766817,427.9325442843967,23.30659434669896,4.0,1,0.004115595,0
LR1214,Yarmein,Nimba,33523.0,552.55390913,2022,11,0,0,0.0,69.70911513434517,23.575043828863848,2022-11-01,0,60.669193441744355,2.0,5.966053157533634,268.03653801812067,23.903385664287367,4.333333333333333,0,0.0075731585,0
LR1214,Yarmein,Nimba,33523.0,552.55390913,2022,12,0,0,0.0,22.30167071024577,23.1270183764006,2022-12-01,0,60.669193441744355,0.0,0.0,69.70911513434517,23.575043828863848,1.0,0,0.0029953497,0
LR1214,Yarmein,Nimba,33523.0,552.55390913,2023,1,0,0,0.0,11.359081904093424,24.08886929562217,2023-01-01,0,60.669193441744355,0.0,0.0,22.30167071024577,23.1270183764006,0.6666666666666666,0,0.014368634,0
LR1214,Yarmein,Nimba,33523.0,552.55390913,2023,2,0,0,0.0,49.64836714002821,25.8617585834704,2023-02-01,0,60.669193441744355,0.0,0.0,11.359081904093424,24.08886929562217,0.0,0,0.00010601206,0
LR1215,Yarpea Mahn,Nimba,14113.0,379.07183267,2020,4,0,0,0.0,159.1042772928874,25.89275620200417,2020-04-01,0,37.23041066015062,0.0,0.0,170.90298716227215,26.41990644281561,0.0,0,4.7059875e-06,0
LR1215,Yarpea Mahn,Nimba,14113.0,379.07183267,2020,5,0,0,0.0,174.0437545776367,25.657350019975144,2020-05-01,0,37.23041066015062,0.0,0.0,159.1042772928874,25.89275620200417,0.0,1,9.006538e-06,0
LR1215,Yarpea Mahn,Nimba,14113.0,379.07183267,2020,6,0,0,0.0,257.8674405415853,24.44844627380371,2020-06-01,0,37.23041066015062,0.0,0.0,174.0437545776367,25.657350019975144,0.0,1,0.0006932806,0
LR1215,Yarpea Mahn,Nimba,14113.0,379.07183267,2020,7,0,0,0.0,279.7187932332356,23.21533619273793,2020-07-01,0,37.23041066015062,0.0,0.0,257.8674405415853,24.44844627380371,0.0,1,0.004326717,0
LR1215,Yarpea Mahn,Nimba,14113.0,379.07183267,2020,8,0,0,0.0,282.7435022989909,22.911957307295364,2020-08-01,0,37.23041066015062,0.0,0.0,279.7187932332356,23.21533619273793,0.0,1,0.0007644355,0
LR1215,Yarpea Mahn,Nimba,14113.0,379.07183267,2020,9,0,0,0.0,393.8404541015625,23.830944234674625,2020-09-01,0,37.23041066015062,0.0,0.0,282.7435022989909,22.911957307295364,0.0,1,9.854372e-05,0
LR1215,Yarpea Mahn,Nimba,14113.0,379.07183267,2020,10,0,0,0.0,205.30002975463867,24.37037069147284,2020-10-01,0,37.23041066015062,0.0,0.0,393.8404541015625,23.830944234674625,0.0,1,0.00018110457,0
LR1215,Yarpea Mahn,Nimba,14113.0,379.07183267,2020,11,0,0,0.0,25.830996354420986,24.42977575822309,2020-11-01,0,37.23041066015062,0.0,0.0,205.30002975463867,24.37037069147284,0.0,0,7.9923135e-05,0
LR1215,Yarpea Mahn,Nimba,14113.0,379.07183267,2020,12,0,0,0.0,57.81557432810465,24.73111551458185,2020-12-01,0,37.23041066015062,0.0,0.0,25.830996354420986,24.42977575822309,0.0,0,2.4782457e-06,0
LR1215,Yarpea Mahn,Nimba,14113.0,379.07183267,2021,1,0,0,0.0,14.748796701431274,25.115308588201348,2021-01-01,0,37.23041066015062,0.0,0.0,57.81557432810465,24.73111551458185,0.0,0,9.422349e-05,0
LR1215,Yarpea Mahn,Nimba,14113.0,379.07183267,2021,2,0,0,0.0,97.39221382141112,26.17009943181818,2021-02-01,0,37.23041066015062,0.0,0.0,14.748796701431274,25.115308588201348,0.0,0,1.839234e-06,0
LR1215,Yarpea Mahn,Nimba,14113.0,379.07183267,2021,3,0,0,0.0,140.0899772644043,25.62748926336115,2021-03-01,0,37.23041066015062,0.0,0.0,97.39221382141112,26.17009943181818,0.0,0,4.5847937e-06,0
LR1215,Yarpea Mahn,Nimba,14113.0,379.07183267,2021,4,0,0,0.0,136.5589752197266,25.524086171930488,2021-04-01,0,37.23041066015062,0.0,0.0,140.0899772644043,25.62748926336115,0.0,0,7.124875e-05,0
LR1215,Yarpea Mahn,Nimba,14113.0,379.07183267,2021,5,0,0,0.0,125.21850522359212,25.304135062477805,2021-05-01,0,37.23041066015062,0.0,0.0,136.5589752197266,25.524086171930488,0.0,1,4.1015104e-05,0
LR1215,Yarpea Mahn,Nimba,14113.0,379.07183267,2021,6,0,0,0.0,353.7049204508464,24.528378920121625,2021-06-01,0,37.23041066015062,0.0,0.0,125.21850522359212,25.304135062477805,0.0,1,0.012984422,0
LR1215,Yarpea Mahn,Nimba,14113.0,379.07183267,2021,7,0,0,0.0,274.3906542460124,23.60879360545765,2021-07-01,0,37.23041066015062,0.0,0.0,353.7049204508464,24.528378920121625,0.0,1,0.00064802606,0
LR1215,Yarpea Mahn,Nimba,14113.0,379.07183267,2021,8,0,0,0.0,351.24711100260413,23.4666822606867,2021-08-01,0,37.23041066015062,0.0,0.0,274.3906542460124,23.60879360545765,0.0,1,0.0022011967,0
LR1215,Yarpea Mahn,Nimba,14113.0,379.07183267,2021,9,0,0,0.0,404.7362594604492,23.97745635292747,2021-09-01,0,37.23041066015062,0.0,0.0,351.24711100260413,23.4666822606867,0.0,1,0.0004223069,0
LR1215,Yarpea Mahn,Nimba,14113.0,379.07183267,2021,10,0,0,0.0,181.2843195597331,24.674527601762254,2021-10-01,0,37.23041066015062,0.0,0.0,404.7362594604492,23.97745635292747,0.0,1,0.00028737006,0
LR1215,Yarpea Mahn,Nimba,14113.0,379.07183267,2021,11,0,0,0.0,114.10163434346518,24.77401317249645,2021-11-01,0,37.23041066015062,0.0,0.0,181.2843195597331,24.674527601762254,0.0,0,5.3003128e-06,0
LR1215,Yarpea Mahn,Nimba,14113.0,379.07183267,2021,12,0,0,0.0,15.671141068140663,24.477622985839844,2021-12-01,0,37.23041066015062,0.0,0.0,114.10163434346518,24.77401317249645,0.0,0,7.1745715e-05,0
LR1215,Yarpea Mahn,Nimba,14113.0,379.07183267,2022,1,0,0,0.0,6.069782733917236,23.81042844598944,2022-01-01,0,37.23041066015062,0.0,0.0,15.671141068140663,24.477622985839844,0.0,0,0.0005161175,0
LR1215,Yarpea Mahn,Nimba,14113.0,379.07183267,2022,2,0,0,0.0,30.07202355066935,26.026590520685367,2022-02-01,0,37.23041066015062,0.0,0.0,6.069782733917236,23.81042844598944,0.0,0,1.2506228e-05,0
LR1215,Yarpea Mahn,Nimba,14113.0,379.07183267,2022,3,0,0,0.0,125.42760403951011,26.125486373901367,2022-03-01,0,37.23041066015062,0.0,0.0,30.07202355066935,26.026590520685367,0.0,0,2.2013644e-06,0
LR1215,Yarpea Mahn,Nimba,14113.0,379.07183267,2022,4,0,0,0.0,160.89097595214847,25.856907411055133,2022-04-01,0,37.23041066015062,0.0,0.0,125.42760403951011,26.125486373901367,0.0,0,4.503132e-06,0
LR1215,Yarpea Mahn,Nimba,14113.0,379.07183267,2022,5,0,0,0.0,141.05287551879883,25.21721909262917,2022-05-01,0,37.23041066015062,0.0,0.0,160.89097595214847,25.856907411055133,0.0,1,5.723129e-05,0
LR1215,Yarpea Mahn,Nimba,14113.0,379.07183267,2022,6,0,0,0.0,276.6458282470703,24.389201077547945,2022-06-01,0,37.23041066015062,0.0,0.0,141.05287551879883,25.21721909262917,0.0,1,0.00072725886,0
LR1215,Yarpea Mahn,Nimba,14113.0,379.07183267,2022,7,0,0,0.0,281.27769215901696,23.44375922463157,2022-07-01,0,37.23041066015062,0.0,0.0,276.6458282470703,24.389201077547945,0.0,1,0.0016827536,0
LR1215,Yarpea Mahn,Nimba,14113.0,379.07183267,2022,8,0,0,0.0,288.3729604085287,23.07476511868564,2022-08-01,0,37.23041066015062,0.0,0.0,281.27769215901696,23.44375922463157,0.0,1,0.00622533,0
LR1215,Yarpea Mahn,Nimba,14113.0,379.07183267,2022,9,0,0,0.0,486.42167409261066,23.60759648409757,2022-09-01,0,37.23041066015062,0.0,0.0,288.3729604085287,23.07476511868564,0.0,1,9.552753e-05,0
LR1215,Yarpea Mahn,Nimba,14113.0,379.07183267,2022,10,0,0,0.0,203.9129791259766,24.335838491266426,2022-10-01,0,37.23041066015062,0.0,0.0,486.42167409261066,23.60759648409757,0.0,1,0.00021174237,0
LR1215,Yarpea Mahn,Nimba,14113.0,379.07183267,2022,11,0,0,0.0,81.25041898091634,24.073467254638672,2022-11-01,0,37.23041066015062,0.0,0.0,203.9129791259766,24.335838491266426,0.0,0,3.5783683e-05,0
LR1215,Yarpea Mahn,Nimba,14113.0,379.07183267,2022,12,0,0,0.0,22.598811944325764,23.58917062932795,2022-12-01,0,37.23041066015062,0.0,0.0,81.25041898091634,24.073467254638672,0.0,0,1.5237413e-05,0
LR1215,Yarpea Mahn,Nimba,14113.0,379.07183267,2023,1,0,0,0.0,12.108062982559206,24.355847792191938,2023-01-01,0,37.23041066015062,0.0,0.0,22.598811944325764,23.58917062932795,0.0,0,0.00048905256,0
LR1215,Yarpea Mahn,Nimba,14113.0,379.07183267,2023,2,0,0,0.0,51.81320158640544,26.131289915605024,2023-02-01,0,37.23041066015062,0.0,0.0,12.108062982559206,24.355847792191938,0.0,0,1.3237725e-05,0
LR1216,Yarwein Mehnsonnoh,Nimba,25350.0,1023.06635443,2020,4,0,0,0.0,189.95927080426893,26.135121682110952,2020-04-01,0,24.77845145647832,0.0,0.0,208.7006186349052,26.414602896746462,0.0,0,0.00012056764,0
LR1216,Yarwein Mehnsonnoh,Nimba,25350.0,1023.06635443,2020,5,0,0,0.0,216.5343013218471,26.02657458361457,2020-05-01,0,24.77845145647832,0.0,0.0,189.95927080426893,26.135121682110952,0.0,1,0.00025246627,0
LR1216,Yarwein Mehnsonnoh,Nimba,25350.0,1023.06635443,2020,6,1,1,3.944773175542406,235.1079646519252,24.871319546419027,2020-06-01,0,24.77845145647832,0.0,0.0,216.5343013218471,26.02657458361457,0.0,1,0.009753166,0
LR1216,Yarwein Mehnsonnoh,Nimba,25350.0,1023.06635443,2020,7,0,0,0.0,218.545392717634,23.62909232868868,2020-07-01,0,24.77845145647832,1.0,3.944773175542406,235.1079646519252,24.871319546419027,0.3333333333333333,1,0.0032914036,0
LR1216,Yarwein Mehnsonnoh,Nimba,25350.0,1023.06635443,2020,8,0,0,0.0,196.1338230678014,23.31405796724208,2020-08-01,0,24.77845145647832,0.0,0.0,218.545392717634,23.62909232868868,0.3333333333333333,1,0.009913183,0
LR1216,Yarwein Mehnsonnoh,Nimba,25350.0,1023.06635443,2020,9,0,0,0.0,333.54332885742195,24.238070824567007,2020-09-01,0,24.77845145647832,0.0,0.0,196.1338230678014,23.31405796724208,0.3333333333333333,1,0.0015216136,0
LR1216,Yarwein Mehnsonnoh,Nimba,25350.0,1023.06635443,2020,10,0,0,0.0,183.37462506975447,24.988634782678936,2020-10-01,0,24.77845145647832,0.0,0.0,333.54332885742195,24.238070824567007,0.0,1,0.00028686173,0
LR1216,Yarwein Mehnsonnoh,Nimba,25350.0,1023.06635443,2020,11,0,0,0.0,27.264365495954245,25.13536498125861,2020-11-01,0,24.77845145647832,0.0,0.0,183.37462506975447,24.988634782678936,0.0,0,0.00029909093,0
LR1216,Yarwein Mehnsonnoh,Nimba,25350.0,1023.06635443,2020,12,0,0,0.0,65.59673538208008,25.174185135785265,2020-12-01,0,24.77845145647832,0.0,0.0,27.264365495954245,25.13536498125861,0.0,0,5.1043594e-06,0
LR1216,Yarwein Mehnsonnoh,Nimba,25350.0,1023.06635443,2021,1,0,0,0.0,13.11651393345424,24.9954298804788,2021-01-01,0,24.77845145647832,0.0,0.0,65.59673538208008,25.174185135785265,0.0,0,0.0021220874,0
LR1216,Yarwein Mehnsonnoh,Nimba,25350.0,1023.06635443,2021,2,0,0,0.0,112.1900610787528,25.98837863697725,2021-02-01,0,24.77845145647832,0.0,0.0,13.11651393345424,24.9954298804788,0.0,0,3.0727954e-06,0
LR1216,Yarwein Mehnsonnoh,Nimba,25350.0,1023.06635443,2021,3,0,0,0.0,175.8738294328962,25.634524906382847,2021-03-01,0,24.77845145647832,0.0,0.0,112.1900610787528,25.98837863697725,0.0,0,5.0383724e-06,0
LR1216,Yarwein Mehnsonnoh,Nimba,25350.0,1023.06635443,2021,4,0,0,0.0,145.83020760672437,25.82376575469971,2021-04-01,0,24.77845145647832,0.0,0.0,175.8738294328962,25.634524906382847,0.0,0,1.8625973e-05,0
LR1216,Yarwein Mehnsonnoh,Nimba,25350.0,1023.06635443,2021,5,0,0,0.0,170.65758100237167,25.777859351214243,2021-05-01,0,24.77845145647832,0.0,0.0,145.83020760672437,25.82376575469971,0.0,1,1.2347296e-05,0
LR1216,Yarwein Mehnsonnoh,Nimba,25350.0,1023.06635443,2021,6,0,0,0.0,300.1397369384766,25.013752600725965,2021-06-01,0,24.77845145647832,0.0,0.0,170.65758100237167,25.777859351214243,0.0,1,5.3895626e-05,0
LR1216,Yarwein Mehnsonnoh,Nimba,25350.0,1023.06635443,2021,7,1,1,3.944773175542406,192.02851518903464,24.03724199182847,2021-07-01,0,24.77845145647832,0.0,0.0,300.1397369384766,25.013752600725965,0.0,1,0.011419803,0
LR1216,Yarwein Mehnsonnoh,Nimba,25350.0,1023.06635443,2021,8,0,0,0.0,397.9482369559152,23.956309823428885,2021-08-01,0,24.77845145647832,1.0,3.944773175542406,192.02851518903464,24.03724199182847,0.3333333333333333,1,0.0011649622,0
LR1216,Yarwein Mehnsonnoh,Nimba,25350.0,1023.06635443,2021,9,0,0,0.0,347.9276759556362,24.45210294162526,2021-09-01,0,24.77845145647832,0.0,0.0,397.9482369559152,23.956309823428885,0.3333333333333333,1,0.010679546,0
LR1216,Yarwein Mehnsonnoh,Nimba,25350.0,1023.06635443,2021,10,0,0,0.0,199.33194187709265,25.199123045977423,2021-10-01,0,24.77845145647832,0.0,0.0,347.9276759556362,24.45210294162526,0.3333333333333333,1,0.0002505386,0
LR1216,Yarwein Mehnsonnoh,Nimba,25350.0,1023.06635443,2021,11,0,0,0.0,76.81115918840682,25.380908012390137,2021-11-01,0,24.77845145647832,0.0,0.0,199.33194187709265,25.199123045977423,0.0,0,1.2972455e-05,0
LR1216,Yarwein Mehnsonnoh,Nimba,25350.0,1023.06635443,2021,12,0,0,0.0,19.189902142116008,25.22203512752757,2021-12-01,0,24.77845145647832,0.0,0.0,76.81115918840682,25.380908012390137,0.0,0,0.0030759254,0
LR1216,Yarwein Mehnsonnoh,Nimba,25350.0,1023.06635443,2022,1,0,0,0.0,10.978644125802177,24.200887680053704,2022-01-01,0,24.77845145647832,0.0,0.0,19.189902142116008,25.22203512752757,0.0,0,0.050368592,0
LR1216,Yarwein Mehnsonnoh,Nimba,25350.0,1023.06635443,2022,2,0,0,0.0,34.007944216047015,25.739349084741924,2022-02-01,0,24.77845145647832,0.0,0.0,10.978644125802177,24.200887680053704,0.0,0,1.645713e-05,0
LR1216,Yarwein Mehnsonnoh,Nimba,25350.0,1023.06635443,2022,3,0,0,0.0,124.94234553745812,26.11545607622932,2022-03-01,0,24.77845145647832,0.0,0.0,34.007944216047015,25.739349084741924,0.0,0,5.1163533e-06,0
LR1216,Yarwein Mehnsonnoh,Nimba,25350.0,1023.06635443,2022,4,0,0,0.0,183.12688075474333,26.07724043902229,2022-04-01,0,24.77845145647832,0.0,0.0,124.94234553745812,26.11545607622932,0.0,0,1.5425465e-05,0
LR1216,Yarwein Mehnsonnoh,Nimba,25350.0,1023.06635443,2022,5,0,0,0.0,193.35107552664616,25.62534713745117,2022-05-01,0,24.77845145647832,0.0,0.0,183.12688075474333,26.07724043902229,0.0,1,7.87266e-06,0
LR1216,Yarwein Mehnsonnoh,Nimba,25350.0,1023.06635443,2022,6,0,0,0.0,274.2936863490514,24.764192805570712,2022-06-01,0,24.77845145647832,0.0,0.0,193.35107552664616,25.62534713745117,0.0,1,0.0022000785,0
LR1216,Yarwein Mehnsonnoh,Nimba,25350.0,1023.06635443,2022,7,0,0,0.0,196.3368089948381,23.79449418011833,2022-07-01,0,24.77845145647832,0.0,0.0,274.2936863490514,24.764192805570712,0.0,1,0.0007497475,0
LR1216,Yarwein Mehnsonnoh,Nimba,25350.0,1023.06635443,2022,8,0,0,0.0,250.15559910365508,23.48322341021369,2022-08-01,0,24.77845145647832,0.0,0.0,196.3368089948381,23.79449418011833,0.0,1,0.00014842917,0
LR1216,Yarwein Mehnsonnoh,Nimba,25350.0,1023.06635443,2022,9,0,0,0.0,353.3838344029017,23.9825579699348,2022-09-01,0,24.77845145647832,0.0,0.0,250.15559910365508,23.48322341021369,0.0,1,0.0028029815,0
LR1216,Yarwein Mehnsonnoh,Nimba,25350.0,1023.06635443,2022,10,0,0,0.0,270.97889360700333,24.917886677910296,2022-10-01,0,24.77845145647832,0.0,0.0,353.3838344029017,23.9825579699348,0.0,1,0.0034401678,0
LR1216,Yarwein Mehnsonnoh,Nimba,25350.0,1023.06635443,2022,11,0,0,0.0,67.72031751360211,24.785898937898523,2022-11-01,0,24.77845145647832,0.0,0.0,270.97889360700333,24.917886677910296,0.0,0,3.7624246e-05,0
LR1216,Yarwein Mehnsonnoh,Nimba,25350.0,1023.06635443,2022,12,0,0,0.0,35.64054042271204,24.34273332708022,2022-12-01,0,24.77845145647832,0.0,0.0,67.72031751360211,24.785898937898523,0.0,0,4.7227528e-05,0
LR1216,Yarwein Mehnsonnoh,Nimba,25350.0,1023.06635443,2023,1,0,0,0.0,16.093676539829797,24.527947033152863,2023-01-01,0,24.77845145647832,0.0,0.0,35.64054042271204,24.34273332708022,0.0,0,0.0001239453,0
LR1216,Yarwein Mehnsonnoh,Nimba,25350.0,1023.06635443,2023,2,0,0,0.0,35.5745334625244,26.175689136280727,2023-02-01,0,24.77845145647832,0.0,0.0,16.093676539829797,24.527947033152863,0.0,0,9.757607e-06,0
LR1217,Zoe-Gbao,Nimba,38356.0,379.71491827,2020,4,0,0,0.0,184.5549665178572,26.149432549109825,2020-04-01,0,101.01262329842567,0.0,0.0,232.4280537196568,26.59076661330004,0.0,0,0.00043069315,0
LR1217,Zoe-Gbao,Nimba,38356.0,379.71491827,2020,5,0,0,0.0,172.34006500244138,26.0039675785945,2020-05-01,0,101.01262329842567,0.0,0.0,184.5549665178572,26.149432549109825,0.0,1,0.00051195454,0
LR1217,Zoe-Gbao,Nimba,38356.0,379.71491827,2020,6,0,0,0.0,236.8868364606585,24.72407707801232,2020-06-01,0,101.01262329842567,0.0,0.0,172.34006500244138,26.0039675785945,0.0,1,0.006839245,0
LR1217,Zoe-Gbao,Nimba,38356.0,379.71491827,2020,7,0,0,0.0,235.1304462977818,23.474209271944485,2020-07-01,0,101.01262329842567,0.0,0.0,236.8868364606585,24.72407707801232,0.0,1,0.000116214076,0
LR1217,Zoe-Gbao,Nimba,38356.0,379.71491827,2020,8,0,0,0.0,226.91269683837888,23.17960240290715,2020-08-01,0,101.01262329842567,0.0,0.0,235.1304462977818,23.474209271944485,0.0,1,0.00085131166,0
LR1217,Zoe-Gbao,Nimba,38356.0,379.71491827,2020,9,0,0,0.0,347.17480468749994,24.105028299184944,2020-09-01,0,101.01262329842567,0.0,0.0,226.91269683837888,23.17960240290715,0.0,1,0.0002163744,0
LR1217,Zoe-Gbao,Nimba,38356.0,379.71491827,2020,10,0,0,0.0,194.83862304687503,24.731171387892505,2020-10-01,0,101.01262329842567,0.0,0.0,347.17480468749994,24.105028299184944,0.0,1,0.00014867324,0
LR1217,Zoe-Gbao,Nimba,38356.0,379.71491827,2020,11,0,0,0.0,25.013592856270925,24.844906440147987,2020-11-01,0,101.01262329842567,0.0,0.0,194.83862304687503,24.731171387892505,0.0,0,0.0007002258,0
LR1217,Zoe-Gbao,Nimba,38356.0,379.71491827,2020,12,0,0,0.0,49.68354388645717,24.94860971890963,2020-12-01,0,101.01262329842567,0.0,0.0,25.013592856270925,24.844906440147987,0.0,0,1.5797605e-05,0
LR1217,Zoe-Gbao,Nimba,38356.0,379.71491827,2021,1,0,0,0.0,11.383888993944442,25.26090284494254,2021-01-01,0,101.01262329842567,0.0,0.0,49.68354388645717,24.94860971890963,0.0,0,0.0020756677,0
LR1217,Zoe-Gbao,Nimba,38356.0,379.71491827,2021,2,0,0,0.0,89.27969305855888,26.40464724027193,2021-02-01,0,101.01262329842567,0.0,0.0,11.383888993944442,25.26090284494254,0.0,0,5.837808e-06,0
LR1217,Zoe-Gbao,Nimba,38356.0,379.71491827,2021,3,0,0,0.0,169.61365781511577,25.80186609121469,2021-03-01,0,101.01262329842567,0.0,0.0,89.27969305855888,26.40464724027193,0.0,0,3.875919e-05,0
LR1217,Zoe-Gbao,Nimba,38356.0,379.71491827,2021,4,0,0,0.0,149.01923261369978,25.656132771418644,2021-04-01,0,101.01262329842567,0.0,0.0,169.61365781511577,25.80186609121469,0.0,0,0.00010264498,0
LR1217,Zoe-Gbao,Nimba,38356.0,379.71491827,2021,5,0,0,0.0,123.16016387939452,25.56837037893442,2021-05-01,0,101.01262329842567,0.0,0.0,149.01923261369978,25.656132771418644,0.0,1,0.00074060407,0
LR1217,Zoe-Gbao,Nimba,38356.0,379.71491827,2021,6,1,1,2.607154030660132,341.46510096958707,24.82528261037973,2021-06-01,0,101.01262329842567,0.0,0.0,123.16016387939452,25.56837037893442,0.0,1,0.025086896,0
LR1217,Zoe-Gbao,Nimba,38356.0,379.71491827,2021,7,0,0,0.0,219.1982705252512,23.90976729759804,2021-07-01,0,101.01262329842567,1.0,2.607154030660132,341.46510096958707,24.82528261037973,0.3333333333333333,1,0.0104264235,0
LR1217,Zoe-Gbao,Nimba,38356.0,379.71491827,2021,8,0,0,0.0,365.4401179722378,23.75161405710074,2021-08-01,0,101.01262329842567,0.0,0.0,219.1982705252512,23.90976729759804,0.3333333333333333,1,9.160513e-05,0
LR1217,Zoe-Gbao,Nimba,38356.0,379.71491827,2021,9,0,0,0.0,376.9204559326173,24.251400874211235,2021-09-01,0,101.01262329842567,0.0,0.0,365.4401179722378,23.75161405710074,0.3333333333333333,1,0.0002509797,0
LR1217,Zoe-Gbao,Nimba,38356.0,379.71491827,2021,10,0,0,0.0,172.87022617885043,24.973639414860653,2021-10-01,0,101.01262329842567,0.0,0.0,376.9204559326173,24.251400874211235,0.0,1,4.5652185e-05,0
LR1217,Zoe-Gbao,Nimba,38356.0,379.71491827,2021,11,0,0,0.0,98.90019825526647,25.11650936420147,2021-11-01,0,101.01262329842567,0.0,0.0,172.87022617885043,24.973639414860653,0.0,0,0.00013925566,0
LR1217,Zoe-Gbao,Nimba,38356.0,379.71491827,2021,12,0,0,0.0,19.695067405700687,24.88450901324933,2021-12-01,0,101.01262329842567,0.0,0.0,98.90019825526647,25.11650936420147,0.0,0,0.0013099724,0
LR1217,Zoe-Gbao,Nimba,38356.0,379.71491827,2022,1,0,0,0.0,5.729659387043544,24.08657748882587,2022-01-01,0,101.01262329842567,0.0,0.0,19.695067405700687,24.88450901324933,0.0,0,0.00057897624,0
LR1217,Zoe-Gbao,Nimba,38356.0,379.71491827,2022,2,0,0,0.0,29.260816437857493,26.24295440086952,2022-02-01,0,101.01262329842567,0.0,0.0,5.729659387043544,24.08657748882587,0.0,0,2.2250151e-05,0
LR1217,Zoe-Gbao,Nimba,38356.0,379.71491827,2022,3,0,0,0.0,155.8648147583008,26.37954741257888,2022-03-01,0,101.01262329842567,0.0,0.0,29.260816437857493,26.24295440086952,0.0,0,6.954506e-06,0
LR1217,Zoe-Gbao,Nimba,38356.0,379.71491827,2022,4,0,0,0.0,169.46097673688615,26.272049390352688,2022-04-01,0,101.01262329842567,0.0,0.0,155.8648147583008,26.37954741257888,0.0,0,4.9850692e-05,0
LR1217,Zoe-Gbao,Nimba,38356.0,379.71491827,2022,5,0,0,0.0,154.4039579119001,25.54216531606821,2022-05-01,0,101.01262329842567,0.0,0.0,169.46097673688615,26.272049390352688,0.0,1,0.00064494106,0
LR1217,Zoe-Gbao,Nimba,38356.0,379.71491827,2022,6,0,0,0.0,256.68143681117465,24.636706719031704,2022-06-01,0,101.01262329842567,0.0,0.0,154.4039579119001,25.54216531606821,0.0,1,0.0026218274,0
LR1217,Zoe-Gbao,Nimba,38356.0,379.71491827,2022,7,0,0,0.0,256.20709228515625,23.690582862267128,2022-07-01,0,101.01262329842567,0.0,0.0,256.68143681117465,24.636706719031704,0.0,1,0.0002780442,0
LR1217,Zoe-Gbao,Nimba,38356.0,379.71491827,2022,8,0,0,0.0,254.00819069998607,23.33179151094877,2022-08-01,0,101.01262329842567,0.0,0.0,256.20709228515625,23.690582862267128,0.0,1,0.00040775482,0
LR1217,Zoe-Gbao,Nimba,38356.0,379.71491827,2022,9,0,0,0.0,437.337653023856,23.84347842289852,2022-09-01,0,101.01262329842567,0.0,0.0,254.00819069998607,23.33179151094877,0.0,1,0.0009930785,0
LR1217,Zoe-Gbao,Nimba,38356.0,379.71491827,2022,10,0,0,0.0,231.1237607683454,24.682832424457256,2022-10-01,0,101.01262329842567,0.0,0.0,437.337653023856,23.84347842289852,0.0,1,0.0011190771,0
LR1217,Zoe-Gbao,Nimba,38356.0,379.71491827,2022,11,0,0,0.0,71.3143904549735,24.4702262878418,2022-11-01,0,101.01262329842567,0.0,0.0,231.1237607683454,24.682832424457256,0.0,0,2.6202382e-05,0
LR1217,Zoe-Gbao,Nimba,38356.0,379.71491827,2022,12,0,0,0.0,22.479973656790595,23.966960466825043,2022-12-01,0,101.01262329842567,0.0,0.0,71.3143904549735,24.4702262878418,0.0,0,3.0040605e-05,0
LR1217,Zoe-Gbao,Nimba,38356.0,379.71491827,2023,1,0,0,0.0,13.02127354485648,24.708537175105167,2023-01-01,0,101.01262329842567,0.0,0.0,22.479973656790595,23.966960466825043,0.0,0,0.00030475215,0
LR1217,Zoe-Gbao,Nimba,38356.0,379.71491827,2023,2,1,1,2.607154030660132,45.48828751700265,26.48725274892953,2023-02-01,0,101.01262329842567,0.0,0.0,13.02127354485648,24.708537175105167,0.0,0,1.1504841e-05,0
LR1301,Chedepo,River Gee,12008.0,872.80380744,2020,4,0,0,0.0,211.93808193864496,26.13239111219133,2020-04-01,0,13.757960148249557,0.0,0.0,281.14713418894803,26.110479627336773,0.0,0,0.00079173903,0
LR1301,Chedepo,River Gee,12008.0,872.80380744,2020,5,0,0,0.0,246.94476791908,25.932452065604075,2020-05-01,0,13.757960148249557,0.0,0.0,211.93808193864496,26.13239111219133,0.0,1,0.00017222865,0
LR1301,Chedepo,River Gee,12008.0,872.80380744,2020,6,1,1,8.327781479013991,348.3899588749327,24.77022382191249,2020-06-01,0,13.757960148249557,0.0,0.0,246.94476791908,25.932452065604075,0.0,1,0.0027780517,0
LR1301,Chedepo,River Gee,12008.0,872.80380744,2020,7,3,3,24.98334443704197,100.03461640456626,23.72712959562029,2020-07-01,0,13.757960148249557,1.0,8.327781479013991,348.3899588749327,24.77022382191249,0.3333333333333333,1,0.0028981336,0
LR1301,Chedepo,River Gee,12008.0,872.80380744,2020,8,0,0,0.0,99.33342663995153,23.475423336029053,2020-08-01,0,13.757960148249557,3.0,24.98334443704197,100.03461640456626,23.72712959562029,1.3333333333333333,1,0.0006693824,0
LR1301,Chedepo,River Gee,12008.0,872.80380744,2020,9,0,0,0.0,387.4646353886045,24.320302963256843,2020-09-01,0,13.757960148249557,0.0,0.0,99.33342663995153,23.475423336029053,1.3333333333333333,1,0.00013311414,0
LR1301,Chedepo,River Gee,12008.0,872.80380744,2020,10,0,0,0.0,317.05318161536906,25.092275891985206,2020-10-01,0,13.757960148249557,0.0,0.0,387.4646353886045,24.320302963256843,1.0,1,7.7972094e-05,0
LR1301,Chedepo,River Gee,12008.0,872.80380744,2020,11,0,0,0.0,144.03612018453663,25.38997289112636,2020-11-01,0,13.757960148249557,0.0,0.0,317.05318161536906,25.092275891985206,0.0,0,7.951556e-06,0
LR1301,Chedepo,River Gee,12008.0,872.80380744,2020,12,0,0,0.0,117.85211970888334,25.464524405343187,2020-12-01,0,13.757960148249557,0.0,0.0,144.03612018453663,25.38997289112636,0.0,0,2.2118707e-05,0
LR1301,Chedepo,River Gee,12008.0,872.80380744,2021,1,0,0,0.0,40.28705162837588,25.32308891841344,2021-01-01,0,13.757960148249557,0.0,0.0,117.85211970888334,25.464524405343187,0.0,0,0.000769539,0
LR1301,Chedepo,River Gee,12008.0,872.80380744,2021,2,0,0,0.0,118.0160254116716,25.83217941011701,2021-02-01,0,13.757960148249557,0.0,0.0,40.28705162837588,25.32308891841344,0.0,0,1.4986776e-06,0
LR1301,Chedepo,River Gee,12008.0,872.80380744,2021,3,0,0,0.0,206.4781578327048,25.337025506155825,2021-03-01,0,13.757960148249557,0.0,0.0,118.0160254116716,25.83217941011701,0.0,0,2.76179e-05,0
LR1301,Chedepo,River Gee,12008.0,872.80380744,2021,4,0,0,0.0,184.0938226107893,25.84898281097412,2021-04-01,0,13.757960148249557,0.0,0.0,206.4781578327048,25.337025506155825,0.0,0,1.490649e-05,0
LR1301,Chedepo,River Gee,12008.0,872.80380744,2021,5,0,0,0.0,210.6526694462217,25.77576562336513,2021-05-01,0,13.757960148249557,0.0,0.0,184.0938226107893,25.84898281097412,0.0,1,3.333856e-05,0
LR1301,Chedepo,River Gee,12008.0,872.80380744,2021,6,0,0,0.0,389.75428403657054,25.090982777731764,2021-06-01,0,13.757960148249557,0.0,0.0,210.6526694462217,25.77576562336513,0.0,1,5.6107812e-05,0
LR1301,Chedepo,River Gee,12008.0,872.80380744,2021,7,0,0,0.0,181.9771375984981,23.943891116550983,2021-07-01,0,13.757960148249557,0.0,0.0,389.75428403657054,25.090982777731764,0.0,1,0.00021703744,0
LR1301,Chedepo,River Gee,12008.0,872.80380744,2021,8,0,0,0.0,213.23364836594155,24.07472923823765,2021-08-01,0,13.757960148249557,0.0,0.0,181.9771375984981,23.943891116550983,0.0,1,2.1787906e-05,0
LR1301,Chedepo,River Gee,12008.0,872.80380744,2021,9,0,0,0.0,403.01823898841593,24.68537964139666,2021-09-01,0,13.757960148249557,0.0,0.0,213.23364836594155,24.07472923823765,0.0,1,0.00051001116,0
LR1301,Chedepo,River Gee,12008.0,872.80380744,2021,10,0,0,0.0,257.47591689537313,25.30795519692557,2021-10-01,0,13.757960148249557,0.0,0.0,403.01823898841593,24.68537964139666,0.0,1,2.4267125e-05,0
LR1301,Chedepo,River Gee,12008.0,872.80380744,2021,11,0,0,0.0,110.22153446592137,25.413373879023965,2021-11-01,0,13.757960148249557,0.0,0.0,257.47591689537313,25.30795519692557,0.0,0,3.346505e-05,0
LR1301,Chedepo,River Gee,12008.0,872.80380744,2021,12,0,0,0.0,49.85802828032394,25.7451857158116,2021-12-01,0,13.757960148249557,0.0,0.0,110.22153446592137,25.413373879023965,0.0,0,1.40243465e-05,0
LR1301,Chedepo,River Gee,12008.0,872.80380744,2022,1,0,0,0.0,21.26277259300496,24.8364691734314,2022-01-01,0,13.757960148249557,0.0,0.0,49.85802828032394,25.7451857158116,0.0,0,0.00020965528,0
LR1301,Chedepo,River Gee,12008.0,872.80380744,2022,2,0,0,0.0,70.17321093329068,25.67332996640887,2022-02-01,0,13.757960148249557,0.0,0.0,21.26277259300496,24.8364691734314,0.0,0,1.975081e-06,0
LR1301,Chedepo,River Gee,12008.0,872.80380744,2022,3,0,0,0.0,172.09808296992858,25.66484662464687,2022-03-01,0,13.757960148249557,0.0,0.0,70.17321093329068,25.67332996640887,0.0,0,1.5687997e-06,0
LR1301,Chedepo,River Gee,12008.0,872.80380744,2022,4,0,0,0.0,239.08655206088363,25.748291560581745,2022-04-01,0,13.757960148249557,0.0,0.0,172.09808296992858,25.66484662464687,0.0,0,7.1099876e-06,0
LR1301,Chedepo,River Gee,12008.0,872.80380744,2022,5,0,0,0.0,261.7273480645542,25.488917963845395,2022-05-01,0,13.757960148249557,0.0,0.0,239.08655206088363,25.748291560581745,0.0,1,0.0001248194,0
LR1301,Chedepo,River Gee,12008.0,872.80380744,2022,6,0,0,0.0,359.18029469457167,24.76037475040981,2022-06-01,0,13.757960148249557,0.0,0.0,261.7273480645542,25.488917963845395,0.0,1,0.00031232715,0
LR1301,Chedepo,River Gee,12008.0,872.80380744,2022,7,0,0,0.0,48.11908879773371,23.67944458552769,2022-07-01,0,13.757960148249557,0.0,0.0,359.18029469457167,24.76037475040981,0.0,1,0.00029843324,0
LR1301,Chedepo,River Gee,12008.0,872.80380744,2022,8,0,0,0.0,168.84844865470097,23.53662082127163,2022-08-01,0,13.757960148249557,0.0,0.0,48.11908879773371,23.67944458552769,0.0,1,7.707347e-06,0
LR1301,Chedepo,River Gee,12008.0,872.80380744,2022,9,0,0,0.0,238.40943224676727,24.07808528627668,2022-09-01,0,13.757960148249557,0.0,0.0,168.84844865470097,23.53662082127163,0.0,1,6.8648675e-05,0
LR1301,Chedepo,River Gee,12008.0,872.80380744,2022,10,0,0,0.0,295.13855033085264,25.134650230407715,2022-10-01,0,13.757960148249557,0.0,0.0,238.40943224676727,24.07808528627668,0.0,1,8.1402104e-05,0
LR1301,Chedepo,River Gee,12008.0,872.80380744,2022,11,0,0,0.0,177.33652996194775,25.095399311610628,2022-11-01,0,13.757960148249557,0.0,0.0,295.13855033085264,25.134650230407715,0.0,0,2.6088062e-05,0
LR1301,Chedepo,River Gee,12008.0,872.80380744,2022,12,0,0,0.0,94.37409841603248,24.950367995670867,2022-12-01,0,13.757960148249557,0.0,0.0,177.33652996194775,25.095399311610628,0.0,0,5.954918e-06,0
LR1301,Chedepo,River Gee,12008.0,872.80380744,2023,1,0,0,0.0,42.85658027385843,24.80890689577376,2023-01-01,0,13.757960148249557,0.0,0.0,94.37409841603248,24.950367995670867,0.0,0,1.9603334e-05,0
LR1301,Chedepo,River Gee,12008.0,872.80380744,2023,2,0,0,0.0,72.94239964978449,25.89905500411987,2023-02-01,0,13.757960148249557,0.0,0.0,42.85658027385843,24.80890689577376,0.0,0,1.4312668e-06,0
LR1302,Gbeapo,River Gee,19615.0,203.73335533,2020,4,0,0,0.0,215.23411814371744,26.40023040771484,2020-04-01,0,96.27780374121029,0.0,0.0,292.4657643636068,26.36242457798549,0.0,0,0.012592061,0
LR1302,Gbeapo,River Gee,19615.0,203.73335533,2020,5,0,0,0.0,276.3462168375651,26.15950393676757,2020-05-01,0,96.27780374121029,0.0,0.0,215.23411814371744,26.40023040771484,0.0,1,0.022355612,0
LR1302,Gbeapo,River Gee,19615.0,203.73335533,2020,6,0,0,0.0,379.86792500813806,24.961150850568497,2020-06-01,0,96.27780374121029,0.0,0.0,276.3462168375651,26.15950393676757,0.0,1,0.016806232,0
LR1302,Gbeapo,River Gee,19615.0,203.73335533,2020,7,0,0,0.0,117.77080027262367,23.947075162615096,2020-07-01,0,96.27780374121029,0.0,0.0,379.86792500813806,24.961150850568497,0.0,1,0.00037126473,0
LR1302,Gbeapo,River Gee,19615.0,203.73335533,2020,8,0,0,0.0,94.54637145996094,23.713360377720427,2020-08-01,0,96.27780374121029,0.0,0.0,117.77080027262367,23.947075162615096,0.0,1,9.430371e-06,0
LR1302,Gbeapo,River Gee,19615.0,203.73335533,2020,9,0,0,0.0,430.1075439453125,24.490140097481863,2020-09-01,0,96.27780374121029,0.0,0.0,94.54637145996094,23.713360377720427,0.0,1,5.1101666e-05,0
LR1302,Gbeapo,River Gee,19615.0,203.73335533,2020,10,0,0,0.0,331.759511311849,25.270354952131,2020-10-01,0,96.27780374121029,0.0,0.0,430.1075439453125,24.490140097481863,0.0,1,0.0001028477,0
LR1302,Gbeapo,River Gee,19615.0,203.73335533,2020,11,0,0,0.0,199.2930043538412,25.5697021484375,2020-11-01,0,96.27780374121029,0.0,0.0,331.759511311849,25.270354952131,0.0,0,8.158745e-05,0
LR1302,Gbeapo,River Gee,19615.0,203.73335533,2020,12,0,0,0.0,107.7154108683268,25.68377821786063,2020-12-01,0,96.27780374121029,0.0,0.0,199.2930043538412,25.5697021484375,0.0,0,0.000116628944,0
LR1302,Gbeapo,River Gee,19615.0,203.73335533,2021,1,0,0,0.0,54.47161420186361,25.60522079467773,2021-01-01,0,96.27780374121029,0.0,0.0,107.7154108683268,25.68377821786063,0.0,0,0.00036861934,0
LR1302,Gbeapo,River Gee,19615.0,203.73335533,2021,2,0,0,0.0,153.31790161132812,26.078055790492467,2021-02-01,0,96.27780374121029,0.0,0.0,54.47161420186361,25.60522079467773,0.0,0,1.50401875e-05,0
LR1302,Gbeapo,River Gee,19615.0,203.73335533,2021,3,0,0,0.0,234.0613301595052,25.556071962629048,2021-03-01,0,96.27780374121029,0.0,0.0,153.31790161132812,26.078055790492467,0.0,0,0.00032757554,0
LR1302,Gbeapo,River Gee,19615.0,203.73335533,2021,4,0,0,0.0,178.76858774820963,26.097261428833008,2021-04-01,0,96.27780374121029,0.0,0.0,234.0613301595052,25.556071962629048,0.0,0,0.00040746923,0
LR1302,Gbeapo,River Gee,19615.0,203.73335533,2021,5,0,0,0.0,218.76178995768228,26.026549748011995,2021-05-01,0,96.27780374121029,0.0,0.0,178.76858774820963,26.097261428833008,0.0,1,0.0010720034,0
LR1302,Gbeapo,River Gee,19615.0,203.73335533,2021,6,0,0,0.0,450.1431376139323,25.327056884765625,2021-06-01,0,96.27780374121029,0.0,0.0,218.76178995768228,26.026549748011995,0.0,1,0.0036058123,0
LR1302,Gbeapo,River Gee,19615.0,203.73335533,2021,7,1,1,5.098139179199592,242.2993367513021,24.199682235717777,2021-07-01,0,96.27780374121029,0.0,0.0,450.1431376139323,25.327056884765625,0.0,1,0.0009840839,0
LR1302,Gbeapo,River Gee,19615.0,203.73335533,2021,8,0,0,0.0,243.28184509277344,24.317889622279576,2021-08-01,0,96.27780374121029,1.0,5.098139179199592,242.2993367513021,24.199682235717777,0.3333333333333333,1,0.0004122344,0
LR1302,Gbeapo,River Gee,19615.0,203.73335533,2021,9,0,0,0.0,436.7715911865234,24.888172422136577,2021-09-01,0,96.27780374121029,0.0,0.0,243.28184509277344,24.317889622279576,0.3333333333333333,1,0.003241206,0
LR1302,Gbeapo,River Gee,19615.0,203.73335533,2021,10,0,0,0.0,275.46661376953125,25.49549184526716,2021-10-01,0,96.27780374121029,0.0,0.0,436.7715911865234,24.888172422136577,0.3333333333333333,1,0.0005688193,0
LR1302,Gbeapo,River Gee,19615.0,203.73335533,2021,11,0,0,0.0,137.66956329345703,25.61358342851912,2021-11-01,0,96.27780374121029,0.0,0.0,275.46661376953125,25.49549184526716,0.0,0,0.00038958306,0
LR1302,Gbeapo,River Gee,19615.0,203.73335533,2021,12,0,0,0.0,69.87447102864583,26.01800319126674,2021-12-01,0,96.27780374121029,0.0,0.0,137.66956329345703,25.61358342851912,0.0,0,0.0020710337,0
LR1302,Gbeapo,River Gee,19615.0,203.73335533,2022,1,0,0,0.0,27.75537331899007,25.286760875156947,2022-01-01,0,96.27780374121029,0.0,0.0,69.87447102864583,26.01800319126674,0.0,0,0.0007412388,0
LR1302,Gbeapo,River Gee,19615.0,203.73335533,2022,2,0,0,0.0,79.14682006835938,25.940725599016464,2022-02-01,0,96.27780374121029,0.0,0.0,27.75537331899007,25.286760875156947,0.0,0,4.894371e-06,0
LR1302,Gbeapo,River Gee,19615.0,203.73335533,2022,3,0,0,0.0,195.4318364461263,25.8722414289202,2022-03-01,0,96.27780374121029,0.0,0.0,79.14682006835938,25.940725599016464,0.0,0,9.343172e-06,0
LR1302,Gbeapo,River Gee,19615.0,203.73335533,2022,4,0,0,0.0,235.2276407877604,26.01330947875977,2022-04-01,0,96.27780374121029,0.0,0.0,195.4318364461263,25.8722414289202,0.0,0,0.0034755096,0
LR1302,Gbeapo,River Gee,19615.0,203.73335533,2022,5,0,0,0.0,273.4258168538412,25.73293386186872,2022-05-01,0,96.27780374121029,0.0,0.0,235.2276407877604,26.01330947875977,0.0,1,0.00047289184,0
LR1302,Gbeapo,River Gee,19615.0,203.73335533,2022,6,0,0,0.0,409.87819925944007,24.980367388044087,2022-06-01,0,96.27780374121029,0.0,0.0,273.4258168538412,25.73293386186872,0.0,1,0.0017000538,0
LR1302,Gbeapo,River Gee,19615.0,203.73335533,2022,7,0,0,0.0,45.86878967285156,23.87809671674456,2022-07-01,0,96.27780374121029,0.0,0.0,409.87819925944007,24.980367388044087,0.0,1,0.00079669204,0
LR1302,Gbeapo,River Gee,19615.0,203.73335533,2022,8,0,0,0.0,179.277707417806,23.746278490339005,2022-08-01,0,96.27780374121029,0.0,0.0,45.86878967285156,23.87809671674456,0.0,1,4.9738737e-06,0
LR1302,Gbeapo,River Gee,19615.0,203.73335533,2022,9,0,0,0.0,265.25310770670575,24.259634017944336,2022-09-01,0,96.27780374121029,0.0,0.0,179.277707417806,23.746278490339005,0.0,1,6.61754e-05,0
LR1302,Gbeapo,River Gee,19615.0,203.73335533,2022,10,0,0,0.0,313.86403910319007,25.321046011788503,2022-10-01,0,96.27780374121029,0.0,0.0,265.25310770670575,24.259634017944336,0.0,1,0.0004974169,0
LR1302,Gbeapo,River Gee,19615.0,203.73335533,2022,11,0,0,0.0,217.2662353515625,25.32918575831822,2022-11-01,0,96.27780374121029,0.0,0.0,313.86403910319007,25.321046011788503,0.0,0,0.0002771568,0
LR1302,Gbeapo,River Gee,19615.0,203.73335533,2022,12,0,0,0.0,115.06925837198894,25.32968166896276,2022-12-01,0,96.27780374121029,0.0,0.0,217.2662353515625,25.32918575831822,0.0,0,0.00024322567,0
LR1302,Gbeapo,River Gee,19615.0,203.73335533,2023,1,0,0,0.0,55.84346453348795,25.2761094229562,2023-01-01,0,96.27780374121029,0.0,0.0,115.06925837198894,25.32968166896276,0.0,0,0.0004248635,0
LR1302,Gbeapo,River Gee,19615.0,203.73335533,2023,2,0,0,0.0,79.86976877848306,26.205029896327428,2023-02-01,0,96.27780374121029,0.0,0.0,55.84346453348795,25.2761094229562,0.0,0,3.4526881e-06,0
LR1303,Glaro,River Gee,4470.0,932.73599328,2020,4,0,0,0.0,158.59308058215726,26.235539146091625,2020-04-01,0,4.79235285461761,0.0,0.0,284.92060162944176,26.145173445991848,0.0,0,0.00021666466,0
LR1303,Glaro,River Gee,4470.0,932.73599328,2020,5,0,0,0.0,249.64880715647053,26.03375418289848,2020-05-01,0,4.79235285461761,0.0,0.0,158.59308058215726,26.235539146091625,0.0,1,0.00013470295,0
LR1303,Glaro,River Gee,4470.0,932.73599328,2020,6,0,0,0.0,317.334956999748,24.890930258709453,2020-06-01,0,4.79235285461761,0.0,0.0,249.64880715647053,26.03375418289848,0.0,1,0.0151865585,0
LR1303,Glaro,River Gee,4470.0,932.73599328,2020,7,0,0,0.0,125.11591486777029,23.9018495808477,2020-07-01,0,4.79235285461761,0.0,0.0,317.334956999748,24.890930258709453,0.0,1,0.00031333225,0
LR1303,Glaro,River Gee,4470.0,932.73599328,2020,8,0,0,0.0,95.71601030903476,23.589270799056344,2020-08-01,0,4.79235285461761,0.0,0.0,125.11591486777029,23.9018495808477,0.0,1,1.3713319e-05,0
LR1303,Glaro,River Gee,4470.0,932.73599328,2020,9,0,0,0.0,369.0492248535156,24.44505392986796,2020-09-01,0,4.79235285461761,0.0,0.0,95.71601030903476,23.589270799056344,0.0,1,6.0404534e-05,0
LR1303,Glaro,River Gee,4470.0,932.73599328,2020,10,0,0,0.0,295.74856961158014,25.163038419640586,2020-10-01,0,4.79235285461761,0.0,0.0,369.0492248535156,24.44505392986796,0.0,1,0.00023220989,0
LR1303,Glaro,River Gee,4470.0,932.73599328,2020,11,0,0,0.0,181.25796115013856,25.450680442478347,2020-11-01,0,4.79235285461761,0.0,0.0,295.74856961158014,25.163038419640586,0.0,0,0.00011042433,0
LR1303,Glaro,River Gee,4470.0,932.73599328,2020,12,0,0,0.0,103.6300230949156,25.578103189883024,2020-12-01,0,4.79235285461761,0.0,0.0,181.25796115013856,25.450680442478347,0.0,0,1.9447778e-05,0
LR1303,Glaro,River Gee,4470.0,932.73599328,2021,1,0,0,0.0,37.94352869833669,25.49474052760912,2021-01-01,0,4.79235285461761,0.0,0.0,103.6300230949156,25.578103189883024,0.0,0,0.0011937671,0
LR1303,Glaro,River Gee,4470.0,932.73599328,2021,2,0,0,0.0,113.8089830952306,25.93737494427225,2021-02-01,0,4.79235285461761,0.0,0.0,37.94352869833669,25.49474052760912,0.0,0,9.299907e-06,0
LR1303,Glaro,River Gee,4470.0,932.73599328,2021,3,0,0,0.0,204.46277643019155,25.441089132557742,2021-03-01,0,4.79235285461761,0.0,0.0,113.8089830952306,25.93737494427225,0.0,0,0.000129094,0
LR1303,Glaro,River Gee,4470.0,932.73599328,2021,4,0,0,0.0,140.49526682207656,25.935000295224395,2021-04-01,0,4.79235285461761,0.0,0.0,204.46277643019155,25.441089132557742,0.0,0,6.682891e-05,0
LR1303,Glaro,River Gee,4470.0,932.73599328,2021,5,0,0,0.0,186.4941642515121,25.86612062868865,2021-05-01,0,4.79235285461761,0.0,0.0,140.49526682207656,25.935000295224395,0.0,1,2.8636654e-05,0
LR1303,Glaro,River Gee,4470.0,932.73599328,2021,6,0,0,0.0,326.98414956369703,25.16220183994459,2021-06-01,0,4.79235285461761,0.0,0.0,186.4941642515121,25.86612062868865,0.0,1,0.00019709273,0
LR1303,Glaro,River Gee,4470.0,932.73599328,2021,7,0,0,0.0,204.21005101357736,24.101491264674976,2021-07-01,0,4.79235285461761,0.0,0.0,326.98414956369703,25.16220183994459,0.0,1,0.00021256403,0
LR1303,Glaro,River Gee,4470.0,932.73599328,2021,8,0,0,0.0,225.8553442185925,24.19622006623641,2021-08-01,0,4.79235285461761,0.0,0.0,204.21005101357736,24.101491264674976,0.0,1,9.574348e-05,0
LR1303,Glaro,River Gee,4470.0,932.73599328,2021,9,0,0,0.0,418.9739645681073,24.85060973789381,2021-09-01,0,4.79235285461761,0.0,0.0,225.8553442185925,24.19622006623641,0.0,1,0.00038918943,0
LR1303,Glaro,River Gee,4470.0,932.73599328,2021,10,0,0,0.0,261.7090833110194,25.3864863851796,2021-10-01,0,4.79235285461761,0.0,0.0,418.9739645681073,24.85060973789381,0.0,1,2.5420495e-05,0
LR1303,Glaro,River Gee,4470.0,932.73599328,2021,11,0,0,0.0,122.20828370125062,25.46455051587976,2021-11-01,0,4.79235285461761,0.0,0.0,261.7090833110194,25.3864863851796,0.0,0,0.00010569037,0
LR1303,Glaro,River Gee,4470.0,932.73599328,2021,12,0,0,0.0,47.797197157336825,25.854448318481445,2021-12-01,0,4.79235285461761,0.0,0.0,122.20828370125062,25.46455051587976,0.0,0,0.00049708603,0
LR1303,Glaro,River Gee,4470.0,932.73599328,2022,1,0,0,0.0,15.376336620699975,24.9205495585566,2022-01-01,0,4.79235285461761,0.0,0.0,47.797197157336825,25.854448318481445,0.0,0,0.008008974,0
LR1303,Glaro,River Gee,4470.0,932.73599328,2022,2,0,0,0.0,57.91174808625252,25.79034448706585,2022-02-01,0,4.79235285461761,0.0,0.0,15.376336620699975,24.9205495585566,0.0,0,8.554443e-06,0
LR1303,Glaro,River Gee,4470.0,932.73599328,2022,3,0,0,0.0,170.2727341190461,25.814487788988195,2022-03-01,0,4.79235285461761,0.0,0.0,57.91174808625252,25.79034448706585,0.0,0,7.578066e-06,0
LR1303,Glaro,River Gee,4470.0,932.73599328,2022,4,0,0,0.0,190.8677446919103,25.85275077819825,2022-04-01,0,4.79235285461761,0.0,0.0,170.2727341190461,25.814487788988195,0.0,0,2.1241107e-05,0
LR1303,Glaro,River Gee,4470.0,932.73599328,2022,5,0,0,0.0,240.46393511372227,25.517994590427563,2022-05-01,0,4.79235285461761,0.0,0.0,190.8677446919103,25.85275077819825,0.0,1,0.0005297844,0
LR1303,Glaro,River Gee,4470.0,932.73599328,2022,6,0,0,0.0,386.4962719332788,24.85084019536557,2022-06-01,0,4.79235285461761,0.0,0.0,240.46393511372227,25.517994590427563,0.0,1,0.000745659,0
LR1303,Glaro,River Gee,4470.0,932.73599328,2022,7,0,0,0.0,51.81826929892263,23.81534601294476,2022-07-01,0,4.79235285461761,0.0,0.0,386.4962719332788,24.85084019536557,0.0,1,3.9716688e-05,0
LR1303,Glaro,River Gee,4470.0,932.73599328,2022,8,0,0,0.0,150.919439992597,23.68087295863939,2022-08-01,0,4.79235285461761,0.0,0.0,51.81826929892263,23.81534601294476,0.0,1,3.541287e-06,0
LR1303,Glaro,River Gee,4470.0,932.73599328,2022,9,0,0,0.0,221.88985566169987,24.247370512589164,2022-09-01,0,4.79235285461761,0.0,0.0,150.919439992597,23.68087295863939,0.0,1,2.2347418e-05,0
LR1303,Glaro,River Gee,4470.0,932.73599328,2022,10,0,0,0.0,233.93026044291835,25.26238665373429,2022-10-01,0,4.79235285461761,0.0,0.0,221.88985566169987,24.247370512589164,0.0,1,0.0007154676,0
LR1303,Glaro,River Gee,4470.0,932.73599328,2022,11,0,0,0.0,177.268308577999,25.172206878662102,2022-11-01,0,4.79235285461761,0.0,0.0,233.93026044291835,25.26238665373429,0.0,0,6.645903e-05,0
LR1303,Glaro,River Gee,4470.0,932.73599328,2022,12,0,0,0.0,87.81582518546811,25.1336902950121,2022-12-01,0,4.79235285461761,0.0,0.0,177.268308577999,25.172206878662102,0.0,0,2.022579e-05,0
LR1303,Glaro,River Gee,4470.0,932.73599328,2023,1,0,0,0.0,41.186401121078,24.81327239326809,2023-01-01,0,4.79235285461761,0.0,0.0,87.81582518546811,25.1336902950121,0.0,0,3.8499664e-05,0
LR1303,Glaro,River Gee,4470.0,932.73599328,2023,2,0,0,0.0,67.21530643586189,25.889197225156035,2023-02-01,0,4.79235285461761,0.0,0.0,41.186401121078,24.81327239326809,0.0,0,6.1990936e-06,0
LR1304,Karforh,River Gee,5256.0,273.84189678,2020,4,0,0,0.0,211.4788619995117,26.37630980355399,2020-04-01,0,19.193556799756546,0.0,0.0,312.68577880859374,26.35347475324358,0.0,0,0.00019637111,0
LR1304,Karforh,River Gee,5256.0,273.84189678,2020,5,0,0,0.0,281.6626403808594,26.13513129098075,2020-05-01,0,19.193556799756546,0.0,0.0,211.4788619995117,26.37630980355399,0.0,1,0.0022151773,0
LR1304,Karforh,River Gee,5256.0,273.84189678,2020,6,0,0,0.0,421.6132110595703,24.936510358537948,2020-06-01,0,19.193556799756546,0.0,0.0,281.6626403808594,26.13513129098075,0.0,1,0.004560335,0
LR1304,Karforh,River Gee,5256.0,273.84189678,2020,7,0,0,0.0,103.13854141235352,23.916034698486328,2020-07-01,0,19.193556799756546,0.0,0.0,421.6132110595703,24.936510358537948,0.0,1,0.00025565835,0
LR1304,Karforh,River Gee,5256.0,273.84189678,2020,8,0,0,0.0,107.3803565979004,23.69268935067313,2020-08-01,0,19.193556799756546,0.0,0.0,103.13854141235352,23.916034698486328,0.0,1,7.0770093e-06,0
LR1304,Karforh,River Gee,5256.0,273.84189678,2020,9,0,0,0.0,474.5912689208985,24.468616213117325,2020-09-01,0,19.193556799756546,0.0,0.0,107.3803565979004,23.69268935067313,0.0,1,0.00054983096,0
LR1304,Karforh,River Gee,5256.0,273.84189678,2020,10,0,0,0.0,372.2670043945312,25.255425589425226,2020-10-01,0,19.193556799756546,0.0,0.0,474.5912689208985,24.468616213117325,0.0,1,0.00011135229,0
LR1304,Karforh,River Gee,5256.0,273.84189678,2020,11,0,0,0.0,203.0106201171875,25.55601501464844,2020-11-01,0,19.193556799756546,0.0,0.0,372.2670043945312,25.255425589425226,0.0,0,1.7342754e-05,0
LR1304,Karforh,River Gee,5256.0,273.84189678,2020,12,0,0,0.0,118.46561737060549,25.665209906441827,2020-12-01,0,19.193556799756546,0.0,0.0,203.0106201171875,25.55601501464844,0.0,0,1.7261113e-05,0
LR1304,Karforh,River Gee,5256.0,273.84189678,2021,1,0,0,0.0,48.8530158996582,25.57732009887696,2021-01-01,0,19.193556799756546,0.0,0.0,118.46561737060549,25.665209906441827,0.0,0,0.00027866388,0
LR1304,Karforh,River Gee,5256.0,273.84189678,2021,2,0,0,0.0,160.03604736328123,26.06421443394252,2021-02-01,0,19.193556799756546,0.0,0.0,48.8530158996582,25.57732009887696,0.0,0,5.850906e-06,0
LR1304,Karforh,River Gee,5256.0,273.84189678,2021,3,0,0,0.0,246.8074722290039,25.53535761151995,2021-03-01,0,19.193556799756546,0.0,0.0,160.03604736328123,26.06421443394252,0.0,0,2.3144088e-05,0
LR1304,Karforh,River Gee,5256.0,273.84189678,2021,4,0,0,0.0,169.17237091064453,26.075304031372067,2021-04-01,0,19.193556799756546,0.0,0.0,246.8074722290039,25.53535761151995,0.0,0,0.000190389,0
LR1304,Karforh,River Gee,5256.0,273.84189678,2021,5,0,0,0.0,245.5434677124024,26.004804883684432,2021-05-01,0,19.193556799756546,0.0,0.0,169.17237091064453,26.075304031372067,0.0,1,2.9237472e-05,0
LR1304,Karforh,River Gee,5256.0,273.84189678,2021,6,0,0,0.0,514.3204467773437,25.307546615600582,2021-06-01,0,19.193556799756546,0.0,0.0,245.5434677124024,26.004804883684432,0.0,1,0.00034768804,0
LR1304,Karforh,River Gee,5256.0,273.84189678,2021,7,0,0,0.0,206.7774383544921,24.168636322021484,2021-07-01,0,19.193556799756546,0.0,0.0,514.3204467773437,25.307546615600582,0.0,1,0.0005516733,0
LR1304,Karforh,River Gee,5256.0,273.84189678,2021,8,0,0,0.0,212.9247299194336,24.294469833374023,2021-08-01,0,19.193556799756546,0.0,0.0,206.7774383544921,24.168636322021484,0.0,1,0.00028366043,0
LR1304,Karforh,River Gee,5256.0,273.84189678,2021,9,0,0,0.0,428.6421997070312,24.857134137834823,2021-09-01,0,19.193556799756546,0.0,0.0,212.9247299194336,24.294469833374023,0.0,1,0.00062638015,0
LR1304,Karforh,River Gee,5256.0,273.84189678,2021,10,0,0,0.0,267.4719314575196,25.479797635759628,2021-10-01,0,19.193556799756546,0.0,0.0,428.6421997070312,24.857134137834823,0.0,1,2.6625943e-05,0
LR1304,Karforh,River Gee,5256.0,273.84189678,2021,11,0,0,0.0,150.63406829833986,25.602110726492747,2021-11-01,0,19.193556799756546,0.0,0.0,267.4719314575196,25.479797635759628,0.0,0,3.680122e-05,0
LR1304,Karforh,River Gee,5256.0,273.84189678,2021,12,0,0,0.0,72.84579391479492,25.99865640912737,2021-12-01,0,19.193556799756546,0.0,0.0,150.63406829833986,25.602110726492747,0.0,0,4.3390606e-05,0
LR1304,Karforh,River Gee,5256.0,273.84189678,2022,1,0,0,0.0,26.7317253112793,25.26291002546038,2022-01-01,0,19.193556799756546,0.0,0.0,72.84579391479492,25.99865640912737,0.0,0,0.0001644065,0
LR1304,Karforh,River Gee,5256.0,273.84189678,2022,2,0,0,0.0,85.04683303833008,25.92233085632324,2022-02-01,0,19.193556799756546,0.0,0.0,26.7317253112793,25.26291002546038,0.0,0,1.219228e-06,0
LR1304,Karforh,River Gee,5256.0,273.84189678,2022,3,0,0,0.0,203.1456909179688,25.84432220458984,2022-03-01,0,19.193556799756546,0.0,0.0,85.04683303833008,25.92233085632324,0.0,0,2.0679768e-06,0
LR1304,Karforh,River Gee,5256.0,273.84189678,2022,4,0,0,0.0,223.938722229004,25.992217745099747,2022-04-01,0,19.193556799756546,0.0,0.0,203.1456909179688,25.84432220458984,0.0,0,7.703179e-05,0
LR1304,Karforh,River Gee,5256.0,273.84189678,2022,5,0,0,0.0,290.1673217773438,25.72042546953474,2022-05-01,0,19.193556799756546,0.0,0.0,223.938722229004,25.992217745099747,0.0,1,0.00014565772,0
LR1304,Karforh,River Gee,5256.0,273.84189678,2022,6,0,0,0.0,475.71083984375,24.959763935634065,2022-06-01,0,19.193556799756546,0.0,0.0,290.1673217773438,25.72042546953474,0.0,1,6.203375e-05,0
LR1304,Karforh,River Gee,5256.0,273.84189678,2022,7,0,0,0.0,42.167158889770505,23.8543028150286,2022-07-01,0,19.193556799756546,0.0,0.0,475.71083984375,24.959763935634065,0.0,1,0.0008260876,0
LR1304,Karforh,River Gee,5256.0,273.84189678,2022,8,0,0,0.0,173.27905273437497,23.720468248639783,2022-08-01,0,19.193556799756546,0.0,0.0,42.167158889770505,23.8543028150286,0.0,1,9.371988e-06,0
LR1304,Karforh,River Gee,5256.0,273.84189678,2022,9,0,0,0.0,269.44892578125,24.232446670532227,2022-09-01,0,19.193556799756546,0.0,0.0,173.27905273437497,23.720468248639783,0.0,1,0.00012739022,0
LR1304,Karforh,River Gee,5256.0,273.84189678,2022,10,0,0,0.0,323.7419708251953,25.29894392830985,2022-10-01,0,19.193556799756546,0.0,0.0,269.44892578125,24.232446670532227,0.0,1,0.0002004025,0
LR1304,Karforh,River Gee,5256.0,273.84189678,2022,11,0,0,0.0,219.7726638793945,25.31291007995605,2022-11-01,0,19.193556799756546,0.0,0.0,323.7419708251953,25.29894392830985,0.0,0,3.1576834e-05,0
LR1304,Karforh,River Gee,5256.0,273.84189678,2022,12,0,0,0.0,113.27904205322264,25.29512677873884,2022-12-01,0,19.193556799756546,0.0,0.0,219.7726638793945,25.31291007995605,0.0,0,6.016435e-05,0
LR1304,Karforh,River Gee,5256.0,273.84189678,2023,1,0,0,0.0,47.8712345123291,25.27504893711635,2023-01-01,0,19.193556799756546,0.0,0.0,113.27904205322264,25.29512677873884,0.0,0,0.00013032863,0
LR1304,Karforh,River Gee,5256.0,273.84189678,2023,2,0,0,0.0,74.75154266357423,26.206990923200333,2023-02-01,0,19.193556799756546,0.0,0.0,47.8712345123291,25.27504893711635,0.0,0,2.610173e-06,0
LR1305,Nanee,River Gee,12065.0,246.86733991,2020,4,0,0,0.0,200.41813278198245,26.53144560919868,2020-04-01,0,48.87240249924723,0.0,0.0,324.73212814331055,26.50010024176704,0.0,0,0.00014025766,0
LR1305,Nanee,River Gee,12065.0,246.86733991,2020,5,0,0,0.0,280.13293838500977,26.25248803032769,2020-05-01,0,48.87240249924723,0.0,0.0,200.41813278198245,26.53144560919868,0.0,1,0.000116232586,0
LR1305,Nanee,River Gee,12065.0,246.86733991,2020,6,0,0,0.0,408.7628593444824,25.02082422044542,2020-06-01,0,48.87240249924723,0.0,0.0,280.13293838500977,26.25248803032769,0.0,1,0.0054939804,0
LR1305,Nanee,River Gee,12065.0,246.86733991,2020,7,0,0,0.0,110.85018062591551,24.025331497192383,2020-07-01,0,48.87240249924723,0.0,0.0,408.7628593444824,25.02082422044542,0.0,1,0.00044098336,0
LR1305,Nanee,River Gee,12065.0,246.86733991,2020,8,0,0,0.0,94.76362133026124,23.827285130818687,2020-08-01,0,48.87240249924723,0.0,0.0,110.85018062591551,24.025331497192383,0.0,1,8.156453e-06,0
LR1305,Nanee,River Gee,12065.0,246.86733991,2020,9,0,0,0.0,467.8595733642578,24.5540525648329,2020-09-01,0,48.87240249924723,0.0,0.0,94.76362133026124,23.827285130818687,0.0,1,3.753229e-05,0
LR1305,Nanee,River Gee,12065.0,246.86733991,2020,10,0,0,0.0,393.2855033874512,25.349932352701824,2020-10-01,0,48.87240249924723,0.0,0.0,467.8595733642578,24.5540525648329,0.0,1,5.2748564e-05,0
LR1305,Nanee,River Gee,12065.0,246.86733991,2020,11,0,0,0.0,231.8056755065918,25.645010630289715,2020-11-01,0,48.87240249924723,0.0,0.0,393.2855033874512,25.349932352701824,0.0,0,8.509742e-05,0
LR1305,Nanee,River Gee,12065.0,246.86733991,2020,12,0,0,0.0,108.41473388671876,25.786247889200844,2020-12-01,0,48.87240249924723,0.0,0.0,231.8056755065918,25.645010630289715,0.0,0,9.997624e-06,0
LR1305,Nanee,River Gee,12065.0,246.86733991,2021,1,0,0,0.0,50.63298416137695,25.743516074286568,2021-01-01,0,48.87240249924723,0.0,0.0,108.41473388671876,25.786247889200844,0.0,0,1.8928633e-05,0
LR1305,Nanee,River Gee,12065.0,246.86733991,2021,2,0,0,0.0,164.52010536193848,26.204375161064995,2021-02-01,0,48.87240249924723,0.0,0.0,50.63298416137695,25.743516074286568,0.0,0,1.9823008e-06,0
LR1305,Nanee,River Gee,12065.0,246.86733991,2021,3,0,0,0.0,243.55752754211423,25.655318154229057,2021-03-01,0,48.87240249924723,0.0,0.0,164.52010536193848,26.204375161064995,0.0,0,1.0827044e-05,0
LR1305,Nanee,River Gee,12065.0,246.86733991,2021,4,0,0,0.0,166.50722885131836,26.214211993747288,2021-04-01,0,48.87240249924723,0.0,0.0,243.55752754211423,25.655318154229057,0.0,0,2.461807e-05,0
LR1305,Nanee,River Gee,12065.0,246.86733991,2021,5,0,0,0.0,234.575532913208,26.142716513739693,2021-05-01,0,48.87240249924723,0.0,0.0,166.50722885131836,26.214211993747288,0.0,1,6.860627e-05,0
LR1305,Nanee,River Gee,12065.0,246.86733991,2021,6,0,0,0.0,506.6301078796387,25.438557306925457,2021-06-01,0,48.87240249924723,0.0,0.0,234.575532913208,26.142716513739693,0.0,1,0.0010944047,0
LR1305,Nanee,River Gee,12065.0,246.86733991,2021,7,0,0,0.0,238.1967735290528,24.29997868008084,2021-07-01,0,48.87240249924723,0.0,0.0,506.6301078796387,25.438557306925457,0.0,1,0.0007291092,0
LR1305,Nanee,River Gee,12065.0,246.86733991,2021,8,0,0,0.0,229.47102165222168,24.421838972303604,2021-08-01,0,48.87240249924723,0.0,0.0,238.1967735290528,24.29997868008084,0.0,1,0.00013484483,0
LR1305,Nanee,River Gee,12065.0,246.86733991,2021,9,0,0,0.0,439.2310943603516,24.96111064487033,2021-09-01,0,48.87240249924723,0.0,0.0,229.47102165222168,24.421838972303604,0.0,1,0.00012259331,0
LR1305,Nanee,River Gee,12065.0,246.86733991,2021,10,0,0,0.0,279.98084259033203,25.575495190090603,2021-10-01,0,48.87240249924723,0.0,0.0,439.2310943603516,24.96111064487033,0.0,1,4.5589106e-05,0
LR1305,Nanee,River Gee,12065.0,246.86733991,2021,11,0,0,0.0,164.63908195495608,25.70967059665256,2021-11-01,0,48.87240249924723,0.0,0.0,279.98084259033203,25.575495190090603,0.0,0,2.648135e-05,0
LR1305,Nanee,River Gee,12065.0,246.86733991,2021,12,0,0,0.0,79.75429725646973,26.163554933336044,2021-12-01,0,48.87240249924723,0.0,0.0,164.63908195495608,25.70967059665256,0.0,0,7.456802e-06,0
LR1305,Nanee,River Gee,12065.0,246.86733991,2022,1,0,0,0.0,29.49060440063477,25.56175910101997,2022-01-01,0,48.87240249924723,0.0,0.0,79.75429725646973,26.163554933336044,0.0,0,0.00014812562,0
LR1305,Nanee,River Gee,12065.0,246.86733991,2022,2,0,0,0.0,87.40569305419922,26.075846989949543,2022-02-01,0,48.87240249924723,0.0,0.0,29.49060440063477,25.56175910101997,0.0,0,2.887382e-06,0
LR1305,Nanee,River Gee,12065.0,246.86733991,2022,3,0,0,0.0,212.7834091186524,25.94264814588759,2022-03-01,0,48.87240249924723,0.0,0.0,87.40569305419922,26.075846989949543,0.0,0,4.239454e-06,0
LR1305,Nanee,River Gee,12065.0,246.86733991,2022,4,0,0,0.0,217.97921562194824,26.142931832207573,2022-04-01,0,48.87240249924723,0.0,0.0,212.7834091186524,25.94264814588759,0.0,0,0.0012208185,0
LR1305,Nanee,River Gee,12065.0,246.86733991,2022,5,0,0,0.0,286.8199920654297,25.849580340915256,2022-05-01,0,48.87240249924723,0.0,0.0,217.97921562194824,26.142931832207573,0.0,1,0.00014623649,0
LR1305,Nanee,River Gee,12065.0,246.86733991,2022,6,0,0,0.0,501.77222442626953,25.071579403347435,2022-06-01,0,48.87240249924723,0.0,0.0,286.8199920654297,25.849580340915256,0.0,1,0.00018427431,0
LR1305,Nanee,River Gee,12065.0,246.86733991,2022,7,0,0,0.0,45.41029214859009,23.941396713256832,2022-07-01,0,48.87240249924723,0.0,0.0,501.77222442626953,25.071579403347435,0.0,1,0.0035018888,0
LR1305,Nanee,River Gee,12065.0,246.86733991,2022,8,0,0,0.0,168.1614818572998,23.824049843682182,2022-08-01,0,48.87240249924723,0.0,0.0,45.41029214859009,23.941396713256832,0.0,1,3.0748006e-06,0
LR1305,Nanee,River Gee,12065.0,246.86733991,2022,9,0,0,0.0,267.9596939086914,24.31775410970052,2022-09-01,0,48.87240249924723,0.0,0.0,168.1614818572998,23.824049843682182,0.0,1,2.3624965e-05,0
LR1305,Nanee,River Gee,12065.0,246.86733991,2022,10,0,0,0.0,347.4535789489746,25.39340464274089,2022-10-01,0,48.87240249924723,0.0,0.0,267.9596939086914,24.31775410970052,0.0,1,0.00013348923,0
LR1305,Nanee,River Gee,12065.0,246.86733991,2022,11,0,0,0.0,244.9211463928223,25.453474892510307,2022-11-01,0,48.87240249924723,0.0,0.0,347.4535789489746,25.39340464274089,0.0,0,2.4848345e-05,0
LR1305,Nanee,River Gee,12065.0,246.86733991,2022,12,0,0,0.0,117.57903575897215,25.53810903761122,2022-12-01,0,48.87240249924723,0.0,0.0,244.9211463928223,25.453474892510307,0.0,0,5.0897743e-05,0
LR1305,Nanee,River Gee,12065.0,246.86733991,2023,1,0,0,0.0,48.75385999679565,25.61972045898437,2023-01-01,0,48.87240249924723,0.0,0.0,117.57903575897215,25.53810903761122,0.0,0,0.00037211727,0
LR1305,Nanee,River Gee,12065.0,246.86733991,2023,2,0,0,0.0,79.78242683410645,26.42082171969944,2023-02-01,0,48.87240249924723,0.0,0.0,48.75385999679565,25.61972045898437,0.0,0,1.4125577e-06,0
LR1306,Nyenawliken,River Gee,14102.0,245.67226975,2020,4,0,0,0.0,205.74543108258928,26.525364875793457,2020-04-01,0,57.401675876363335,0.0,0.0,316.068838936942,26.48234272003174,0.0,0,0.0001550378,0
LR1306,Nyenawliken,River Gee,14102.0,245.67226975,2020,5,0,0,0.0,274.7767377580915,26.25266981124878,2020-05-01,0,57.401675876363335,0.0,0.0,205.74543108258928,26.525364875793457,0.0,1,0.00048184142,0
LR1306,Nyenawliken,River Gee,14102.0,245.67226975,2020,6,0,0,0.0,445.5962219238281,25.02584743499756,2020-06-01,0,57.401675876363335,0.0,0.0,274.7767377580915,26.25266981124878,0.0,1,0.0063901977,0
LR1306,Nyenawliken,River Gee,14102.0,245.67226975,2020,7,0,0,0.0,138.61593191964286,24.02963948249817,2020-07-01,0,57.401675876363335,0.0,0.0,445.5962219238281,25.02584743499756,0.0,1,0.0005876449,0
LR1306,Nyenawliken,River Gee,14102.0,245.67226975,2020,8,0,0,0.0,89.7389166695731,23.818380117416385,2020-08-01,0,57.401675876363335,0.0,0.0,138.61593191964286,24.02963948249817,0.0,1,3.263597e-05,0
LR1306,Nyenawliken,River Gee,14102.0,245.67226975,2020,9,0,0,0.0,439.25620814732144,24.554807901382446,2020-09-01,0,57.401675876363335,0.0,0.0,89.7389166695731,23.818380117416385,0.0,1,0.00020397197,0
LR1306,Nyenawliken,River Gee,14102.0,245.67226975,2020,10,0,0,0.0,368.6649344308036,25.34551048278808,2020-10-01,0,57.401675876363335,0.0,0.0,439.25620814732144,24.554807901382446,0.0,1,6.9467496e-05,0
LR1306,Nyenawliken,River Gee,14102.0,245.67226975,2020,11,0,0,0.0,229.0816170828683,25.6413938999176,2020-11-01,0,57.401675876363335,0.0,0.0,368.6649344308036,25.34551048278808,0.0,0,5.88909e-05,0
LR1306,Nyenawliken,River Gee,14102.0,245.67226975,2020,12,0,0,0.0,101.7403302873884,25.78010654449463,2020-12-01,0,57.401675876363335,0.0,0.0,229.0816170828683,25.6413938999176,0.0,0,1.2855372e-05,0
LR1306,Nyenawliken,River Gee,14102.0,245.67226975,2021,1,0,0,0.0,57.28922053745815,25.73766613006592,2021-01-01,0,57.401675876363335,0.0,0.0,101.7403302873884,25.78010654449463,0.0,0,1.5568123e-05,0
LR1306,Nyenawliken,River Gee,14102.0,245.67226975,2021,2,0,0,0.0,152.65894426618303,26.19008111953736,2021-02-01,0,57.401675876363335,0.0,0.0,57.28922053745815,25.73766613006592,0.0,0,3.404444e-06,0
LR1306,Nyenawliken,River Gee,14102.0,245.67226975,2021,3,0,0,0.0,237.5796421595982,25.65051651000976,2021-03-01,0,57.401675876363335,0.0,0.0,152.65894426618303,26.19008111953736,0.0,0,1.4693174e-05,0
LR1306,Nyenawliken,River Gee,14102.0,245.67226975,2021,4,0,0,0.0,169.49328831263952,26.20853328704834,2021-04-01,0,57.401675876363335,0.0,0.0,237.5796421595982,25.65051651000976,0.0,0,3.3179625e-05,0
LR1306,Nyenawliken,River Gee,14102.0,245.67226975,2021,5,0,0,0.0,214.18162972586487,26.136670112609863,2021-05-01,0,57.401675876363335,0.0,0.0,169.49328831263952,26.20853328704834,0.0,1,0.0001663175,0
LR1306,Nyenawliken,River Gee,14102.0,245.67226975,2021,6,0,0,0.0,480.8273577008928,25.432644844055176,2021-06-01,0,57.401675876363335,0.0,0.0,214.18162972586487,26.136670112609863,0.0,1,0.00047910356,0
LR1306,Nyenawliken,River Gee,14102.0,245.67226975,2021,7,0,0,0.0,273.11939130510603,24.301185131073,2021-07-01,0,57.401675876363335,0.0,0.0,480.8273577008928,25.432644844055176,0.0,1,0.002854769,0
LR1306,Nyenawliken,River Gee,14102.0,245.67226975,2021,8,0,0,0.0,260.94234357561385,24.41746640205384,2021-08-01,0,57.401675876363335,0.0,0.0,273.11939130510603,24.301185131073,0.0,1,0.00023547167,0
LR1306,Nyenawliken,River Gee,14102.0,245.67226975,2021,9,0,0,0.0,441.5803658621652,24.96847438812256,2021-09-01,0,57.401675876363335,0.0,0.0,260.94234357561385,24.41746640205384,0.0,1,0.0006115795,0
LR1306,Nyenawliken,River Gee,14102.0,245.67226975,2021,10,0,0,0.0,304.14635794503346,25.57075238227844,2021-10-01,0,57.401675876363335,0.0,0.0,441.5803658621652,24.96847438812256,0.0,1,7.2195726e-05,0
LR1306,Nyenawliken,River Gee,14102.0,245.67226975,2021,11,0,0,0.0,161.8581848144531,25.70009565353394,2021-11-01,0,57.401675876363335,0.0,0.0,304.14635794503346,25.57075238227844,0.0,0,4.8202703e-05,0
LR1306,Nyenawliken,River Gee,14102.0,245.67226975,2021,12,0,0,0.0,83.00652531215123,26.15156865119934,2021-12-01,0,57.401675876363335,0.0,0.0,161.8581848144531,25.70009565353394,0.0,0,1.6674034e-05,0
LR1306,Nyenawliken,River Gee,14102.0,245.67226975,2022,1,0,0,0.0,30.843681335449222,25.532304286956787,2022-01-01,0,57.401675876363335,0.0,0.0,83.00652531215123,26.15156865119934,0.0,0,0.0004848463,0
LR1306,Nyenawliken,River Gee,14102.0,245.67226975,2022,2,0,0,0.0,86.72818974086216,26.064866781234745,2022-02-01,0,57.401675876363335,0.0,0.0,30.843681335449222,25.532304286956787,0.0,0,3.918422e-06,0
LR1306,Nyenawliken,River Gee,14102.0,245.67226975,2022,3,0,0,0.0,214.0768083844866,25.94760537147522,2022-03-01,0,57.401675876363335,0.0,0.0,86.72818974086216,26.064866781234745,0.0,0,5.7532957e-06,0
LR1306,Nyenawliken,River Gee,14102.0,245.67226975,2022,4,0,0,0.0,227.36228288923,26.132882833480835,2022-04-01,0,57.401675876363335,0.0,0.0,214.0768083844866,25.94760537147522,0.0,0,0.0010828819,0
LR1306,Nyenawliken,River Gee,14102.0,245.67226975,2022,5,0,0,0.0,265.699951171875,25.838372230529785,2022-05-01,0,57.401675876363335,0.0,0.0,227.36228288923,26.132882833480835,0.0,1,0.0001510961,0
LR1306,Nyenawliken,River Gee,14102.0,245.67226975,2022,6,0,0,0.0,488.2576599121094,25.068837881088257,2022-06-01,0,57.401675876363335,0.0,0.0,265.699951171875,25.838372230529785,0.0,1,0.00035273994,0
LR1306,Nyenawliken,River Gee,14102.0,245.67226975,2022,7,0,0,0.0,53.736711229596814,23.943188905715942,2022-07-01,0,57.401675876363335,0.0,0.0,488.2576599121094,25.068837881088257,0.0,1,0.0022256095,0
LR1306,Nyenawliken,River Gee,14102.0,245.67226975,2022,8,0,0,0.0,179.44377790178572,23.82548713684082,2022-08-01,0,57.401675876363335,0.0,0.0,53.736711229596814,23.943188905715942,0.0,1,8.442841e-06,0
LR1306,Nyenawliken,River Gee,14102.0,245.67226975,2022,9,0,0,0.0,282.8890380859375,24.323346138000485,2022-09-01,0,57.401675876363335,0.0,0.0,179.44377790178572,23.82548713684082,0.0,1,0.00015840691,0
LR1306,Nyenawliken,River Gee,14102.0,245.67226975,2022,10,0,0,0.0,335.9979989188058,25.395144701004032,2022-10-01,0,57.401675876363335,0.0,0.0,282.8890380859375,24.323346138000485,0.0,1,0.00023460914,0
LR1306,Nyenawliken,River Gee,14102.0,245.67226975,2022,11,0,0,0.0,249.7537602015904,25.441856622695923,2022-11-01,0,57.401675876363335,0.0,0.0,335.9979989188058,25.395144701004032,0.0,0,3.434603e-05,0
LR1306,Nyenawliken,River Gee,14102.0,245.67226975,2022,12,0,0,0.0,118.14614977155414,25.52534461021424,2022-12-01,0,57.401675876363335,0.0,0.0,249.7537602015904,25.441856622695923,0.0,0,5.8949663e-05,0
LR1306,Nyenawliken,River Gee,14102.0,245.67226975,2023,1,0,0,0.0,55.79217965262277,25.55914330482483,2023-01-01,0,57.401675876363335,0.0,0.0,118.14614977155414,25.52534461021424,0.0,0,0.0001075145,0
LR1306,Nyenawliken,River Gee,14102.0,245.67226975,2023,2,0,0,0.0,89.41248866489956,26.38053250312805,2023-02-01,0,57.401675876363335,0.0,0.0,55.79217965262277,25.55914330482483,0.0,0,1.9169615e-06,0
LR1307,Nyenebo,River Gee,7905.0,345.52929703,2020,4,1,1,12.65022137887413,190.75875006781683,26.618270527232777,2020-04-01,0,22.877944266803116,0.0,0.0,426.2676425509983,26.508161544799805,0.0,0,0.00014732567,0
LR1307,Nyenebo,River Gee,7905.0,345.52929703,2020,5,0,0,0.0,261.9216088189019,26.328593687577683,2020-05-01,0,22.877944266803116,1.0,12.65022137887413,190.75875006781683,26.618270527232777,0.5,1,0.00019464549,0
LR1307,Nyenebo,River Gee,7905.0,345.52929703,2020,6,0,0,0.0,443.61985948350696,25.082685817371715,2020-06-01,0,22.877944266803116,0.0,0.0,261.9216088189019,26.328593687577683,0.3333333333333333,1,0.06444634,0
LR1307,Nyenebo,River Gee,7905.0,345.52929703,2020,7,1,1,12.65022137887413,166.0968509250217,24.09008182178844,2020-07-01,0,22.877944266803116,0.0,0.0,443.61985948350696,25.082685817371715,0.3333333333333333,1,0.0012793471,0
LR1307,Nyenebo,River Gee,7905.0,345.52929703,2020,8,0,0,0.0,83.16560787624783,23.84295966408469,2020-08-01,0,22.877944266803116,1.0,12.65022137887413,166.0968509250217,24.09008182178844,0.3333333333333333,1,0.0003251006,0
LR1307,Nyenebo,River Gee,7905.0,345.52929703,2020,9,0,0,0.0,324.16490681966144,24.596359252929688,2020-09-01,0,22.877944266803116,0.0,0.0,83.16560787624783,23.84295966408469,0.3333333333333333,1,0.0015447395,0
LR1307,Nyenebo,River Gee,7905.0,345.52929703,2020,10,0,0,0.0,478.6067877875434,25.372275092385035,2020-10-01,0,22.877944266803116,0.0,0.0,324.16490681966144,24.596359252929688,0.3333333333333333,1,0.0012563631,0
LR1307,Nyenebo,River Gee,7905.0,345.52929703,2020,11,0,0,0.0,287.7795647515191,25.67995314164595,2020-11-01,0,22.877944266803116,0.0,0.0,478.6067877875434,25.372275092385035,0.0,0,8.692549e-05,0
LR1307,Nyenebo,River Gee,7905.0,345.52929703,2020,12,0,0,0.0,114.41514587402344,25.835955533114344,2020-12-01,0,22.877944266803116,0.0,0.0,287.7795647515191,25.67995314164595,0.0,0,8.480158e-05,0
LR1307,Nyenebo,River Gee,7905.0,345.52929703,2021,1,0,0,0.0,55.67930687798394,25.83200402693315,2021-01-01,0,22.877944266803116,0.0,0.0,114.41514587402344,25.835955533114344,0.0,0,3.2798995e-05,0
LR1307,Nyenebo,River Gee,7905.0,345.52929703,2021,2,0,0,0.0,125.69691467285156,26.2353630065918,2021-02-01,0,22.877944266803116,0.0,0.0,55.67930687798394,25.83200402693315,0.0,0,3.1787802e-06,0
LR1307,Nyenebo,River Gee,7905.0,345.52929703,2021,3,0,0,0.0,268.4048309326172,25.700006311590023,2021-03-01,0,22.877944266803116,0.0,0.0,125.69691467285156,26.2353630065918,0.0,0,3.5591158e-05,0
LR1307,Nyenebo,River Gee,7905.0,345.52929703,2021,4,0,0,0.0,181.87100897894967,26.270511627197266,2021-04-01,0,22.877944266803116,0.0,0.0,268.4048309326172,25.700006311590023,0.0,0,7.4830954e-05,0
LR1307,Nyenebo,River Gee,7905.0,345.52929703,2021,5,0,0,0.0,202.23517015245227,26.201054833152075,2021-05-01,0,22.877944266803116,0.0,0.0,181.87100897894967,26.270511627197266,0.0,1,3.7338978e-05,0
LR1307,Nyenebo,River Gee,7905.0,345.52929703,2021,6,0,0,0.0,613.4573974609375,25.48642071810636,2021-06-01,0,22.877944266803116,0.0,0.0,202.23517015245227,26.201054833152075,0.0,1,9.2842565e-05,0
LR1307,Nyenebo,River Gee,7905.0,345.52929703,2021,7,0,0,0.0,299.50328233506946,24.37179374694824,2021-07-01,0,22.877944266803116,0.0,0.0,613.4573974609375,25.48642071810636,0.0,1,0.002311179,0
LR1307,Nyenebo,River Gee,7905.0,345.52929703,2021,8,13,13,164.4528779253637,279.6074523925781,24.470019427212804,2021-08-01,1,22.877944266803116,0.0,0.0,299.50328233506946,24.37179374694824,0.0,1,0.8138495,1
LR1307,Nyenebo,River Gee,7905.0,345.52929703,2021,9,14,14,177.10309930423782,389.65657891167535,25.07254219055176,2021-09-01,1,22.877944266803116,13.0,164.4528779253637,279.6074523925781,24.470019427212804,4.333333333333333,1,0.9116456,1
LR1307,Nyenebo,River Gee,7905.0,345.52929703,2021,10,0,0,0.0,343.5827975802952,25.592945619062945,2021-10-01,0,22.877944266803116,14.0,177.10309930423782,389.65657891167535,25.07254219055176,9.0,1,0.0010603464,0
LR1307,Nyenebo,River Gee,7905.0,345.52929703,2021,11,0,0,0.0,212.95035976833768,25.7260478626598,2021-11-01,0,22.877944266803116,0.0,0.0,343.5827975802952,25.592945619062945,9.0,0,0.0006229963,0
LR1307,Nyenebo,River Gee,7905.0,345.52929703,2021,12,0,0,0.0,105.97493065728082,26.223832737315785,2021-12-01,0,22.877944266803116,0.0,0.0,212.95035976833768,25.7260478626598,4.666666666666667,0,0.00014390581,0
LR1307,Nyenebo,River Gee,7905.0,345.52929703,2022,1,0,0,0.0,27.638643900553387,25.649363431063566,2022-01-01,0,22.877944266803116,0.0,0.0,105.97493065728082,26.223832737315785,0.0,0,0.00013406352,0
LR1307,Nyenebo,River Gee,7905.0,345.52929703,2022,2,0,0,0.0,76.06854332817926,26.14728303389116,2022-02-01,0,22.877944266803116,0.0,0.0,27.638643900553387,25.649363431063566,0.0,0,1.6404434e-05,0
LR1307,Nyenebo,River Gee,7905.0,345.52929703,2022,3,0,0,0.0,253.6137084960937,26.02985399419611,2022-03-01,0,22.877944266803116,0.0,0.0,76.06854332817926,26.14728303389116,0.0,0,1.5601847e-05,0
LR1307,Nyenebo,River Gee,7905.0,345.52929703,2022,4,0,0,0.0,252.2987586127387,26.18079081448641,2022-04-01,0,22.877944266803116,0.0,0.0,253.6137084960937,26.02985399419611,0.0,0,0.00019916377,0
LR1307,Nyenebo,River Gee,7905.0,345.52929703,2022,5,0,0,0.0,254.3015645345052,25.88445160605691,2022-05-01,0,22.877944266803116,0.0,0.0,252.2987586127387,26.18079081448641,0.0,1,0.00033788566,0
LR1307,Nyenebo,River Gee,7905.0,345.52929703,2022,6,0,0,0.0,595.5651584201389,25.120358380404387,2022-06-01,0,22.877944266803116,0.0,0.0,254.3015645345052,25.88445160605691,0.0,1,0.00023791347,0
LR1307,Nyenebo,River Gee,7905.0,345.52929703,2022,7,0,0,0.0,76.51169628567166,23.97064659812234,2022-07-01,0,22.877944266803116,0.0,0.0,595.5651584201389,25.120358380404387,0.0,1,0.00076493976,0
LR1307,Nyenebo,River Gee,7905.0,345.52929703,2022,8,0,0,0.0,161.1876941257053,23.884762330488723,2022-08-01,0,22.877944266803116,0.0,0.0,76.51169628567166,23.97064659812234,0.0,1,1.15161465e-05,0
LR1307,Nyenebo,River Gee,7905.0,345.52929703,2022,9,0,0,0.0,262.38616434733075,24.386645923961293,2022-09-01,0,22.877944266803116,0.0,0.0,161.1876941257053,23.884762330488723,0.0,1,0.00015701125,0
LR1307,Nyenebo,River Gee,7905.0,345.52929703,2022,10,0,0,0.0,356.34366183810766,25.46173026344993,2022-10-01,0,22.877944266803116,0.0,0.0,262.38616434733075,24.386645923961293,0.0,1,0.00053584337,0
LR1307,Nyenebo,River Gee,7905.0,345.52929703,2022,11,0,0,0.0,321.940426296658,25.48600682345304,2022-11-01,0,22.877944266803116,0.0,0.0,356.34366183810766,25.46173026344993,0.0,0,9.6900796e-05,0
LR1307,Nyenebo,River Gee,7905.0,345.52929703,2022,12,0,0,0.0,144.70080057779947,25.666731921109285,2022-12-01,0,22.877944266803116,0.0,0.0,321.940426296658,25.48600682345304,0.0,0,0.00013197766,0
LR1307,Nyenebo,River Gee,7905.0,345.52929703,2023,1,0,0,0.0,56.56199730767145,25.51933461969549,2023-01-01,0,22.877944266803116,0.0,0.0,144.70080057779947,25.666731921109285,0.0,0,0.00038304194,0
LR1307,Nyenebo,River Gee,7905.0,345.52929703,2023,2,0,0,0.0,101.32145182291669,26.340519818392664,2023-02-01,0,22.877944266803116,0.0,0.0,56.56199730767145,25.51933461969549,0.0,0,2.9053665e-06,0
LR1308,Potupo,River Gee,31533.0,902.47258664,2020,4,0,0,0.0,186.85576222737632,26.332988802591963,2020-04-01,0,34.940673508323016,0.0,0.0,284.6288233439128,26.27444496154785,0.0,0,0.00017971569,0
LR1308,Potupo,River Gee,31533.0,902.47258664,2020,5,0,0,0.0,260.0505060831706,26.11466515858968,2020-05-01,0,34.940673508323016,0.0,0.0,186.85576222737632,26.332988802591963,0.0,1,0.00020072839,0
LR1308,Potupo,River Gee,31533.0,902.47258664,2020,6,5,5,15.856404401737862,335.0276458740235,24.93721885681152,2020-06-01,1,34.940673508323016,0.0,0.0,260.0505060831706,26.11466515858968,0.0,1,0.8417933,1
LR1308,Potupo,River Gee,31533.0,902.47258664,2020,7,24,24,76.11074112834174,115.54469807942708,23.92955074310303,2020-07-01,1,34.940673508323016,5.0,15.856404401737862,335.0276458740235,24.93721885681152,1.6666666666666667,1,0.9366292,1
LR1308,Potupo,River Gee,31533.0,902.47258664,2020,8,0,0,0.0,97.01439005533854,23.66275723775228,2020-08-01,0,34.940673508323016,24.0,76.11074112834174,115.54469807942708,23.92955074310303,9.666666666666666,1,0.0073955236,0
LR1308,Potupo,River Gee,31533.0,902.47258664,2020,9,0,0,0.0,384.03791402180985,24.47184715270996,2020-09-01,0,34.940673508323016,0.0,0.0,97.01439005533854,23.66275723775228,9.666666666666666,1,0.0001299022,0
LR1308,Potupo,River Gee,31533.0,902.47258664,2020,10,0,0,0.0,296.6249094645182,25.22570972442627,2020-10-01,0,34.940673508323016,0.0,0.0,384.03791402180985,24.47184715270996,8.0,1,0.00012274807,0
LR1308,Potupo,River Gee,31533.0,902.47258664,2020,11,0,0,0.0,177.51354624430337,25.52206637064616,2020-11-01,0,34.940673508323016,0.0,0.0,296.6249094645182,25.22570972442627,0.0,0,0.00011180267,0
LR1308,Potupo,River Gee,31533.0,902.47258664,2020,12,0,0,0.0,110.57390925089518,25.632693990071616,2020-12-01,0,34.940673508323016,0.0,0.0,177.51354624430337,25.52206637064616,0.0,0,9.262608e-06,0
LR1308,Potupo,River Gee,31533.0,902.47258664,2021,1,0,0,0.0,45.78547649383545,25.54664312998454,2021-01-01,0,34.940673508323016,0.0,0.0,110.57390925089518,25.632693990071616,0.0,0,0.0012181307,0
LR1308,Potupo,River Gee,31533.0,902.47258664,2021,2,0,0,0.0,123.38491668701172,26.01354484558105,2021-02-01,0,34.940673508323016,0.0,0.0,45.78547649383545,25.54664312998454,0.0,0,1.0090161e-05,0
LR1308,Potupo,River Gee,31533.0,902.47258664,2021,3,0,0,0.0,208.23265380859377,25.51184329986572,2021-03-01,0,34.940673508323016,0.0,0.0,123.38491668701172,26.01354484558105,0.0,0,8.7084285e-05,0
LR1308,Potupo,River Gee,31533.0,902.47258664,2021,4,0,0,0.0,164.77704366048178,26.03550294240316,2021-04-01,0,34.940673508323016,0.0,0.0,208.23265380859377,25.51184329986572,0.0,0,4.7577996e-05,0
LR1308,Potupo,River Gee,31533.0,902.47258664,2021,5,0,0,0.0,199.20302886962887,25.966114807128907,2021-05-01,0,34.940673508323016,0.0,0.0,164.77704366048178,26.03550294240316,0.0,1,7.134052e-06,0
LR1308,Potupo,River Gee,31533.0,902.47258664,2021,6,0,0,0.0,371.3737721761068,25.263989893595376,2021-06-01,0,34.940673508323016,0.0,0.0,199.20302886962887,25.966114807128907,0.0,1,0.00014883281,0
LR1308,Potupo,River Gee,31533.0,902.47258664,2021,7,1,1,3.171280880347572,220.0700658162435,24.16414210001628,2021-07-01,0,34.940673508323016,0.0,0.0,371.3737721761068,25.263989893595376,0.0,1,0.026711602,0
LR1308,Potupo,River Gee,31533.0,902.47258664,2021,8,0,0,0.0,242.28929799397787,24.27157382965088,2021-08-01,0,34.940673508323016,1.0,3.171280880347572,220.0700658162435,24.16414210001628,0.3333333333333333,1,0.007467097,0
LR1308,Potupo,River Gee,31533.0,902.47258664,2021,9,0,0,0.0,408.6871490478516,24.871348953247068,2021-09-01,0,34.940673508323016,0.0,0.0,242.28929799397787,24.27157382965088,0.3333333333333333,1,0.00073104934,0
LR1308,Potupo,River Gee,31533.0,902.47258664,2021,10,0,0,0.0,268.67858174641924,25.45185915629069,2021-10-01,0,34.940673508323016,0.0,0.0,408.6871490478516,24.871348953247068,0.3333333333333333,1,0.0003523125,0
LR1308,Potupo,River Gee,31533.0,902.47258664,2021,11,0,0,0.0,119.127818552653,25.55434919993083,2021-11-01,0,34.940673508323016,0.0,0.0,268.67858174641924,25.45185915629069,0.0,0,0.00010351429,0
LR1308,Potupo,River Gee,31533.0,902.47258664,2021,12,0,0,0.0,56.53693567911783,25.940105501810702,2021-12-01,0,34.940673508323016,0.0,0.0,119.127818552653,25.55434919993083,0.0,0,2.1794474e-05,0
LR1308,Potupo,River Gee,31533.0,902.47258664,2022,1,0,0,0.0,20.668558820088705,25.12698351542155,2022-01-01,0,34.940673508323016,0.0,0.0,56.53693567911783,25.940105501810702,0.0,0,0.0001597993,0
LR1308,Potupo,River Gee,31533.0,902.47258664,2022,2,0,0,0.0,67.61738777160645,25.87301654815674,2022-02-01,0,34.940673508323016,0.0,0.0,20.668558820088705,25.12698351542155,0.0,0,6.570759e-06,0
LR1308,Potupo,River Gee,31533.0,902.47258664,2022,3,0,0,0.0,174.42819213867188,25.85417366027832,2022-03-01,0,34.940673508323016,0.0,0.0,67.61738777160645,25.87301654815674,0.0,0,4.217533e-06,0
LR1308,Potupo,River Gee,31533.0,902.47258664,2022,4,0,0,0.0,220.65777333577475,25.95072657267253,2022-04-01,0,34.940673508323016,0.0,0.0,174.42819213867188,25.85417366027832,0.0,0,4.6497626e-05,0
LR1308,Potupo,River Gee,31533.0,902.47258664,2022,5,0,0,0.0,261.4404108683268,25.6544495900472,2022-05-01,0,34.940673508323016,0.0,0.0,220.65777333577475,25.95072657267253,0.0,1,0.0003051909,0
LR1308,Potupo,River Gee,31533.0,902.47258664,2022,6,0,0,0.0,368.3709014892578,24.933508682250974,2022-06-01,0,34.940673508323016,0.0,0.0,261.4404108683268,25.6544495900472,0.0,1,0.011123597,0
LR1308,Potupo,River Gee,31533.0,902.47258664,2022,7,0,0,0.0,47.37428487141928,23.85734024047852,2022-07-01,0,34.940673508323016,0.0,0.0,368.3709014892578,24.933508682250974,0.0,1,0.0025524306,0
LR1308,Potupo,River Gee,31533.0,902.47258664,2022,8,0,0,0.0,164.6923848470052,23.72198454538981,2022-08-01,0,34.940673508323016,0.0,0.0,47.37428487141928,23.85734024047852,0.0,1,1.2125005e-05,0
LR1308,Potupo,River Gee,31533.0,902.47258664,2022,9,0,0,0.0,242.6075678507487,24.25036665598552,2022-09-01,0,34.940673508323016,0.0,0.0,164.6923848470052,23.72198454538981,0.0,1,8.1003935e-05,0
LR1308,Potupo,River Gee,31533.0,902.47258664,2022,10,0,0,0.0,271.7598073323568,25.291501871744792,2022-10-01,0,34.940673508323016,0.0,0.0,242.6075678507487,24.25036665598552,0.0,1,9.4242096e-05,0
LR1308,Potupo,River Gee,31533.0,902.47258664,2022,11,0,0,0.0,184.76309305826825,25.26396706899007,2022-11-01,0,34.940673508323016,0.0,0.0,271.7598073323568,25.291501871744792,0.0,0,2.4171688e-05,0
LR1308,Potupo,River Gee,31533.0,902.47258664,2022,12,0,0,0.0,101.66739196777344,25.234783299764,2022-12-01,0,34.940673508323016,0.0,0.0,184.76309305826825,25.26396706899007,0.0,0,1.1467433e-05,0
LR1308,Potupo,River Gee,31533.0,902.47258664,2023,1,0,0,0.0,48.68210995992025,25.06595280965169,2023-01-01,0,34.940673508323016,0.0,0.0,101.66739196777344,25.234783299764,0.0,0,5.0623035e-05,0
LR1308,Potupo,River Gee,31533.0,902.47258664,2023,2,0,0,0.0,76.03332583109538,26.06788063049316,2023-02-01,0,34.940673508323016,0.0,0.0,48.68210995992025,25.06595280965169,0.0,0,1.3119261e-05,0
LR1309,Sarbo,River Gee,7494.0,539.25106648,2020,4,0,0,0.0,164.8021272358141,26.466031789779667,2020-04-01,0,13.897051792438026,0.0,0.0,324.30656995271374,26.365115404129032,0.0,0,2.3892273e-05,0
LR1309,Sarbo,River Gee,7494.0,539.25106648,2020,5,0,0,0.0,259.8750851279811,26.20538079738617,2020-05-01,0,13.897051792438026,0.0,0.0,164.8021272358141,26.466031789779667,0.0,1,3.5615878e-05,0
LR1309,Sarbo,River Gee,7494.0,539.25106648,2020,6,0,0,0.0,352.5262788471423,24.99205207824707,2020-06-01,0,13.897051792438026,0.0,0.0,259.8750851279811,26.20538079738617,0.0,1,0.0008697283,0
LR1309,Sarbo,River Gee,7494.0,539.25106648,2020,7,1,1,13.344008540165463,111.76186411004318,23.99765229225159,2020-07-01,0,13.897051792438026,0.0,0.0,352.5262788471423,24.99205207824707,0.0,1,0.0002702101,0
LR1309,Sarbo,River Gee,7494.0,539.25106648,2020,8,0,0,0.0,82.40374715704667,23.734112143516544,2020-08-01,0,13.897051792438026,1.0,13.344008540165463,111.76186411004318,23.99765229225159,0.3333333333333333,1,0.00024075211,0
LR1309,Sarbo,River Gee,7494.0,539.25106648,2020,9,0,0,0.0,398.2552731162624,24.52622485160828,2020-09-01,0,13.897051792438026,0.0,0.0,82.40374715704667,23.734112143516544,0.3333333333333333,1,0.00020969886,0
LR1309,Sarbo,River Gee,7494.0,539.25106648,2020,10,0,0,0.0,354.4722290039062,25.282195448875427,2020-10-01,0,13.897051792438026,0.0,0.0,398.2552731162624,24.52622485160828,0.3333333333333333,1,6.1121995e-05,0
LR1309,Sarbo,River Gee,7494.0,539.25106648,2020,11,0,0,0.0,233.59735348350125,25.58236134052277,2020-11-01,0,13.897051792438026,0.0,0.0,354.4722290039062,25.282195448875427,0.0,0,2.9933168e-05,0
LR1309,Sarbo,River Gee,7494.0,539.25106648,2020,12,0,0,0.0,98.40955754330284,25.72501266002656,2020-12-01,0,13.897051792438026,0.0,0.0,233.59735348350125,25.58236134052277,0.0,0,3.615355e-05,0
LR1309,Sarbo,River Gee,7494.0,539.25106648,2021,1,0,0,0.0,48.3260612487793,25.68723499774933,2021-01-01,0,13.897051792438026,0.0,0.0,98.40955754330284,25.72501266002656,0.0,0,3.058078e-05,0
LR1309,Sarbo,River Gee,7494.0,539.25106648,2021,2,0,0,0.0,126.20393692819697,26.1134694814682,2021-02-01,0,13.897051792438026,0.0,0.0,48.3260612487793,25.68723499774933,0.0,0,2.5797267e-06,0
LR1309,Sarbo,River Gee,7494.0,539.25106648,2021,3,0,0,0.0,217.7960189016242,25.59065401554108,2021-03-01,0,13.897051792438026,0.0,0.0,126.20393692819697,26.1134694814682,0.0,0,1.4893801e-05,0
LR1309,Sarbo,River Gee,7494.0,539.25106648,2021,4,0,0,0.0,153.15021876284948,26.134149909019467,2021-04-01,0,13.897051792438026,0.0,0.0,217.7960189016242,25.59065401554108,0.0,0,0.00023823873,0
LR1309,Sarbo,River Gee,7494.0,539.25106648,2021,5,0,0,0.0,192.3658503482216,26.06493377685547,2021-05-01,0,13.897051792438026,0.0,0.0,153.15021876284948,26.134149909019467,0.0,1,1.2780964e-05,0
LR1309,Sarbo,River Gee,7494.0,539.25106648,2021,6,0,0,0.0,399.290243048417,25.35347831249237,2021-06-01,0,13.897051792438026,0.0,0.0,192.3658503482216,26.06493377685547,0.0,1,3.502733e-05,0
LR1309,Sarbo,River Gee,7494.0,539.25106648,2021,7,0,0,0.0,234.57365497789883,24.25092840194701,2021-07-01,0,13.897051792438026,0.0,0.0,399.290243048417,25.35347831249237,0.0,1,0.00047780562,0
LR1309,Sarbo,River Gee,7494.0,539.25106648,2021,8,0,0,0.0,241.03680741159545,24.35346293449401,2021-08-01,0,13.897051792438026,0.0,0.0,234.57365497789883,24.25092840194701,0.0,1,0.0007354236,0
LR1309,Sarbo,River Gee,7494.0,539.25106648,2021,9,0,0,0.0,412.2378588224712,24.97408175468445,2021-09-01,0,13.897051792438026,0.0,0.0,241.03680741159545,24.35346293449401,0.0,1,0.00022005092,0
LR1309,Sarbo,River Gee,7494.0,539.25106648,2021,10,0,0,0.0,303.8345947265625,25.50314843654633,2021-10-01,0,13.897051792438026,0.0,0.0,412.2378588224712,24.97408175468445,0.0,1,0.00013551071,0
LR1309,Sarbo,River Gee,7494.0,539.25106648,2021,11,0,0,0.0,151.2748212312397,25.61975479125977,2021-11-01,0,13.897051792438026,0.0,0.0,303.8345947265625,25.50314843654633,0.0,0,6.271887e-05,0
LR1309,Sarbo,River Gee,7494.0,539.25106648,2021,12,0,0,0.0,65.9550148813348,26.07494187355041,2021-12-01,0,13.897051792438026,0.0,0.0,151.2748212312397,25.61975479125977,0.0,0,8.8184104e-05,0
LR1309,Sarbo,River Gee,7494.0,539.25106648,2022,1,0,0,0.0,20.984949714259105,25.3768196105957,2022-01-01,0,13.897051792438026,0.0,0.0,65.9550148813348,26.07494187355041,0.0,0,0.00015486301,0
LR1309,Sarbo,River Gee,7494.0,539.25106648,2022,2,0,0,0.0,69.49968920255964,26.00240099430085,2022-02-01,0,13.897051792438026,0.0,0.0,20.984949714259105,25.3768196105957,0.0,0,5.312681e-06,0
LR1309,Sarbo,River Gee,7494.0,539.25106648,2022,3,0,0,0.0,198.0863390470806,25.93279838562012,2022-03-01,0,13.897051792438026,0.0,0.0,69.49968920255964,26.00240099430085,0.0,0,1.246552e-06,0
LR1309,Sarbo,River Gee,7494.0,539.25106648,2022,4,0,0,0.0,222.1978318063836,26.04637324810028,2022-04-01,0,13.897051792438026,0.0,0.0,198.0863390470806,25.93279838562012,0.0,0,0.00014495013,0
LR1309,Sarbo,River Gee,7494.0,539.25106648,2022,5,0,0,0.0,247.57719501696133,25.741588711738583,2022-05-01,0,13.897051792438026,0.0,0.0,222.1978318063836,26.04637324810028,0.0,1,0.00013158045,0
LR1309,Sarbo,River Gee,7494.0,539.25106648,2022,6,0,0,0.0,434.11555240028775,25.00669813156128,2022-06-01,0,13.897051792438026,0.0,0.0,247.57719501696133,25.741588711738583,0.0,1,7.28378e-05,0
LR1309,Sarbo,River Gee,7494.0,539.25106648,2022,7,0,0,0.0,49.72335333573191,23.89078426361084,2022-07-01,0,13.897051792438026,0.0,0.0,434.11555240028775,25.00669813156128,0.0,1,0.0001465081,0
LR1309,Sarbo,River Gee,7494.0,539.25106648,2022,8,0,0,0.0,151.0113091719778,23.7928854227066,2022-08-01,0,13.897051792438026,0.0,0.0,49.72335333573191,23.89078426361084,0.0,1,5.5878486e-06,0
LR1309,Sarbo,River Gee,7494.0,539.25106648,2022,9,0,0,0.0,239.01518008583471,24.31654381752014,2022-09-01,0,13.897051792438026,0.0,0.0,151.0113091719778,23.7928854227066,0.0,1,4.1112064e-05,0
LR1309,Sarbo,River Gee,7494.0,539.25106648,2022,10,0,0,0.0,291.5273903294613,25.37189126014709,2022-10-01,0,13.897051792438026,0.0,0.0,239.01518008583471,24.31654381752014,0.0,1,0.00027442066,0
LR1309,Sarbo,River Gee,7494.0,539.25106648,2022,11,0,0,0.0,253.98417904502463,25.361116647720337,2022-11-01,0,13.897051792438026,0.0,0.0,291.5273903294613,25.37189126014709,0.0,0,3.5515925e-05,0
LR1309,Sarbo,River Gee,7494.0,539.25106648,2022,12,0,0,0.0,110.72316822252776,25.457533240318305,2022-12-01,0,13.897051792438026,0.0,0.0,253.98417904502463,25.361116647720337,0.0,0,2.7715732e-05,0
LR1309,Sarbo,River Gee,7494.0,539.25106648,2023,1,0,0,0.0,50.84708745856034,25.256995797157288,2023-01-01,0,13.897051792438026,0.0,0.0,110.72316822252776,25.457533240318305,0.0,0,5.1998013e-05,0
LR1309,Sarbo,River Gee,7494.0,539.25106648,2023,2,0,0,0.0,86.88931796425268,26.17169332504272,2023-02-01,0,13.897051792438026,0.0,0.0,50.84708745856034,25.256995797157288,0.0,0,1.108274e-06,0
LR1310,Tuobo,River Gee,10205.0,477.90428261,2020,4,0,0,0.0,179.84663814968536,26.53075659275055,2020-04-01,0,21.35364835876125,0.0,0.0,382.670422024197,26.409326791763306,0.0,0,8.8347224e-05,0
LR1310,Tuobo,River Gee,10205.0,477.90428261,2020,5,0,0,0.0,261.42649078369146,26.240961432456967,2020-05-01,0,21.35364835876125,0.0,0.0,179.84663814968536,26.53075659275055,0.0,1,5.2657095e-05,0
LR1310,Tuobo,River Gee,10205.0,477.90428261,2020,6,0,0,0.0,417.5836808946397,25.00060284137725,2020-06-01,0,21.35364835876125,0.0,0.0,261.42649078369146,26.240961432456967,0.0,1,0.0025459211,0
LR1310,Tuobo,River Gee,10205.0,477.90428261,2020,7,0,0,0.0,134.87120903862848,24.0078194141388,2020-07-01,0,21.35364835876125,0.0,0.0,417.5836808946397,25.00060284137725,0.0,1,0.0007958448,0
LR1310,Tuobo,River Gee,10205.0,477.90428261,2020,8,0,0,0.0,86.86170408460828,23.754696726799008,2020-08-01,0,21.35364835876125,0.0,0.0,134.87120903862848,24.0078194141388,0.0,1,2.1793268e-05,0
LR1310,Tuobo,River Gee,10205.0,477.90428261,2020,9,0,0,0.0,399.7493913438585,24.536720275878903,2020-09-01,0,21.35364835876125,0.0,0.0,86.86170408460828,23.754696726799008,0.0,1,0.0002493119,0
LR1310,Tuobo,River Gee,10205.0,477.90428261,2020,10,0,0,0.0,412.36690606011285,25.3005336523056,2020-10-01,0,21.35364835876125,0.0,0.0,399.7493913438585,24.536720275878903,0.0,1,0.00029555446,0
LR1310,Tuobo,River Gee,10205.0,477.90428261,2020,11,0,0,0.0,270.1261130438911,25.6033775806427,2020-11-01,0,21.35364835876125,0.0,0.0,412.36690606011285,25.3005336523056,0.0,0,8.307091e-05,0
LR1310,Tuobo,River Gee,10205.0,477.90428261,2020,12,0,0,0.0,106.0650405883789,25.76161587238312,2020-12-01,0,21.35364835876125,0.0,0.0,270.1261130438911,25.6033775806427,0.0,0,3.815405e-05,0
LR1310,Tuobo,River Gee,10205.0,477.90428261,2021,1,0,0,0.0,54.069362004597984,25.74756646156311,2021-01-01,0,21.35364835876125,0.0,0.0,106.0650405883789,25.76161587238312,0.0,0,8.980678e-06,0
LR1310,Tuobo,River Gee,10205.0,477.90428261,2021,2,0,0,0.0,129.35427686903216,26.156472206115723,2021-02-01,0,21.35364835876125,0.0,0.0,54.069362004597984,25.74756646156311,0.0,0,3.819881e-06,0
LR1310,Tuobo,River Gee,10205.0,477.90428261,2021,3,0,0,0.0,243.3647622002496,25.61985433101654,2021-03-01,0,21.35364835876125,0.0,0.0,129.35427686903216,26.156472206115723,0.0,0,9.821726e-06,0
LR1310,Tuobo,River Gee,10205.0,477.90428261,2021,4,0,0,0.0,166.9185536702474,26.17657852172852,2021-04-01,0,21.35364835876125,0.0,0.0,243.3647622002496,25.61985433101654,0.0,0,0.00011436772,0
LR1310,Tuobo,River Gee,10205.0,477.90428261,2021,5,0,0,0.0,196.230344136556,26.10706639289856,2021-05-01,0,21.35364835876125,0.0,0.0,166.9185536702474,26.17657852172852,0.0,1,2.813656e-05,0
LR1310,Tuobo,River Gee,10205.0,477.90428261,2021,6,0,0,0.0,512.3745557996962,25.39202117919922,2021-06-01,0,21.35364835876125,0.0,0.0,196.230344136556,26.10706639289856,0.0,1,6.587595e-05,0
LR1310,Tuobo,River Gee,10205.0,477.90428261,2021,7,3,3,29.39735423811857,277.960216946072,24.275446891784668,2021-07-01,0,21.35364835876125,0.0,0.0,512.3745557996962,25.39202117919922,0.0,1,0.00082639576,0
LR1310,Tuobo,River Gee,10205.0,477.90428261,2021,8,0,0,0.0,259.11393313937714,24.379333376884457,2021-08-01,0,21.35364835876125,3.0,29.39735423811857,277.960216946072,24.275446891784668,1.0,1,0.018093621,0
LR1310,Tuobo,River Gee,10205.0,477.90428261,2021,9,0,0,0.0,420.4714711507162,25.011709690094,2021-09-01,0,21.35364835876125,0.0,0.0,259.11393313937714,24.379333376884457,1.0,1,0.00502637,0
LR1310,Tuobo,River Gee,10205.0,477.90428261,2021,10,0,0,0.0,328.6233554416233,25.5157710313797,2021-10-01,0,21.35364835876125,0.0,0.0,420.4714711507162,25.011709690094,1.0,1,0.0001858809,0
LR1310,Tuobo,River Gee,10205.0,477.90428261,2021,11,0,0,0.0,190.20107184516056,25.646355390548703,2021-11-01,0,21.35364835876125,0.0,0.0,328.6233554416233,25.5157710313797,0.0,0,5.547342e-05,0
LR1310,Tuobo,River Gee,10205.0,477.90428261,2021,12,0,0,0.0,91.69769117567274,26.13918960094452,2021-12-01,0,21.35364835876125,0.0,0.0,190.20107184516056,25.646355390548703,0.0,0,2.666192e-05,0
LR1310,Tuobo,River Gee,10205.0,477.90428261,2022,1,0,0,0.0,26.55680688222249,25.516791939735413,2022-01-01,0,21.35364835876125,0.0,0.0,91.69769117567274,26.13918960094452,0.0,0,0.0007233487,0
LR1310,Tuobo,River Gee,10205.0,477.90428261,2022,2,0,0,0.0,75.00067774454753,26.06241381168365,2022-02-01,0,21.35364835876125,0.0,0.0,26.55680688222249,25.516791939735413,0.0,0,1.1157303e-05,0
LR1310,Tuobo,River Gee,10205.0,477.90428261,2022,3,0,0,0.0,231.23026021321613,25.95728135108948,2022-03-01,0,21.35364835876125,0.0,0.0,75.00067774454753,26.06241381168365,0.0,0,3.8708176e-06,0
LR1310,Tuobo,River Gee,10205.0,477.90428261,2022,4,0,0,0.0,241.75081719292533,26.08538329601288,2022-04-01,0,21.35364835876125,0.0,0.0,231.23026021321613,25.95728135108948,0.0,0,0.00040142346,0
LR1310,Tuobo,River Gee,10205.0,477.90428261,2022,5,0,0,0.0,254.87970394558377,25.78325867652893,2022-05-01,0,21.35364835876125,0.0,0.0,241.75081719292533,26.08538329601288,0.0,1,0.000112614456,0
LR1310,Tuobo,River Gee,10205.0,477.90428261,2022,6,0,0,0.0,531.5434282090928,25.030292272567745,2022-06-01,0,21.35364835876125,0.0,0.0,254.87970394558377,25.78325867652893,0.0,1,0.00017339196,0
LR1310,Tuobo,River Gee,10205.0,477.90428261,2022,7,0,0,0.0,62.33207490709093,23.882048606872555,2022-07-01,0,21.35364835876125,0.0,0.0,531.5434282090928,25.030292272567745,0.0,1,0.00031242275,0
LR1310,Tuobo,River Gee,10205.0,477.90428261,2022,8,0,0,0.0,156.78245544433594,23.81042575836182,2022-08-01,0,21.35364835876125,0.0,0.0,62.33207490709093,23.882048606872555,0.0,1,8.270223e-06,0
LR1310,Tuobo,River Gee,10205.0,477.90428261,2022,9,0,0,0.0,266.4531639946831,24.32883846759796,2022-09-01,0,21.35364835876125,0.0,0.0,156.78245544433594,23.81042575836182,0.0,1,0.00013712732,0
LR1310,Tuobo,River Gee,10205.0,477.90428261,2022,10,0,0,0.0,339.6513841417101,25.3996559381485,2022-10-01,0,21.35364835876125,0.0,0.0,266.4531639946831,24.32883846759796,0.0,1,0.0010234695,0
LR1310,Tuobo,River Gee,10205.0,477.90428261,2022,11,0,0,0.0,302.8441518147787,25.40581750869751,2022-11-01,0,21.35364835876125,0.0,0.0,339.6513841417101,25.3996559381485,0.0,0,7.470583e-05,0
LR1310,Tuobo,River Gee,10205.0,477.90428261,2022,12,0,0,0.0,131.0308197869195,25.57024252414703,2022-12-01,0,21.35364835876125,0.0,0.0,302.8441518147787,25.40581750869751,0.0,0,9.350502e-05,0
LR1310,Tuobo,River Gee,10205.0,477.90428261,2023,1,0,0,0.0,57.09009085761176,25.36818921566009,2023-01-01,0,21.35364835876125,0.0,0.0,131.0308197869195,25.57024252414703,0.0,0,0.00015622245,0
LR1310,Tuobo,River Gee,10205.0,477.90428261,2023,2,0,0,0.0,99.31430774264868,26.231603145599365,2023-02-01,0,21.35364835876125,0.0,0.0,57.09009085761176,25.36818921566009,0.0,0,1.2666907e-06,0
LR1401,Beawor,Rivercess,8000.0,545.50530747,2020,4,0,0,0.0,170.51898462632124,26.96046620323544,2020-04-01,0,14.66530185948733,0.0,0.0,285.2486356847426,27.11819094703312,0.0,0,0.00014791278,0
LR1401,Beawor,Rivercess,8000.0,545.50530747,2020,5,0,0,0.0,316.0572114832261,26.71878851027716,2020-05-01,0,14.66530185948733,0.0,0.0,170.51898462632124,26.96046620323544,0.0,1,6.419215e-05,0
LR1401,Beawor,Rivercess,8000.0,545.50530747,2020,6,0,0,0.0,527.8784664378446,25.58486293611072,2020-06-01,0,14.66530185948733,0.0,0.0,316.0572114832261,26.71878851027716,0.0,1,0.00013507273,0
LR1401,Beawor,Rivercess,8000.0,545.50530747,2020,7,0,0,0.0,161.1536102294922,24.5040100642613,2020-07-01,0,14.66530185948733,0.0,0.0,527.8784664378446,25.58486293611072,0.0,1,0.0033535045,0
LR1401,Beawor,Rivercess,8000.0,545.50530747,2020,8,0,0,0.0,126.74872858384076,24.25635292416528,2020-08-01,0,14.66530185948733,0.0,0.0,161.1536102294922,24.5040100642613,0.0,1,2.4332638e-05,0
LR1401,Beawor,Rivercess,8000.0,545.50530747,2020,9,0,0,0.0,468.0803563735065,24.942573002406533,2020-09-01,0,14.66530185948733,0.0,0.0,126.74872858384076,24.25635292416528,0.0,1,0.0001071533,0
LR1401,Beawor,Rivercess,8000.0,545.50530747,2020,10,0,0,0.0,343.992722455193,25.754402796427414,2020-10-01,0,14.66530185948733,0.0,0.0,468.0803563735065,24.942573002406533,0.0,1,1.7691804e-05,0
LR1401,Beawor,Rivercess,8000.0,545.50530747,2020,11,0,0,0.0,173.17364501953125,26.06703749157133,2020-11-01,0,14.66530185948733,0.0,0.0,343.992722455193,25.754402796427414,0.0,0,2.248423e-05,0
LR1401,Beawor,Rivercess,8000.0,545.50530747,2020,12,0,0,0.0,127.19836291144875,26.242680776686893,2020-12-01,0,14.66530185948733,0.0,0.0,173.17364501953125,26.06703749157133,0.0,0,3.623686e-06,0
LR1401,Beawor,Rivercess,8000.0,545.50530747,2021,1,0,0,0.0,25.4128838707419,26.1431941986084,2021-01-01,0,14.66530185948733,0.0,0.0,127.19836291144875,26.242680776686893,0.0,0,0.0012664667,0
LR1401,Beawor,Rivercess,8000.0,545.50530747,2021,2,0,0,0.0,131.82551664464611,26.74121284484864,2021-02-01,0,14.66530185948733,0.0,0.0,25.4128838707419,26.1431941986084,0.0,0,2.4886313e-06,0
LR1401,Beawor,Rivercess,8000.0,545.50530747,2021,3,0,0,0.0,274.62183784036074,26.10624158950079,2021-03-01,0,14.66530185948733,0.0,0.0,131.82551664464611,26.74121284484864,0.0,0,8.126878e-05,0
LR1401,Beawor,Rivercess,8000.0,545.50530747,2021,4,0,0,0.0,149.4885976454791,26.6622668675014,2021-04-01,0,14.66530185948733,0.0,0.0,274.62183784036074,26.10624158950079,0.0,0,4.6833975e-05,0
LR1401,Beawor,Rivercess,8000.0,545.50530747,2021,5,0,0,0.0,277.48906573127306,26.645525886898948,2021-05-01,0,14.66530185948733,0.0,0.0,149.4885976454791,26.6622668675014,0.0,1,4.1594518e-05,0
LR1401,Beawor,Rivercess,8000.0,545.50530747,2021,6,0,0,0.0,502.50687184053305,25.84802109854562,2021-06-01,0,14.66530185948733,0.0,0.0,277.48906573127306,26.645525886898948,0.0,1,0.00017974396,0
LR1401,Beawor,Rivercess,8000.0,545.50530747,2021,7,0,0,0.0,199.0885638068704,24.89887155805316,2021-07-01,0,14.66530185948733,0.0,0.0,502.50687184053305,25.84802109854562,0.0,1,0.00025680338,0
LR1401,Beawor,Rivercess,8000.0,545.50530747,2021,8,0,0,0.0,432.5708600212546,24.96715309506371,2021-08-01,0,14.66530185948733,0.0,0.0,199.0885638068704,24.89887155805316,0.0,1,4.7815793e-05,0
LR1401,Beawor,Rivercess,8000.0,545.50530747,2021,9,0,0,0.0,564.049560546875,25.28434153965541,2021-09-01,0,14.66530185948733,0.0,0.0,432.5708600212546,24.96715309506371,0.0,1,3.395257e-05,0
LR1401,Beawor,Rivercess,8000.0,545.50530747,2021,10,0,0,0.0,315.3823888442096,26.000699088686986,2021-10-01,0,14.66530185948733,0.0,0.0,564.049560546875,25.28434153965541,0.0,1,1.1511293e-05,0
LR1401,Beawor,Rivercess,8000.0,545.50530747,2021,11,0,0,0.0,193.00041827033547,26.243911198207307,2021-11-01,0,14.66530185948733,0.0,0.0,315.3823888442096,26.000699088686986,0.0,0,1.4471356e-05,0
LR1401,Beawor,Rivercess,8000.0,545.50530747,2021,12,0,0,0.0,63.3971045998966,26.583121163504465,2021-12-01,0,14.66530185948733,0.0,0.0,193.00041827033547,26.243911198207307,0.0,0,8.742234e-06,0
LR1401,Beawor,Rivercess,8000.0,545.50530747,2022,1,0,0,0.0,26.096409292782056,26.02321170625233,2022-01-01,0,14.66530185948733,0.0,0.0,63.3971045998966,26.583121163504465,0.0,0,7.661408e-05,0
LR1401,Beawor,Rivercess,8000.0,545.50530747,2022,2,0,0,0.0,87.01032122443704,26.62349728175572,2022-02-01,0,14.66530185948733,0.0,0.0,26.096409292782056,26.02321170625233,0.0,0,8.961564e-07,0
LR1401,Beawor,Rivercess,8000.0,545.50530747,2022,3,0,0,0.0,209.4610856000116,26.495356151035853,2022-03-01,0,14.66530185948733,0.0,0.0,87.01032122443704,26.62349728175572,0.0,0,1.0520118e-05,0
LR1401,Beawor,Rivercess,8000.0,545.50530747,2022,4,0,0,0.0,187.57555254767925,26.70794813973563,2022-04-01,0,14.66530185948733,0.0,0.0,209.4610856000116,26.495356151035853,0.0,0,2.3273833e-05,0
LR1401,Beawor,Rivercess,8000.0,545.50530747,2022,5,0,0,0.0,309.5009065515855,26.4778558640253,2022-05-01,0,14.66530185948733,0.0,0.0,187.57555254767925,26.70794813973563,0.0,1,3.3607557e-05,0
LR1401,Beawor,Rivercess,8000.0,545.50530747,2022,6,0,0,0.0,612.2268353630516,25.58302325294132,2022-06-01,0,14.66530185948733,0.0,0.0,309.5009065515855,26.4778558640253,0.0,1,0.00014604838,0
LR1401,Beawor,Rivercess,8000.0,545.50530747,2022,7,0,0,0.0,75.07106242460362,24.58044297354562,2022-07-01,0,14.66530185948733,0.0,0.0,612.2268353630516,25.58302325294132,0.0,1,0.0031182694,0
LR1401,Beawor,Rivercess,8000.0,545.50530747,2022,8,0,0,0.0,244.70711921243105,24.352181752522785,2022-08-01,0,14.66530185948733,0.0,0.0,75.07106242460362,24.58044297354562,0.0,1,1.3485108e-05,0
LR1401,Beawor,Rivercess,8000.0,545.50530747,2022,9,0,0,0.0,357.51326078527114,24.75634474981399,2022-09-01,0,14.66530185948733,0.0,0.0,244.70711921243105,24.352181752522785,0.0,1,0.0004932466,0
LR1401,Beawor,Rivercess,8000.0,545.50530747,2022,10,0,0,0.0,324.82528327493105,25.737721670241584,2022-10-01,0,14.66530185948733,0.0,0.0,357.51326078527114,24.75634474981399,0.0,1,3.269207e-05,0
LR1401,Beawor,Rivercess,8000.0,545.50530747,2022,11,0,0,0.0,249.3835386388442,25.830501283918103,2022-11-01,0,14.66530185948733,0.0,0.0,324.82528327493105,25.737721670241584,0.0,0,8.6076025e-06,0
LR1401,Beawor,Rivercess,8000.0,545.50530747,2022,12,0,0,0.0,89.60941628848805,25.8586182367234,2022-12-01,0,14.66530185948733,0.0,0.0,249.3835386388442,25.830501283918103,0.0,0,2.0660766e-05,0
LR1401,Beawor,Rivercess,8000.0,545.50530747,2023,1,0,0,0.0,26.775546017815085,25.860825220743816,2023-01-01,0,14.66530185948733,0.0,0.0,89.60941628848805,25.8586182367234,0.0,0,0.00019293942,0
LR1401,Beawor,Rivercess,8000.0,545.50530747,2023,2,0,0,0.0,39.83255969776827,26.83116649446033,2023-02-01,0,14.66530185948733,0.0,0.0,26.775546017815085,25.860825220743816,0.0,0,2.0218578e-05,0
LR1402,Central Rivercess,Rivercess,18736.0,1799.74051736,2020,4,0,0,0.0,179.01876856485998,26.721451678518523,2020-04-01,0,10.410389619656632,0.0,0.0,276.3671465555826,26.95730807417531,0.0,0,0.00020774895,0
LR1402,Central Rivercess,Rivercess,18736.0,1799.74051736,2020,5,0,0,0.0,284.49953816731784,26.502365500240003,2020-05-01,0,10.410389619656632,0.0,0.0,179.01876856485998,26.721451678518523,0.0,1,4.7529156e-05,0
LR1402,Central Rivercess,Rivercess,18736.0,1799.74051736,2020,6,0,0,0.0,484.6892751057943,25.350697436575164,2020-06-01,0,10.410389619656632,0.0,0.0,284.49953816731784,26.502365500240003,0.0,1,0.00028082478,0
LR1402,Central Rivercess,Rivercess,18736.0,1799.74051736,2020,7,0,0,0.0,197.7956080118815,24.21872087252342,2020-07-01,0,10.410389619656632,0.0,0.0,484.6892751057943,25.350697436575164,0.0,1,0.00080985046,0
LR1402,Central Rivercess,Rivercess,18736.0,1799.74051736,2020,8,0,0,0.0,140.07436434427905,23.94681836790957,2020-08-01,0,10.410389619656632,0.0,0.0,197.7956080118815,24.21872087252342,0.0,1,0.00031094,0
LR1402,Central Rivercess,Rivercess,18736.0,1799.74051736,2020,9,0,0,0.0,464.0134994506837,24.7134980347197,2020-09-01,0,10.410389619656632,0.0,0.0,140.07436434427905,23.94681836790957,0.0,1,0.00023350958,0
LR1402,Central Rivercess,Rivercess,18736.0,1799.74051736,2020,10,0,0,0.0,288.37745895385746,25.55600706197448,2020-10-01,0,10.410389619656632,0.0,0.0,464.0134994506837,24.7134980347197,0.0,1,6.779837e-05,0
LR1402,Central Rivercess,Rivercess,18736.0,1799.74051736,2020,11,0,0,0.0,116.98042475382483,25.83170706538832,2020-11-01,0,10.410389619656632,0.0,0.0,288.37745895385746,25.55600706197448,0.0,0,5.8784513e-05,0
LR1402,Central Rivercess,Rivercess,18736.0,1799.74051736,2020,12,0,0,0.0,104.36764437357589,25.96775048466052,2020-12-01,0,10.410389619656632,0.0,0.0,116.98042475382483,25.83170706538832,0.0,0,1.23438585e-05,0
LR1402,Central Rivercess,Rivercess,18736.0,1799.74051736,2021,1,0,0,0.0,23.2483102162679,25.808167861679845,2021-01-01,0,10.410389619656632,0.0,0.0,104.36764437357589,25.96775048466052,0.0,0,0.00015019617,0
LR1402,Central Rivercess,Rivercess,18736.0,1799.74051736,2021,2,0,0,0.0,110.50932019551595,26.51677118721655,2021-02-01,0,10.410389619656632,0.0,0.0,23.2483102162679,25.808167861679845,0.0,0,2.7856645e-06,0
LR1402,Central Rivercess,Rivercess,18736.0,1799.74051736,2021,3,0,0,0.0,255.0800046284993,25.955941572027697,2021-03-01,0,10.410389619656632,0.0,0.0,110.50932019551595,26.51677118721655,0.0,0,1.01088945e-05,0
LR1402,Central Rivercess,Rivercess,18736.0,1799.74051736,2021,4,0,0,0.0,158.99016545613603,26.407596523478887,2021-04-01,0,10.410389619656632,0.0,0.0,255.0800046284993,25.955941572027697,0.0,0,4.7756002e-05,0
LR1402,Central Rivercess,Rivercess,18736.0,1799.74051736,2021,5,0,0,0.0,267.87246246337884,26.38290667129776,2021-05-01,0,10.410389619656632,0.0,0.0,158.99016545613603,26.407596523478887,0.0,1,9.072657e-05,0
LR1402,Central Rivercess,Rivercess,18736.0,1799.74051736,2021,6,0,0,0.0,485.6888397216797,25.60016745227877,2021-06-01,0,10.410389619656632,0.0,0.0,267.87246246337884,26.38290667129776,0.0,1,0.00021413241,0
LR1402,Central Rivercess,Rivercess,18736.0,1799.74051736,2021,7,1,1,5.33731853116994,236.969379679362,24.616966861789507,2021-07-01,0,10.410389619656632,0.0,0.0,485.6888397216797,25.60016745227877,0.0,1,0.004179413,0
LR1402,Central Rivercess,Rivercess,18736.0,1799.74051736,2021,8,0,0,0.0,403.4710418701171,24.657675823922887,2021-08-01,0,10.410389619656632,1.0,5.33731853116994,236.969379679362,24.616966861789507,0.3333333333333333,1,0.009862872,0
LR1402,Central Rivercess,Rivercess,18736.0,1799.74051736,2021,9,0,0,0.0,516.1993199666341,25.025113024954067,2021-09-01,0,10.410389619656632,0.0,0.0,403.4710418701171,24.657675823922887,0.3333333333333333,1,0.00050053454,0
LR1402,Central Rivercess,Rivercess,18736.0,1799.74051736,2021,10,0,0,0.0,264.7964963277181,25.76061025716491,2021-10-01,0,10.410389619656632,0.0,0.0,516.1993199666341,25.025113024954067,0.3333333333333333,1,3.447496e-05,0
LR1402,Central Rivercess,Rivercess,18736.0,1799.74051736,2021,11,0,0,0.0,158.2517459869385,26.0211012242204,2021-11-01,0,10.410389619656632,0.0,0.0,264.7964963277181,25.76061025716491,0.0,0,0.00010401616,0
LR1402,Central Rivercess,Rivercess,18736.0,1799.74051736,2021,12,0,0,0.0,49.70631790161134,26.24007034301757,2021-12-01,0,10.410389619656632,0.0,0.0,158.2517459869385,26.0211012242204,0.0,0,1.9596886e-05,0
LR1402,Central Rivercess,Rivercess,18736.0,1799.74051736,2022,1,0,0,0.0,25.26240129470825,25.508045067221435,2022-01-01,0,10.410389619656632,0.0,0.0,49.70631790161134,26.24007034301757,0.0,0,0.00023168774,0
LR1402,Central Rivercess,Rivercess,18736.0,1799.74051736,2022,2,0,0,0.0,79.19550755818683,26.408158286143152,2022-02-01,0,10.410389619656632,0.0,0.0,25.26240129470825,25.508045067221435,0.0,0,2.9292762e-06,0
LR1402,Central Rivercess,Rivercess,18736.0,1799.74051736,2022,3,0,0,0.0,185.8580421447753,26.44561150114416,2022-03-01,0,10.410389619656632,0.0,0.0,79.19550755818683,26.408158286143152,0.0,0,5.002407e-06,0
LR1402,Central Rivercess,Rivercess,18736.0,1799.74051736,2022,4,0,0,0.0,185.33813145955403,26.54290373850677,2022-04-01,0,10.410389619656632,0.0,0.0,185.8580421447753,26.44561150114416,0.0,0,1.8572584e-05,0
LR1402,Central Rivercess,Rivercess,18736.0,1799.74051736,2022,5,0,0,0.0,271.41047058105465,26.2211969020003,2022-05-01,0,10.410389619656632,0.0,0.0,185.33813145955403,26.54290373850677,0.0,1,0.000115609706,0
LR1402,Central Rivercess,Rivercess,18736.0,1799.74051736,2022,6,0,0,0.0,523.2715108235678,25.319632578704304,2022-06-01,0,10.410389619656632,0.0,0.0,271.41047058105465,26.2211969020003,0.0,1,0.000321039,0
LR1402,Central Rivercess,Rivercess,18736.0,1799.74051736,2022,7,0,0,0.0,89.19094327290853,24.3222914550264,2022-07-01,0,10.410389619656632,0.0,0.0,523.2715108235678,25.319632578704304,0.0,1,0.0002410461,0
LR1402,Central Rivercess,Rivercess,18736.0,1799.74051736,2022,8,0,0,0.0,256.268367767334,24.090375932596498,2022-08-01,0,10.410389619656632,0.0,0.0,89.19094327290853,24.3222914550264,0.0,1,8.149305e-05,0
LR1402,Central Rivercess,Rivercess,18736.0,1799.74051736,2022,9,0,0,0.0,386.8731857299805,24.511609125945533,2022-09-01,0,10.410389619656632,0.0,0.0,256.268367767334,24.090375932596498,0.0,1,0.0013292226,0
LR1402,Central Rivercess,Rivercess,18736.0,1799.74051736,2022,10,0,0,0.0,287.6736287434896,25.51413494045452,2022-10-01,0,10.410389619656632,0.0,0.0,386.8731857299805,24.511609125945533,0.0,1,7.221184e-05,0
LR1402,Central Rivercess,Rivercess,18736.0,1799.74051736,2022,11,0,0,0.0,213.1676625569661,25.55663674564684,2022-11-01,0,10.410389619656632,0.0,0.0,287.6736287434896,25.51413494045452,0.0,0,0.000577306,0
LR1402,Central Rivercess,Rivercess,18736.0,1799.74051736,2022,12,0,0,0.0,74.99528929392498,25.46072872614456,2022-12-01,0,10.410389619656632,0.0,0.0,213.1676625569661,25.55663674564684,0.0,0,0.00028489417,0
LR1402,Central Rivercess,Rivercess,18736.0,1799.74051736,2023,1,0,0,0.0,28.705245939890546,25.517195394483668,2023-01-01,0,10.410389619656632,0.0,0.0,74.99528929392498,25.46072872614456,0.0,0,0.0016424506,0
LR1402,Central Rivercess,Rivercess,18736.0,1799.74051736,2023,2,0,0,0.0,38.89884869257608,26.718578500262765,2023-02-01,0,10.410389619656632,0.0,0.0,28.705245939890546,25.517195394483668,0.0,0,2.8937118e-05,0
LR1403,Doedain,Rivercess,12054.0,1033.9436426,2020,4,0,0,0.0,195.1526691067604,26.36833477020264,2020-04-01,0,11.658275657741347,0.0,0.0,257.9187139695692,26.67000685797797,0.0,0,7.492178e-05,0
LR1403,Doedain,Rivercess,12054.0,1033.9436426,2020,5,0,0,0.0,245.0850593813004,26.199282752143,2020-05-01,0,11.658275657741347,0.0,0.0,195.1526691067604,26.36833477020264,0.0,1,0.0001186079,0
LR1403,Doedain,Rivercess,12054.0,1033.9436426,2020,6,0,0,0.0,343.4143972089214,25.036599053276912,2020-06-01,0,11.658275657741347,0.0,0.0,245.0850593813004,26.199282752143,0.0,1,0.0020093808,0
LR1403,Doedain,Rivercess,12054.0,1033.9436426,2020,7,0,0,0.0,209.0105502220892,23.83099969228109,2020-07-01,0,11.658275657741347,0.0,0.0,343.4143972089214,25.036599053276912,0.0,1,0.00097412366,0
LR1403,Doedain,Rivercess,12054.0,1033.9436426,2020,8,0,0,0.0,162.1790446619834,23.524864090813534,2020-08-01,0,11.658275657741347,0.0,0.0,209.0105502220892,23.83099969228109,0.0,1,6.200808e-05,0
LR1403,Doedain,Rivercess,12054.0,1033.9436426,2020,9,0,0,0.0,427.4564947312877,24.404372586144344,2020-09-01,0,11.658275657741347,0.0,0.0,162.1790446619834,23.524864090813534,0.0,1,0.00031756176,0
LR1403,Doedain,Rivercess,12054.0,1033.9436426,2020,10,0,0,0.0,218.3368663172568,25.237528853946262,2020-10-01,0,11.658275657741347,0.0,0.0,427.4564947312877,24.404372586144344,0.0,1,3.6520967e-05,0
LR1403,Doedain,Rivercess,12054.0,1033.9436426,2020,11,0,0,0.0,40.87384365450952,25.43919886483086,2020-11-01,0,11.658275657741347,0.0,0.0,218.3368663172568,25.237528853946262,0.0,0,0.00035507217,0
LR1403,Doedain,Rivercess,12054.0,1033.9436426,2020,12,0,0,0.0,102.81775296118953,25.519372357262508,2020-12-01,0,11.658275657741347,0.0,0.0,40.87384365450952,25.43919886483086,0.0,0,5.9615204e-06,0
LR1403,Doedain,Rivercess,12054.0,1033.9436426,2021,1,0,0,0.0,17.4593570463119,25.28806363211737,2021-01-01,0,11.658275657741347,0.0,0.0,102.81775296118953,25.519372357262508,0.0,0,0.001263167,0
LR1403,Doedain,Rivercess,12054.0,1033.9436426,2021,2,0,0,0.0,101.57628336260396,26.183192359076607,2021-02-01,0,11.658275657741347,0.0,0.0,17.4593570463119,25.28806363211737,0.0,0,1.5293664e-06,0
LR1403,Doedain,Rivercess,12054.0,1033.9436426,2021,3,0,0,0.0,221.78656694965977,25.751839584774444,2021-03-01,0,11.658275657741347,0.0,0.0,101.57628336260396,26.183192359076607,0.0,0,1.0280225e-05,0
LR1403,Doedain,Rivercess,12054.0,1033.9436426,2021,4,0,0,0.0,153.63468588552163,26.04679420259264,2021-04-01,0,11.658275657741347,0.0,0.0,221.78656694965977,25.751839584774444,0.0,0,0.0002598312,0
LR1403,Doedain,Rivercess,12054.0,1033.9436426,2021,5,0,0,0.0,234.9273898216986,26.00648270712959,2021-05-01,0,11.658275657741347,0.0,0.0,153.63468588552163,26.04679420259264,0.0,1,2.146504e-05,0
LR1403,Doedain,Rivercess,12054.0,1033.9436426,2021,6,1,1,8.296001327360212,368.2771389868952,25.23438904020521,2021-06-01,0,11.658275657741347,0.0,0.0,234.9273898216986,26.00648270712959,0.0,1,0.000251913,0
LR1403,Doedain,Rivercess,12054.0,1033.9436426,2021,7,0,0,0.0,217.8718566894531,24.232156011793343,2021-07-01,0,11.658275657741347,1.0,8.296001327360212,368.2771389868952,25.23438904020521,0.3333333333333333,1,0.01411275,0
LR1403,Doedain,Rivercess,12054.0,1033.9436426,2021,8,0,0,0.0,395.0226735761089,24.210427231258816,2021-08-01,0,11.658275657741347,0.0,0.0,217.8718566894531,24.232156011793343,0.3333333333333333,1,0.00024157666,0
LR1403,Doedain,Rivercess,12054.0,1033.9436426,2021,9,0,0,0.0,438.2948775752898,24.66241174274021,2021-09-01,0,11.658275657741347,0.0,0.0,395.0226735761089,24.210427231258816,0.3333333333333333,1,0.009000987,0
LR1403,Doedain,Rivercess,12054.0,1033.9436426,2021,10,0,0,0.0,231.28365547426284,25.41633770200941,2021-10-01,0,11.658275657741347,0.0,0.0,438.2948775752898,24.66241174274021,0.0,1,2.765174e-05,0
LR1403,Doedain,Rivercess,12054.0,1033.9436426,2021,11,0,0,0.0,100.67176277406752,25.660371674431698,2021-11-01,0,11.658275657741347,0.0,0.0,231.28365547426284,25.41633770200941,0.0,0,1.8910912e-05,0
LR1403,Doedain,Rivercess,12054.0,1033.9436426,2021,12,0,0,0.0,28.031603351716072,25.6745195388794,2021-12-01,0,11.658275657741347,0.0,0.0,100.67176277406752,25.660371674431698,0.0,0,0.00025330775,0
LR1403,Doedain,Rivercess,12054.0,1033.9436426,2022,1,0,0,0.0,16.74016623343191,24.71762641270956,2022-01-01,0,11.658275657741347,0.0,0.0,28.031603351716072,25.6745195388794,0.0,0,0.00016625409,0
LR1403,Doedain,Rivercess,12054.0,1033.9436426,2022,2,0,0,0.0,48.92694768598004,26.014324506123856,2022-02-01,0,11.658275657741347,0.0,0.0,16.74016623343191,24.71762641270956,0.0,0,1.01110445e-05,0
LR1403,Doedain,Rivercess,12054.0,1033.9436426,2022,3,0,0,0.0,150.96544376496348,26.286210325029167,2022-03-01,0,11.658275657741347,0.0,0.0,48.92694768598004,26.014324506123856,0.0,0,1.2072252e-06,0
LR1403,Doedain,Rivercess,12054.0,1033.9436426,2022,4,0,0,0.0,189.31599278603832,26.27107244067722,2022-04-01,0,11.658275657741347,0.0,0.0,150.96544376496348,26.286210325029167,0.0,0,7.641049e-06,0
LR1403,Doedain,Rivercess,12054.0,1033.9436426,2022,5,0,0,0.0,217.49261868384576,25.85027498669095,2022-05-01,0,11.658275657741347,0.0,0.0,189.31599278603832,26.27107244067722,0.0,1,5.3343956e-05,0
LR1403,Doedain,Rivercess,12054.0,1033.9436426,2022,6,0,0,0.0,364.6944855720765,24.95574771033393,2022-06-01,0,11.658275657741347,0.0,0.0,217.49261868384576,25.85027498669095,0.0,1,0.00017692301,0
LR1403,Doedain,Rivercess,12054.0,1033.9436426,2022,7,0,0,0.0,153.34329789684665,23.9675636821323,2022-07-01,0,11.658275657741347,0.0,0.0,364.6944855720765,24.95574771033393,0.0,1,0.00068093813,0
LR1403,Doedain,Rivercess,12054.0,1033.9436426,2022,8,0,0,0.0,245.99820290842365,23.70794248580933,2022-08-01,0,11.658275657741347,0.0,0.0,153.34329789684665,23.9675636821323,0.0,1,1.2322957e-05,0
LR1403,Doedain,Rivercess,12054.0,1033.9436426,2022,9,0,0,0.0,369.415043000252,24.169820732540547,2022-09-01,0,11.658275657741347,0.0,0.0,245.99820290842365,23.70794248580933,0.0,1,0.000113644564,0
LR1403,Doedain,Rivercess,12054.0,1033.9436426,2022,10,0,0,0.0,287.02543689358623,25.17059908972846,2022-10-01,0,11.658275657741347,0.0,0.0,369.415043000252,24.169820732540547,0.0,1,3.4634617e-05,0
LR1403,Doedain,Rivercess,12054.0,1033.9436426,2022,11,0,0,0.0,131.83632192304057,25.125991185506187,2022-11-01,0,11.658275657741347,0.0,0.0,287.02543689358623,25.17059908972846,0.0,0,3.5252284e-05,0
LR1403,Doedain,Rivercess,12054.0,1033.9436426,2022,12,0,0,0.0,49.99510722006521,24.836283047993984,2022-12-01,0,11.658275657741347,0.0,0.0,131.83632192304057,25.125991185506187,0.0,0,7.649975e-05,0
LR1403,Doedain,Rivercess,12054.0,1033.9436426,2023,1,0,0,0.0,20.72202257956228,24.963768429226345,2023-01-01,0,11.658275657741347,0.0,0.0,49.99510722006521,24.836283047993984,0.0,0,4.8441966e-06,0
LR1403,Doedain,Rivercess,12054.0,1033.9436426,2023,2,0,0,0.0,27.256475079444147,26.472176657782665,2023-02-01,0,11.658275657741347,0.0,0.0,20.72202257956228,24.963768429226345,0.0,0,1.4940277e-05,0
LR1404,Fen River,Rivercess,9632.0,257.120829,2020,4,0,0,0.0,150.55287551879883,27.27508099873861,2020-04-01,0,37.46098687321827,0.0,0.0,215.62245178222656,27.39815796746148,0.0,0,0.0004498158,0
LR1404,Fen River,Rivercess,9632.0,257.120829,2020,5,0,0,0.0,324.4779090881348,27.032337188720703,2020-05-01,0,37.46098687321827,0.0,0.0,150.55287551879883,27.27508099873861,0.0,1,0.0005821646,0
LR1404,Fen River,Rivercess,9632.0,257.120829,2020,6,0,0,0.0,516.3320884704591,25.9439205593533,2020-06-01,0,37.46098687321827,0.0,0.0,324.4779090881348,27.032337188720703,0.0,1,0.0020933333,0
LR1404,Fen River,Rivercess,9632.0,257.120829,2020,7,1,1,10.382059800664452,196.22603034973145,24.832046296861435,2020-07-01,0,37.46098687321827,0.0,0.0,516.3320884704591,25.9439205593533,0.0,1,0.006381735,0
LR1404,Fen River,Rivercess,9632.0,257.120829,2020,8,0,0,0.0,123.57481479644775,24.53509012858073,2020-08-01,0,37.46098687321827,1.0,10.382059800664452,196.22603034973145,24.832046296861435,0.3333333333333333,1,0.0002180349,0
LR1404,Fen River,Rivercess,9632.0,257.120829,2020,9,0,0,0.0,428.4461441040039,25.1919108496772,2020-09-01,0,37.46098687321827,0.0,0.0,123.57481479644775,24.53509012858073,0.3333333333333333,1,0.0012313067,0
LR1404,Fen River,Rivercess,9632.0,257.120829,2020,10,0,0,0.0,345.6427993774414,26.007900449964737,2020-10-01,0,37.46098687321827,0.0,0.0,428.4461441040039,25.1919108496772,0.3333333333333333,1,0.00014230357,0
LR1404,Fen River,Rivercess,9632.0,257.120829,2020,11,0,0,0.0,174.55718803405762,26.2763803270128,2020-11-01,0,37.46098687321827,0.0,0.0,345.6427993774414,26.007900449964737,0.0,0,1.4900635e-05,0
LR1404,Fen River,Rivercess,9632.0,257.120829,2020,12,0,0,0.0,116.46253776550292,26.440512127346462,2020-12-01,0,37.46098687321827,0.0,0.0,174.55718803405762,26.2763803270128,0.0,0,4.5361962e-06,0
LR1404,Fen River,Rivercess,9632.0,257.120829,2021,1,0,0,0.0,20.527996540069577,26.43670950995552,2021-01-01,0,37.46098687321827,0.0,0.0,116.46253776550292,26.440512127346462,0.0,0,0.00042460643,0
LR1404,Fen River,Rivercess,9632.0,257.120829,2021,2,0,0,0.0,118.4648904800415,27.041046354505752,2021-02-01,0,37.46098687321827,0.0,0.0,20.527996540069577,26.43670950995552,0.0,0,5.4026355e-06,0
LR1404,Fen River,Rivercess,9632.0,257.120829,2021,3,0,0,0.0,218.29523849487305,26.402740478515625,2021-03-01,0,37.46098687321827,0.0,0.0,118.4648904800415,27.041046354505752,0.0,0,0.00011929833,0
LR1404,Fen River,Rivercess,9632.0,257.120829,2021,4,0,0,0.0,141.25873947143555,26.94369570414225,2021-04-01,0,37.46098687321827,0.0,0.0,218.29523849487305,26.402740478515625,0.0,0,0.00014651941,0
LR1404,Fen River,Rivercess,9632.0,257.120829,2021,5,0,0,0.0,294.787712097168,26.94062762790256,2021-05-01,0,37.46098687321827,0.0,0.0,141.25873947143555,26.94369570414225,0.0,1,0.000115868956,0
LR1404,Fen River,Rivercess,9632.0,257.120829,2021,6,0,0,0.0,562.198387145996,26.13052982754177,2021-06-01,0,37.46098687321827,0.0,0.0,294.787712097168,26.94062762790256,0.0,1,0.033643283,0
LR1404,Fen River,Rivercess,9632.0,257.120829,2021,7,0,0,0.0,235.70441818237305,25.239784452650284,2021-07-01,0,37.46098687321827,0.0,0.0,562.198387145996,26.13052982754177,0.0,1,0.00011880508,0
LR1404,Fen River,Rivercess,9632.0,257.120829,2021,8,0,0,0.0,405.4367637634277,25.25038401285808,2021-08-01,0,37.46098687321827,0.0,0.0,235.70441818237305,25.239784452650284,0.0,1,3.430871e-05,0
LR1404,Fen River,Rivercess,9632.0,257.120829,2021,9,0,0,0.0,530.1871910095215,25.526393678453232,2021-09-01,0,37.46098687321827,0.0,0.0,405.4367637634277,25.25038401285808,0.0,1,0.000258094,0
LR1404,Fen River,Rivercess,9632.0,257.120829,2021,10,0,0,0.0,317.94918823242193,26.261142942640515,2021-10-01,0,37.46098687321827,0.0,0.0,530.1871910095215,25.526393678453232,0.0,1,0.00010422505,0
LR1404,Fen River,Rivercess,9632.0,257.120829,2021,11,0,0,0.0,176.71894645690918,26.495066112942165,2021-11-01,0,37.46098687321827,0.0,0.0,317.94918823242193,26.261142942640515,0.0,0,5.6438163e-05,0
LR1404,Fen River,Rivercess,9632.0,257.120829,2021,12,0,0,0.0,67.22311925888062,26.830573187934025,2021-12-01,0,37.46098687321827,0.0,0.0,176.71894645690918,26.495066112942165,0.0,0,2.5771107e-05,0
LR1404,Fen River,Rivercess,9632.0,257.120829,2022,1,0,0,0.0,28.374774932861328,26.38507313198513,2022-01-01,0,37.46098687321827,0.0,0.0,67.22311925888062,26.830573187934025,0.0,0,5.2853502e-05,0
LR1404,Fen River,Rivercess,9632.0,257.120829,2022,2,0,0,0.0,80.84228324890137,26.951752132839623,2022-02-01,0,37.46098687321827,0.0,0.0,28.374774932861328,26.38507313198513,0.0,0,3.4258715e-06,0
LR1404,Fen River,Rivercess,9632.0,257.120829,2022,3,0,0,0.0,155.58387279510498,26.75164540608724,2022-03-01,0,37.46098687321827,0.0,0.0,80.84228324890137,26.951752132839623,0.0,0,5.639403e-06,0
LR1404,Fen River,Rivercess,9632.0,257.120829,2022,4,0,0,0.0,168.22489738464355,26.995286941528324,2022-04-01,0,37.46098687321827,0.0,0.0,155.58387279510498,26.75164540608724,0.0,0,1.5022499e-05,0
LR1404,Fen River,Rivercess,9632.0,257.120829,2022,5,0,0,0.0,305.9520301818848,26.754521052042644,2022-05-01,0,37.46098687321827,0.0,0.0,168.22489738464355,26.995286941528324,0.0,1,6.0522332e-05,0
LR1404,Fen River,Rivercess,9632.0,257.120829,2022,6,0,0,0.0,667.5616989135742,25.90089310540093,2022-06-01,0,37.46098687321827,0.0,0.0,305.9520301818848,26.754521052042644,0.0,1,0.0009868705,0
LR1404,Fen River,Rivercess,9632.0,257.120829,2022,7,0,0,0.0,85.63964653015137,24.92124493916829,2022-07-01,0,37.46098687321827,0.0,0.0,667.5616989135742,25.90089310540093,0.0,1,0.00058576156,0
LR1404,Fen River,Rivercess,9632.0,257.120829,2022,8,0,0,0.0,269.71752548217773,24.646472295125324,2022-08-01,0,37.46098687321827,0.0,0.0,85.63964653015137,24.92124493916829,0.0,1,1.5553891e-05,0
LR1404,Fen River,Rivercess,9632.0,257.120829,2022,9,0,0,0.0,426.4371757507324,25.04166030883789,2022-09-01,0,37.46098687321827,0.0,0.0,269.71752548217773,24.646472295125324,0.0,1,7.0894894e-05,0
LR1404,Fen River,Rivercess,9632.0,257.120829,2022,10,0,0,0.0,330.3657531738281,25.945792728000217,2022-10-01,0,37.46098687321827,0.0,0.0,426.4371757507324,25.04166030883789,0.0,1,0.00013689921,0
LR1404,Fen River,Rivercess,9632.0,257.120829,2022,11,0,0,0.0,187.7697467803955,26.013050079345703,2022-11-01,0,37.46098687321827,0.0,0.0,330.3657531738281,25.945792728000217,0.0,0,6.054369e-05,0
LR1404,Fen River,Rivercess,9632.0,257.120829,2022,12,0,0,0.0,91.41199779510497,26.127065022786457,2022-12-01,0,37.46098687321827,0.0,0.0,187.7697467803955,26.013050079345703,0.0,0,9.468726e-06,0
LR1404,Fen River,Rivercess,9632.0,257.120829,2023,1,0,0,0.0,25.676656246185303,26.2457381354438,2023-01-01,0,37.46098687321827,0.0,0.0,91.41199779510497,26.127065022786457,0.0,0,6.1106846e-05,0
LR1404,Fen River,Rivercess,9632.0,257.120829,2023,2,0,0,0.0,42.05000448226929,27.070577409532333,2023-02-01,0,37.46098687321827,0.0,0.0,25.676656246185303,26.2457381354438,0.0,0,4.1593885e-05,0
LR1405,Jo River,Rivercess,11215.0,725.03047102,2020,4,0,0,0.0,182.13757476806643,26.548034591674806,2020-04-01,0,15.46831539952013,0.0,0.0,258.37182998657227,26.873262100219726,0.0,0,5.3696782e-05,0
LR1405,Jo River,Rivercess,11215.0,725.03047102,2020,5,0,0,0.0,276.6787063598633,26.33237548828125,2020-05-01,0,15.46831539952013,0.0,0.0,182.13757476806643,26.548034591674806,0.0,1,8.174866e-05,0
LR1405,Jo River,Rivercess,11215.0,725.03047102,2020,6,0,0,0.0,426.3704483032226,25.1641756439209,2020-06-01,0,15.46831539952013,0.0,0.0,276.6787063598633,26.33237548828125,0.0,1,0.00033011526,0
LR1405,Jo River,Rivercess,11215.0,725.03047102,2020,7,0,0,0.0,201.8476593017578,23.99356033325195,2020-07-01,0,15.46831539952013,0.0,0.0,426.3704483032226,25.1641756439209,0.0,1,0.00010513822,0
LR1405,Jo River,Rivercess,11215.0,725.03047102,2020,8,0,0,0.0,159.13365402221677,23.69905944824219,2020-08-01,0,15.46831539952013,0.0,0.0,201.8476593017578,23.99356033325195,0.0,1,2.248438e-05,0
LR1405,Jo River,Rivercess,11215.0,725.03047102,2020,9,0,0,0.0,477.1271423339844,24.533110656738284,2020-09-01,0,15.46831539952013,0.0,0.0,159.13365402221677,23.69905944824219,0.0,1,0.00025711133,0
LR1405,Jo River,Rivercess,11215.0,725.03047102,2020,10,0,0,0.0,273.0362670898437,25.4077980041504,2020-10-01,0,15.46831539952013,0.0,0.0,477.1271423339844,24.533110656738284,0.0,1,3.666614e-05,0
LR1405,Jo River,Rivercess,11215.0,725.03047102,2020,11,0,0,0.0,82.76191806793214,25.65305854797363,2020-11-01,0,15.46831539952013,0.0,0.0,273.0362670898437,25.4077980041504,0.0,0,8.9237765e-06,0
LR1405,Jo River,Rivercess,11215.0,725.03047102,2020,12,0,0,0.0,113.28629531860348,25.776506805419928,2020-12-01,0,15.46831539952013,0.0,0.0,82.76191806793214,25.65305854797363,0.0,0,2.4043889e-06,0
LR1405,Jo River,Rivercess,11215.0,725.03047102,2021,1,0,0,0.0,21.960511016845704,25.56856101989746,2021-01-01,0,15.46831539952013,0.0,0.0,113.28629531860348,25.776506805419928,0.0,0,0.0023185594,0
LR1405,Jo River,Rivercess,11215.0,725.03047102,2021,2,0,0,0.0,92.20805282592772,26.363204956054684,2021-02-01,0,15.46831539952013,0.0,0.0,21.960511016845704,25.56856101989746,0.0,0,2.350235e-06,0
LR1405,Jo River,Rivercess,11215.0,725.03047102,2021,3,0,0,0.0,241.371858215332,25.85257705688476,2021-03-01,0,15.46831539952013,0.0,0.0,92.20805282592772,26.363204956054684,0.0,0,4.2491038e-06,0
LR1405,Jo River,Rivercess,11215.0,725.03047102,2021,4,0,0,0.0,160.43109588623048,26.219482650756834,2021-04-01,0,15.46831539952013,0.0,0.0,241.371858215332,25.85257705688476,0.0,0,9.3521514e-05,0
LR1405,Jo River,Rivercess,11215.0,725.03047102,2021,5,0,0,0.0,268.0265213012695,26.180033187866208,2021-05-01,0,15.46831539952013,0.0,0.0,160.43109588623048,26.219482650756834,0.0,1,5.706899e-05,0
LR1405,Jo River,Rivercess,11215.0,725.03047102,2021,6,0,0,0.0,443.69947814941406,25.402771987915045,2021-06-01,0,15.46831539952013,0.0,0.0,268.0265213012695,26.180033187866208,0.0,1,0.0004895684,0
LR1405,Jo River,Rivercess,11215.0,725.03047102,2021,7,0,0,0.0,208.4866920471192,24.39623504638672,2021-07-01,0,15.46831539952013,0.0,0.0,443.69947814941406,25.402771987915045,0.0,1,0.00027200364,0
LR1405,Jo River,Rivercess,11215.0,725.03047102,2021,8,0,0,0.0,428.919027709961,24.41642120361328,2021-08-01,0,15.46831539952013,0.0,0.0,208.4866920471192,24.39623504638672,0.0,1,0.00013931529,0
LR1405,Jo River,Rivercess,11215.0,725.03047102,2021,9,0,0,0.0,484.4498565673828,24.819486618041992,2021-09-01,0,15.46831539952013,0.0,0.0,428.919027709961,24.41642120361328,0.0,1,0.00043272736,0
LR1405,Jo River,Rivercess,11215.0,725.03047102,2021,10,0,0,0.0,226.863501739502,25.569817352294923,2021-10-01,0,15.46831539952013,0.0,0.0,484.4498565673828,24.819486618041992,0.0,1,1.5141215e-05,0
LR1405,Jo River,Rivercess,11215.0,725.03047102,2021,11,0,0,0.0,130.96298408508306,25.85840812683105,2021-11-01,0,15.46831539952013,0.0,0.0,226.863501739502,25.569817352294923,0.0,0,9.30018e-05,0
LR1405,Jo River,Rivercess,11215.0,725.03047102,2021,12,0,0,0.0,43.23735885620116,26.00300430297852,2021-12-01,0,15.46831539952013,0.0,0.0,130.96298408508306,25.85840812683105,0.0,0,0.0007703556,0
LR1405,Jo River,Rivercess,11215.0,725.03047102,2022,1,0,0,0.0,23.643505096435547,25.13978096008301,2022-01-01,0,15.46831539952013,0.0,0.0,43.23735885620116,26.00300430297852,0.0,0,5.7494628e-05,0
LR1405,Jo River,Rivercess,11215.0,725.03047102,2022,2,0,0,0.0,60.54861564636231,26.273105850219725,2022-02-01,0,15.46831539952013,0.0,0.0,23.643505096435547,25.13978096008301,0.0,0,2.932566e-06,0
LR1405,Jo River,Rivercess,11215.0,725.03047102,2022,3,0,0,0.0,174.58983383178713,26.42902282714844,2022-03-01,0,15.46831539952013,0.0,0.0,60.54861564636231,26.273105850219725,0.0,0,1.54789e-06,0
LR1405,Jo River,Rivercess,11215.0,725.03047102,2022,4,0,0,0.0,191.4192337036133,26.43173248291016,2022-04-01,0,15.46831539952013,0.0,0.0,174.58983383178713,26.42902282714844,0.0,0,1.1533018e-05,0
LR1405,Jo River,Rivercess,11215.0,725.03047102,2022,5,0,0,0.0,243.92353591918948,26.027917327880857,2022-05-01,0,15.46831539952013,0.0,0.0,191.4192337036133,26.43173248291016,0.0,1,0.00015673572,0
LR1405,Jo River,Rivercess,11215.0,725.03047102,2022,6,0,0,0.0,418.9051025390625,25.111945953369144,2022-06-01,0,15.46831539952013,0.0,0.0,243.92353591918948,26.027917327880857,0.0,1,0.00051552756,0
LR1405,Jo River,Rivercess,11215.0,725.03047102,2022,7,0,0,0.0,86.56919746398925,24.11771308898925,2022-07-01,0,15.46831539952013,0.0,0.0,418.9051025390625,25.111945953369144,0.0,1,3.7101447e-05,0
LR1405,Jo River,Rivercess,11215.0,725.03047102,2022,8,0,0,0.0,274.9849380493164,23.88842224121093,2022-08-01,0,15.46831539952013,0.0,0.0,86.56919746398925,24.11771308898925,0.0,1,8.317364e-05,0
LR1405,Jo River,Rivercess,11215.0,725.03047102,2022,9,0,0,0.0,411.8836868286133,24.31891021728516,2022-09-01,0,15.46831539952013,0.0,0.0,274.9849380493164,23.88842224121093,0.0,1,0.00020977206,0
LR1405,Jo River,Rivercess,11215.0,725.03047102,2022,10,0,0,0.0,280.343344116211,25.343670806884766,2022-10-01,0,15.46831539952013,0.0,0.0,411.8836868286133,24.31891021728516,0.0,1,0.00014918234,0
LR1405,Jo River,Rivercess,11215.0,725.03047102,2022,11,0,0,0.0,183.34246215820312,25.358209533691408,2022-11-01,0,15.46831539952013,0.0,0.0,280.343344116211,25.343670806884766,0.0,0,4.15414e-05,0
LR1405,Jo River,Rivercess,11215.0,725.03047102,2022,12,0,0,0.0,68.00643558502196,25.1820906829834,2022-12-01,0,15.46831539952013,0.0,0.0,183.34246215820312,25.358209533691408,0.0,0,1.8459396e-05,0
LR1405,Jo River,Rivercess,11215.0,725.03047102,2023,1,0,0,0.0,29.448173904418947,25.282339172363283,2023-01-01,0,15.46831539952013,0.0,0.0,68.00643558502196,25.1820906829834,0.0,0,6.212131e-05,0
LR1405,Jo River,Rivercess,11215.0,725.03047102,2023,2,0,0,0.0,34.94973831176758,26.68192459106445,2023-02-01,0,15.46831539952013,0.0,0.0,29.448173904418947,25.282339172363283,0.0,0,9.772022e-06,0
LR1406,Norwein,Rivercess,17266.0,606.42320271,2020,4,0,0,0.0,180.80837213425409,26.92265480443051,2020-04-01,0,28.47186572486218,0.0,0.0,256.60612923758373,27.14927713494552,0.0,0,0.00016060553,0
LR1406,Norwein,Rivercess,17266.0,606.42320271,2020,5,0,0,0.0,302.33219255719865,26.687318500719577,2020-05-01,0,28.47186572486218,0.0,0.0,180.80837213425409,26.92265480443051,0.0,1,0.000101930906,0
LR1406,Norwein,Rivercess,17266.0,606.42320271,2020,6,0,0,0.0,531.1374598911832,25.55123469704076,2020-06-01,0,28.47186572486218,0.0,0.0,302.33219255719865,26.687318500719577,0.0,1,0.005325955,0
LR1406,Norwein,Rivercess,17266.0,606.42320271,2020,7,0,0,0.0,199.4706261044457,24.409636146143857,2020-07-01,0,28.47186572486218,0.0,0.0,531.1374598911832,25.55123469704076,0.0,1,0.0075076814,0
LR1406,Norwein,Rivercess,17266.0,606.42320271,2020,8,0,0,0.0,149.29882812499997,24.108713852731807,2020-08-01,0,28.47186572486218,0.0,0.0,199.4706261044457,24.409636146143857,0.0,1,0.000103353916,0
LR1406,Norwein,Rivercess,17266.0,606.42320271,2020,9,0,0,0.0,453.91307576497394,24.857183757581208,2020-09-01,0,28.47186572486218,0.0,0.0,149.29882812499997,24.108713852731807,0.0,1,0.00022585822,0
LR1406,Norwein,Rivercess,17266.0,606.42320271,2020,10,0,0,0.0,334.9407610212054,25.7024231960899,2020-10-01,0,28.47186572486218,0.0,0.0,453.91307576497394,24.857183757581208,0.0,1,0.000213348,0
LR1406,Norwein,Rivercess,17266.0,606.42320271,2020,11,0,0,0.0,145.2187452770415,25.95783012791684,2020-11-01,0,28.47186572486218,0.0,0.0,334.9407610212054,25.7024231960899,0.0,0,4.55166e-05,0
LR1406,Norwein,Rivercess,17266.0,606.42320271,2020,12,0,0,0.0,106.97227151053292,26.1039174732409,2020-12-01,0,28.47186572486218,0.0,0.0,145.2187452770415,25.95783012791684,0.0,0,1.516691e-05,0
LR1406,Norwein,Rivercess,17266.0,606.42320271,2021,1,0,0,0.0,25.22373081388928,26.01146306489644,2021-01-01,0,28.47186572486218,0.0,0.0,106.97227151053292,26.1039174732409,0.0,0,0.00038762024,0
LR1406,Norwein,Rivercess,17266.0,606.42320271,2021,2,0,0,0.0,94.96276492164247,26.71990093431975,2021-02-01,0,28.47186572486218,0.0,0.0,25.22373081388928,26.01146306489644,0.0,0,2.042826e-06,0
LR1406,Norwein,Rivercess,17266.0,606.42320271,2021,3,0,0,0.0,246.6543506440662,26.14343352066843,2021-03-01,0,28.47186572486218,0.0,0.0,94.96276492164247,26.71990093431975,0.0,0,3.7153775e-05,0
LR1406,Norwein,Rivercess,17266.0,606.42320271,2021,4,0,0,0.0,161.32613409133188,26.583780790630136,2021-04-01,0,28.47186572486218,0.0,0.0,246.6543506440662,26.14343352066843,0.0,0,2.625198e-05,0
LR1406,Norwein,Rivercess,17266.0,606.42320271,2021,5,0,0,0.0,284.0709112258185,26.55354529932925,2021-05-01,0,28.47186572486218,0.0,0.0,161.32613409133188,26.583780790630136,0.0,1,3.404374e-05,0
LR1406,Norwein,Rivercess,17266.0,606.42320271,2021,6,3,3,17.37518823120584,560.2138962518602,25.760866566708213,2021-06-01,0,28.47186572486218,0.0,0.0,284.0709112258185,26.55354529932925,0.0,1,0.0011436805,0
LR1406,Norwein,Rivercess,17266.0,606.42320271,2021,7,1,1,5.791729410401946,241.5897434779576,24.809977180079407,2021-07-01,0,28.47186572486218,3.0,17.37518823120584,560.2138962518602,25.760866566708213,1.0,1,0.010948635,0
LR1406,Norwein,Rivercess,17266.0,606.42320271,2021,8,0,0,0.0,438.9314720517112,24.82376279328999,2021-08-01,0,28.47186572486218,1.0,5.791729410401946,241.5897434779576,24.809977180079407,1.3333333333333333,1,0.005190368,0
LR1406,Norwein,Rivercess,17266.0,606.42320271,2021,9,0,0,0.0,510.77118937174487,25.165673406500567,2021-09-01,0,28.47186572486218,0.0,0.0,438.9314720517112,24.82376279328999,1.3333333333333333,1,0.0007785703,0
LR1406,Norwein,Rivercess,17266.0,606.42320271,2021,10,0,0,0.0,262.4580993652344,25.909558948717617,2021-10-01,0,28.47186572486218,0.0,0.0,510.77118937174487,25.165673406500567,0.3333333333333333,1,1.8439849e-05,0
LR1406,Norwein,Rivercess,17266.0,606.42320271,2021,11,0,0,0.0,162.215087890625,26.172823855751435,2021-11-01,0,28.47186572486218,0.0,0.0,262.4580993652344,25.909558948717617,0.0,0,4.339487e-05,0
LR1406,Norwein,Rivercess,17266.0,606.42320271,2021,12,0,0,0.0,56.00620197114491,26.412582698621243,2021-12-01,0,28.47186572486218,0.0,0.0,162.215087890625,26.172823855751435,0.0,0,1.166735e-05,0
LR1406,Norwein,Rivercess,17266.0,606.42320271,2022,1,0,0,0.0,30.33354123433431,25.75739197981985,2022-01-01,0,28.47186572486218,0.0,0.0,56.00620197114491,26.412582698621243,0.0,0,2.4665187e-05,0
LR1406,Norwein,Rivercess,17266.0,606.42320271,2022,2,0,0,0.0,75.90190033685595,26.63616331000077,2022-02-01,0,28.47186572486218,0.0,0.0,30.33354123433431,25.75739197981985,0.0,0,6.3026623e-06,0
LR1406,Norwein,Rivercess,17266.0,606.42320271,2022,3,0,0,0.0,176.6796875,26.603877418919616,2022-03-01,0,28.47186572486218,0.0,0.0,75.90190033685595,26.63616331000077,0.0,0,4.1065837e-06,0
LR1406,Norwein,Rivercess,17266.0,606.42320271,2022,4,0,0,0.0,193.692146664574,26.715884058099043,2022-04-01,0,28.47186572486218,0.0,0.0,176.6796875,26.603877418919616,0.0,0,2.7338692e-05,0
LR1406,Norwein,Rivercess,17266.0,606.42320271,2022,5,0,0,0.0,277.6854843866258,26.383061158029665,2022-05-01,0,28.47186572486218,0.0,0.0,193.692146664574,26.715884058099043,0.0,1,0.0003888232,0
LR1406,Norwein,Rivercess,17266.0,606.42320271,2022,6,0,0,0.0,591.2140401204426,25.50162877534565,2022-06-01,0,28.47186572486218,0.0,0.0,277.6854843866258,26.383061158029665,0.0,1,0.004954176,0
LR1406,Norwein,Rivercess,17266.0,606.42320271,2022,7,0,0,0.0,86.66192844935826,24.51578732540733,2022-07-01,0,28.47186572486218,0.0,0.0,591.2140401204426,25.50162877534565,0.0,1,0.009363725,0
LR1406,Norwein,Rivercess,17266.0,606.42320271,2022,8,0,0,0.0,279.0718093145461,24.263200257953844,2022-08-01,0,28.47186572486218,0.0,0.0,86.66192844935826,24.51578732540733,0.0,1,0.00040200746,0
LR1406,Norwein,Rivercess,17266.0,606.42320271,2022,9,0,0,0.0,401.8423636300223,24.67475710417095,2022-09-01,0,28.47186572486218,0.0,0.0,279.0718093145461,24.263200257953844,0.0,1,0.0018318362,0
LR1406,Norwein,Rivercess,17266.0,606.42320271,2022,10,0,0,0.0,318.0419616699218,25.637339441399824,2022-10-01,0,28.47186572486218,0.0,0.0,401.8423636300223,24.67475710417095,0.0,1,0.0012419772,0
LR1406,Norwein,Rivercess,17266.0,606.42320271,2022,11,0,0,0.0,198.5064878917876,25.6800883443732,2022-11-01,0,28.47186572486218,0.0,0.0,318.0419616699218,25.637339441399824,0.0,0,3.239436e-05,0
LR1406,Norwein,Rivercess,17266.0,606.42320271,2022,12,0,0,0.0,75.14102935791016,25.64945722881116,2022-12-01,0,28.47186572486218,0.0,0.0,198.5064878917876,25.6800883443732,0.0,0,1.0257211e-05,0
LR1406,Norwein,Rivercess,17266.0,606.42320271,2023,1,0,0,0.0,31.89810035342262,25.77963216681229,2023-01-01,0,28.47186572486218,0.0,0.0,75.14102935791016,25.64945722881116,0.0,0,0.00013822773,0
LR1406,Norwein,Rivercess,17266.0,606.42320271,2023,2,0,0,0.0,41.39580481392997,26.893375999049137,2023-02-01,0,28.47186572486218,0.0,0.0,31.89810035342262,25.77963216681229,0.0,0,5.1988045e-05,0
LR1407,Sam Gbalor,Rivercess,3511.0,366.10166959,2020,4,0,0,0.0,151.3311048235212,27.173878583041105,2020-04-01,0,9.59023214489023,0.0,0.0,254.69300951276503,27.301543495871808,0.0,0,0.0012287843,0
LR1407,Sam Gbalor,Rivercess,3511.0,366.10166959,2020,5,0,0,0.0,376.69147818429127,26.92180598865856,2020-05-01,0,9.59023214489023,0.0,0.0,151.3311048235212,27.173878583041105,0.0,1,0.00016276045,0
LR1407,Sam Gbalor,Rivercess,3511.0,366.10166959,2020,6,0,0,0.0,583.2182747977121,25.80848555131392,2020-06-01,0,9.59023214489023,0.0,0.0,376.69147818429127,26.92180598865856,0.0,1,0.00094193366,0
LR1407,Sam Gbalor,Rivercess,3511.0,366.10166959,2020,7,0,0,0.0,166.23491450718473,24.731033671985976,2020-07-01,0,9.59023214489023,0.0,0.0,583.2182747977121,25.80848555131392,0.0,1,0.00031807536,0
LR1407,Sam Gbalor,Rivercess,3511.0,366.10166959,2020,8,0,0,0.0,124.13510077340264,24.481114474209875,2020-08-01,0,9.59023214489023,0.0,0.0,166.23491450718473,24.731033671985976,0.0,1,4.1208783e-05,0
LR1407,Sam Gbalor,Rivercess,3511.0,366.10166959,2020,9,0,0,0.0,491.7762865339007,25.1242618560791,2020-09-01,0,9.59023214489023,0.0,0.0,124.13510077340264,24.481114474209875,0.0,1,9.8840355e-05,0
LR1407,Sam Gbalor,Rivercess,3511.0,366.10166959,2020,10,0,0,0.0,395.9003710065569,25.93227663907137,2020-10-01,0,9.59023214489023,0.0,0.0,491.7762865339007,25.1242618560791,0.0,1,5.182905e-05,0
LR1407,Sam Gbalor,Rivercess,3511.0,366.10166959,2020,11,0,0,0.0,210.1893474033901,26.24922769719904,2020-11-01,0,9.59023214489023,0.0,0.0,395.9003710065569,25.93227663907137,0.0,0,0.00077606813,0
LR1407,Sam Gbalor,Rivercess,3511.0,366.10166959,2020,12,0,0,0.0,137.96253313337053,26.437395962801848,2020-12-01,0,9.59023214489023,0.0,0.0,210.1893474033901,26.24922769719904,0.0,0,0.00030518568,0
LR1407,Sam Gbalor,Rivercess,3511.0,366.10166959,2021,1,0,0,0.0,24.81085021155221,26.38132025978782,2021-01-01,0,9.59023214489023,0.0,0.0,137.96253313337053,26.437395962801848,0.0,0,0.004841806,0
LR1407,Sam Gbalor,Rivercess,3511.0,366.10166959,2021,2,0,0,0.0,142.64847455705916,26.94105044278232,2021-02-01,0,9.59023214489023,0.0,0.0,24.81085021155221,26.38132025978782,0.0,0,5.230726e-05,0
LR1407,Sam Gbalor,Rivercess,3511.0,366.10166959,2021,3,0,0,0.0,253.10426112583704,26.27719584378329,2021-03-01,0,9.59023214489023,0.0,0.0,142.64847455705916,26.94105044278232,0.0,0,0.00020839888,0
LR1407,Sam Gbalor,Rivercess,3511.0,366.10166959,2021,4,0,0,0.0,140.34630584716797,26.87402031638406,2021-04-01,0,9.59023214489023,0.0,0.0,253.10426112583704,26.27719584378329,0.0,0,0.0005197082,0
LR1407,Sam Gbalor,Rivercess,3511.0,366.10166959,2021,5,0,0,0.0,294.0296107700893,26.86727662519976,2021-05-01,0,9.59023214489023,0.0,0.0,140.34630584716797,26.87402031638406,0.0,1,0.00018301373,0
LR1407,Sam Gbalor,Rivercess,3511.0,366.10166959,2021,6,1,1,28.48191398461977,584.2556828090123,26.055369117043234,2021-06-01,0,9.59023214489023,0.0,0.0,294.0296107700893,26.86727662519976,0.0,1,0.0016632859,0
LR1407,Sam Gbalor,Rivercess,3511.0,366.10166959,2021,7,1,1,28.48191398461977,230.43030112130305,25.14337366277521,2021-07-01,0,9.59023214489023,1.0,28.48191398461977,584.2556828090123,26.055369117043234,0.3333333333333333,1,0.00029940132,0
LR1407,Sam Gbalor,Rivercess,3511.0,366.10166959,2021,8,0,0,0.0,389.2305777413504,25.20343763178045,2021-08-01,0,9.59023214489023,1.0,28.48191398461977,230.43030112130305,25.14337366277521,0.6666666666666666,1,0.0011442815,0
LR1407,Sam Gbalor,Rivercess,3511.0,366.10166959,2021,9,0,0,0.0,570.7882494245256,25.48212484879928,2021-09-01,0,9.59023214489023,0.0,0.0,389.2305777413504,25.20343763178045,0.6666666666666666,1,0.00033491498,0
LR1407,Sam Gbalor,Rivercess,3511.0,366.10166959,2021,10,0,0,0.0,364.9149736676897,26.199262098832563,2021-10-01,0,9.59023214489023,0.0,0.0,570.7882494245256,25.48212484879928,0.3333333333333333,1,0.00015392023,0
LR1407,Sam Gbalor,Rivercess,3511.0,366.10166959,2021,11,0,0,0.0,213.27968379429407,26.431786623868074,2021-11-01,0,9.59023214489023,0.0,0.0,364.9149736676897,26.199262098832563,0.0,0,0.00081553345,0
LR1407,Sam Gbalor,Rivercess,3511.0,366.10166959,2021,12,0,0,0.0,76.05735315595354,26.80902966586026,2021-12-01,0,9.59023214489023,0.0,0.0,213.27968379429407,26.431786623868074,0.0,0,0.0005275161,0
LR1407,Sam Gbalor,Rivercess,3511.0,366.10166959,2022,1,0,0,0.0,23.61902379989624,26.369118777188387,2022-01-01,0,9.59023214489023,0.0,0.0,76.05735315595354,26.80902966586026,0.0,0,0.0005092375,0
LR1407,Sam Gbalor,Rivercess,3511.0,366.10166959,2022,2,0,0,0.0,86.75360815865653,26.83236555619673,2022-02-01,0,9.59023214489023,0.0,0.0,23.61902379989624,26.369118777188387,0.0,0,3.5577687e-05,0
LR1407,Sam Gbalor,Rivercess,3511.0,366.10166959,2022,3,0,0,0.0,182.7049516950335,26.631909803910688,2022-03-01,0,9.59023214489023,0.0,0.0,86.75360815865653,26.83236555619673,0.0,0,2.8346334e-05,0
LR1407,Sam Gbalor,Rivercess,3511.0,366.10166959,2022,4,0,0,0.0,185.8938980102539,26.90125968239524,2022-04-01,0,9.59023214489023,0.0,0.0,182.7049516950335,26.631909803910688,0.0,0,0.00021950692,0
LR1407,Sam Gbalor,Rivercess,3511.0,366.10166959,2022,5,0,0,0.0,359.7240578787668,26.696154507723723,2022-05-01,0,9.59023214489023,0.0,0.0,185.8938980102539,26.90125968239524,0.0,1,0.00037909189,0
LR1407,Sam Gbalor,Rivercess,3511.0,366.10166959,2022,6,0,0,0.0,741.7620239257812,25.80856687372381,2022-06-01,0,9.59023214489023,0.0,0.0,359.7240578787668,26.696154507723723,0.0,1,0.0002838904,0
LR1407,Sam Gbalor,Rivercess,3511.0,366.10166959,2022,7,0,0,0.0,63.69243730817522,24.80638486688787,2022-07-01,0,9.59023214489023,0.0,0.0,741.7620239257812,25.80856687372381,0.0,1,0.00028152982,0
LR1407,Sam Gbalor,Rivercess,3511.0,366.10166959,2022,8,0,0,0.0,232.1380844116211,24.56006951765581,2022-08-01,0,9.59023214489023,0.0,0.0,63.69243730817522,24.80638486688787,0.0,1,2.2550477e-05,0
LR1407,Sam Gbalor,Rivercess,3511.0,366.10166959,2022,9,0,0,0.0,386.2996629987444,24.95770783857866,2022-09-01,0,9.59023214489023,0.0,0.0,232.1380844116211,24.56006951765581,0.0,1,0.000118871256,0
LR1407,Sam Gbalor,Rivercess,3511.0,366.10166959,2022,10,0,0,0.0,352.6893833705357,25.915344411676585,2022-10-01,0,9.59023214489023,0.0,0.0,386.2996629987444,24.95770783857866,0.0,1,0.00013374916,0
LR1407,Sam Gbalor,Rivercess,3511.0,366.10166959,2022,11,0,0,0.0,254.64583369663785,26.01487697254528,2022-11-01,0,9.59023214489023,0.0,0.0,352.6893833705357,25.915344411676585,0.0,0,0.0002666202,0
LR1407,Sam Gbalor,Rivercess,3511.0,366.10166959,2022,12,0,0,0.0,98.54165376935688,26.122402884743423,2022-12-01,0,9.59023214489023,0.0,0.0,254.64583369663785,26.01487697254528,0.0,0,0.0003493868,0
LR1407,Sam Gbalor,Rivercess,3511.0,366.10166959,2023,1,0,0,0.0,24.43273067474365,26.138991615988992,2023-01-01,0,9.59023214489023,0.0,0.0,98.54165376935688,26.122402884743423,0.0,0,0.0016792413,0
LR1407,Sam Gbalor,Rivercess,3511.0,366.10166959,2023,2,0,0,0.0,48.41249302455357,26.987084648825903,2023-02-01,0,9.59023214489023,0.0,0.0,24.43273067474365,26.138991615988992,0.0,0,0.00023983727,0
LR1408,Zarflahn,Rivercess,10405.0,184.6202164,2020,4,0,0,0.0,147.62718200683594,27.16397285461425,2020-04-01,0,56.35894163105314,0.0,0.0,223.60863240559897,27.301798502604164,0.0,0,0.00018142899,0
LR1408,Zarflahn,Rivercess,10405.0,184.6202164,2020,5,0,0,0.0,331.2069091796875,26.917277018229168,2020-05-01,0,56.35894163105314,0.0,0.0,147.62718200683594,27.16397285461425,0.0,1,0.00025296264,0
LR1408,Zarflahn,Rivercess,10405.0,184.6202164,2020,6,0,0,0.0,523.1444346110027,25.80893516540528,2020-06-01,0,56.35894163105314,0.0,0.0,331.2069091796875,26.917277018229168,0.0,1,0.0025231396,0
LR1408,Zarflahn,Rivercess,10405.0,184.6202164,2020,7,3,3,28.83229216722729,169.04233296712238,24.71522045135498,2020-07-01,0,56.35894163105314,0.0,0.0,523.1444346110027,25.80893516540528,0.0,1,0.00079059904,0
LR1408,Zarflahn,Rivercess,10405.0,184.6202164,2020,8,1,1,9.61076405574243,128.33282470703125,24.44680627187093,2020-08-01,0,56.35894163105314,3.0,28.83229216722729,169.04233296712238,24.71522045135498,1.0,1,0.00079716847,0
LR1408,Zarflahn,Rivercess,10405.0,184.6202164,2020,9,0,0,0.0,439.7523091634115,25.106762886047363,2020-09-01,0,56.35894163105314,1.0,9.61076405574243,128.33282470703125,24.44680627187093,1.3333333333333333,1,0.0038457317,0
LR1408,Zarflahn,Rivercess,10405.0,184.6202164,2020,10,0,0,0.0,343.7455698649089,25.920517285664875,2020-10-01,0,56.35894163105314,0.0,0.0,439.7523091634115,25.106762886047363,1.3333333333333333,1,0.00022725367,0
LR1408,Zarflahn,Rivercess,10405.0,184.6202164,2020,11,0,0,0.0,175.481201171875,26.21622467041016,2020-11-01,0,56.35894163105314,0.0,0.0,343.7455698649089,25.920517285664875,0.3333333333333333,0,0.00022277248,0
LR1408,Zarflahn,Rivercess,10405.0,184.6202164,2020,12,0,0,0.0,130.4931386311849,26.39215850830078,2020-12-01,0,56.35894163105314,0.0,0.0,175.481201171875,26.21622467041016,0.0,0,8.146355e-06,0
LR1408,Zarflahn,Rivercess,10405.0,184.6202164,2021,1,0,0,0.0,20.64884185791016,26.34505112965902,2021-01-01,0,56.35894163105314,0.0,0.0,130.4931386311849,26.39215850830078,0.0,0,0.0013194123,0
LR1408,Zarflahn,Rivercess,10405.0,184.6202164,2021,2,0,0,0.0,136.20565032958984,26.93562412261963,2021-02-01,0,56.35894163105314,0.0,0.0,20.64884185791016,26.34505112965902,0.0,0,5.5891333e-06,0
LR1408,Zarflahn,Rivercess,10405.0,184.6202164,2021,3,0,0,0.0,226.30476633707684,26.2883783976237,2021-03-01,0,56.35894163105314,0.0,0.0,136.20565032958984,26.93562412261963,0.0,0,0.00010304846,0
LR1408,Zarflahn,Rivercess,10405.0,184.6202164,2021,4,0,0,0.0,136.59559631347656,26.85095373789469,2021-04-01,0,56.35894163105314,0.0,0.0,226.30476633707684,26.2883783976237,0.0,0,6.477615e-05,0
LR1408,Zarflahn,Rivercess,10405.0,184.6202164,2021,5,0,0,0.0,289.79565938313806,26.843998908996586,2021-05-01,0,56.35894163105314,0.0,0.0,136.59559631347656,26.85095373789469,0.0,1,6.250315e-05,0
LR1408,Zarflahn,Rivercess,10405.0,184.6202164,2021,6,3,3,28.83229216722729,537.1138559977213,26.034947395324707,2021-06-01,0,56.35894163105314,0.0,0.0,289.79565938313806,26.843998908996586,0.0,1,0.003673989,0
LR1408,Zarflahn,Rivercess,10405.0,184.6202164,2021,7,0,0,0.0,207.1903177897136,25.12346235911052,2021-07-01,0,56.35894163105314,3.0,28.83229216722729,537.1138559977213,26.034947395324707,1.0,1,0.00034318006,0
LR1408,Zarflahn,Rivercess,10405.0,184.6202164,2021,8,0,0,0.0,407.9243367513021,25.16448783874512,2021-08-01,0,56.35894163105314,0.0,0.0,207.1903177897136,25.12346235911052,1.0,1,0.00082412397,0
LR1408,Zarflahn,Rivercess,10405.0,184.6202164,2021,9,0,0,0.0,544.817372639974,25.45078468322754,2021-09-01,0,56.35894163105314,0.0,0.0,407.9243367513021,25.16448783874512,1.0,1,0.0036351143,0
LR1408,Zarflahn,Rivercess,10405.0,184.6202164,2021,10,0,0,0.0,327.3703308105469,26.175805409749348,2021-10-01,0,56.35894163105314,0.0,0.0,544.817372639974,25.45078468322754,0.0,1,0.00015342174,0
LR1408,Zarflahn,Rivercess,10405.0,184.6202164,2021,11,0,0,0.0,182.75374603271484,26.41315905253093,2021-11-01,0,56.35894163105314,0.0,0.0,327.3703308105469,26.175805409749348,0.0,0,6.225195e-05,0
LR1408,Zarflahn,Rivercess,10405.0,184.6202164,2021,12,0,0,0.0,66.5690180460612,26.76285107930501,2021-12-01,0,56.35894163105314,0.0,0.0,182.75374603271484,26.41315905253093,0.0,0,2.7790156e-05,0
LR1408,Zarflahn,Rivercess,10405.0,184.6202164,2022,1,0,0,0.0,24.99795436859131,26.29147561391195,2022-01-01,0,56.35894163105314,0.0,0.0,66.5690180460612,26.76285107930501,0.0,0,5.2853502e-05,0
LR1408,Zarflahn,Rivercess,10405.0,184.6202164,2022,2,0,0,0.0,86.59384282430013,26.83388614654541,2022-02-01,0,56.35894163105314,0.0,0.0,24.99795436859131,26.29147561391195,0.0,0,1.6992317e-06,0
LR1408,Zarflahn,Rivercess,10405.0,184.6202164,2022,3,0,0,0.0,167.25180562337238,26.6533629099528,2022-03-01,0,56.35894163105314,0.0,0.0,86.59384282430013,26.83388614654541,0.0,0,3.938364e-06,0
LR1408,Zarflahn,Rivercess,10405.0,184.6202164,2022,4,0,0,0.0,172.66605377197266,26.89714686075846,2022-04-01,0,56.35894163105314,0.0,0.0,167.25180562337238,26.6533629099528,0.0,0,1.7030336e-05,0
LR1408,Zarflahn,Rivercess,10405.0,184.6202164,2022,5,0,0,0.0,319.05633544921875,26.66805426279704,2022-05-01,0,56.35894163105314,0.0,0.0,172.66605377197266,26.89714686075846,0.0,1,0.0003670158,0
LR1408,Zarflahn,Rivercess,10405.0,184.6202164,2022,6,0,0,0.0,665.4931030273438,25.79081026713053,2022-06-01,0,56.35894163105314,0.0,0.0,319.05633544921875,26.66805426279704,0.0,1,0.0007347629,0
LR1408,Zarflahn,Rivercess,10405.0,184.6202164,2022,7,0,0,0.0,74.98360824584961,24.79742368062337,2022-07-01,0,56.35894163105314,0.0,0.0,665.4931030273438,25.79081026713053,0.0,1,0.0003901621,0
LR1408,Zarflahn,Rivercess,10405.0,184.6202164,2022,8,0,0,0.0,254.8208770751953,24.54392464955648,2022-08-01,0,56.35894163105314,0.0,0.0,74.98360824584961,24.79742368062337,0.0,1,4.8640327e-06,0
LR1408,Zarflahn,Rivercess,10405.0,184.6202164,2022,9,0,0,0.0,397.61811319986975,24.942200660705566,2022-09-01,0,56.35894163105314,0.0,0.0,254.8208770751953,24.54392464955648,0.0,1,0.00034737145,0
LR1408,Zarflahn,Rivercess,10405.0,184.6202164,2022,10,0,0,0.0,332.17464192708337,25.88518842061361,2022-10-01,0,56.35894163105314,0.0,0.0,397.61811319986975,24.942200660705566,0.0,1,0.00014081661,0
LR1408,Zarflahn,Rivercess,10405.0,184.6202164,2022,11,0,0,0.0,203.5404357910156,25.969416300455727,2022-11-01,0,56.35894163105314,0.0,0.0,332.17464192708337,25.88518842061361,0.0,0,6.2126695e-05,0
LR1408,Zarflahn,Rivercess,10405.0,184.6202164,2022,12,0,0,0.0,95.44928487141928,26.06065464019776,2022-12-01,0,56.35894163105314,0.0,0.0,203.5404357910156,25.969416300455727,0.0,0,1.0502335e-05,0
LR1408,Zarflahn,Rivercess,10405.0,184.6202164,2023,1,0,0,0.0,25.113149960835774,26.11860783894857,2023-01-01,0,56.35894163105314,0.0,0.0,95.44928487141928,26.06065464019776,0.0,0,0.00013402339,0
LR1408,Zarflahn,Rivercess,10405.0,184.6202164,2023,2,0,0,0.0,41.77305221557617,26.992105166117348,2023-02-01,0,56.35894163105314,0.0,0.0,25.113149960835774,26.11860783894857,0.0,0,3.1315994e-05,0
LR1501,Bodae,Sinoe,4543.0,277.92172559,2020,4,0,0,0.0,194.8021011352539,26.685619354248047,2020-04-01,0,16.346329134059836,0.0,0.0,317.36456604003905,26.668949399675643,0.0,0,5.1987307e-05,0
LR1501,Bodae,Sinoe,4543.0,277.92172559,2020,5,0,0,0.0,303.6283264160156,26.413321358816965,2020-05-01,0,16.346329134059836,0.0,0.0,194.8021011352539,26.685619354248047,0.0,1,7.0283284e-05,0
LR1501,Bodae,Sinoe,4543.0,277.92172559,2020,6,0,0,0.0,488.3200927734375,25.189396994454523,2020-06-01,0,16.346329134059836,0.0,0.0,303.6283264160156,26.413321358816965,0.0,1,0.0005012763,0
LR1501,Bodae,Sinoe,4543.0,277.92172559,2020,7,0,0,0.0,123.4803024291992,24.18905067443848,2020-07-01,0,16.346329134059836,0.0,0.0,488.3200927734375,25.189396994454523,0.0,1,0.00015697278,0
LR1501,Bodae,Sinoe,4543.0,277.92172559,2020,8,0,0,0.0,88.61407470703125,23.9908390045166,2020-08-01,0,16.346329134059836,0.0,0.0,123.4803024291992,24.18905067443848,0.0,1,3.206387e-05,0
LR1501,Bodae,Sinoe,4543.0,277.92172559,2020,9,0,0,0.0,446.6040771484375,24.683867590768,2020-09-01,0,16.346329134059836,0.0,0.0,88.61407470703125,23.9908390045166,0.0,1,7.820897e-05,0
LR1501,Bodae,Sinoe,4543.0,277.92172559,2020,10,0,0,0.0,438.8777801513672,25.477452959333142,2020-10-01,0,16.346329134059836,0.0,0.0,446.6040771484375,24.683867590768,0.0,1,0.00014212172,0
LR1501,Bodae,Sinoe,4543.0,277.92172559,2020,11,0,0,0.0,250.02826690673825,25.784625734601704,2020-11-01,0,16.346329134059836,0.0,0.0,438.8777801513672,25.477452959333142,0.0,0,8.584092e-06,0
LR1501,Bodae,Sinoe,4543.0,277.92172559,2020,12,0,0,0.0,114.2375061035156,25.92301913670132,2020-12-01,0,16.346329134059836,0.0,0.0,250.02826690673825,25.784625734601704,0.0,0,1.62108e-05,0
LR1501,Bodae,Sinoe,4543.0,277.92172559,2021,1,0,0,0.0,47.44542770385742,25.892987387520925,2021-01-01,0,16.346329134059836,0.0,0.0,114.2375061035156,25.92301913670132,0.0,0,0.00017385453,0
LR1501,Bodae,Sinoe,4543.0,277.92172559,2021,2,0,0,0.0,169.98390350341796,26.37597928728376,2021-02-01,0,16.346329134059836,0.0,0.0,47.44542770385742,25.892987387520925,0.0,0,2.4606843e-06,0
LR1501,Bodae,Sinoe,4543.0,277.92172559,2021,3,0,0,0.0,246.59491424560545,25.803998402186803,2021-03-01,0,16.346329134059836,0.0,0.0,169.98390350341796,26.37597928728376,0.0,0,1.089549e-05,0
LR1501,Bodae,Sinoe,4543.0,277.92172559,2021,4,0,0,0.0,169.26002502441406,26.37173843383789,2021-04-01,0,16.346329134059836,0.0,0.0,246.59491424560545,25.803998402186803,0.0,0,5.2621053e-05,0
LR1501,Bodae,Sinoe,4543.0,277.92172559,2021,5,0,0,0.0,243.1711074829101,26.313236509050643,2021-05-01,0,16.346329134059836,0.0,0.0,169.26002502441406,26.37173843383789,0.0,1,3.0562645e-05,0
LR1501,Bodae,Sinoe,4543.0,277.92172559,2021,6,0,0,0.0,592.2449035644531,25.59230477469308,2021-06-01,0,16.346329134059836,0.0,0.0,243.1711074829101,26.313236509050643,0.0,1,0.00018141602,0
LR1501,Bodae,Sinoe,4543.0,277.92172559,2021,7,0,0,0.0,231.24781341552736,24.486462729317804,2021-07-01,0,16.346329134059836,0.0,0.0,592.2449035644531,25.59230477469308,0.0,1,0.005930324,0
LR1501,Bodae,Sinoe,4543.0,277.92172559,2021,8,0,0,0.0,253.7345779418945,24.60297039576939,2021-08-01,0,16.346329134059836,0.0,0.0,231.24781341552736,24.486462729317804,0.0,1,0.00071970787,0
LR1501,Bodae,Sinoe,4543.0,277.92172559,2021,9,0,0,0.0,447.6797912597656,25.0884827205113,2021-09-01,0,16.346329134059836,0.0,0.0,253.7345779418945,24.60297039576939,0.0,1,6.431108e-05,0
LR1501,Bodae,Sinoe,4543.0,277.92172559,2021,10,0,0,0.0,329.55681457519523,25.725034441266743,2021-10-01,0,16.346329134059836,0.0,0.0,447.6797912597656,25.0884827205113,0.0,1,1.15712455e-05,0
LR1501,Bodae,Sinoe,4543.0,277.92172559,2021,11,0,0,0.0,177.21357421875,25.86110932486398,2021-11-01,0,16.346329134059836,0.0,0.0,329.55681457519523,25.725034441266743,0.0,0,2.5190082e-05,0
LR1501,Bodae,Sinoe,4543.0,277.92172559,2021,12,0,0,0.0,85.21144256591798,26.30612782069615,2021-12-01,0,16.346329134059836,0.0,0.0,177.21357421875,25.86110932486398,0.0,0,9.666284e-06,0
LR1501,Bodae,Sinoe,4543.0,277.92172559,2022,1,0,0,0.0,32.95440464019775,25.75964682442801,2022-01-01,0,16.346329134059836,0.0,0.0,85.21144256591798,26.30612782069615,0.0,0,4.1434614e-05,0
LR1501,Bodae,Sinoe,4543.0,277.92172559,2022,2,0,0,0.0,85.22045516967773,26.246674128941127,2022-02-01,0,16.346329134059836,0.0,0.0,32.95440464019775,25.75964682442801,0.0,0,1.150525e-06,0
LR1501,Bodae,Sinoe,4543.0,277.92172559,2022,3,0,0,0.0,204.75963592529297,26.09541130065918,2022-03-01,0,16.346329134059836,0.0,0.0,85.22045516967773,26.246674128941127,0.0,0,4.9747327e-06,0
LR1501,Bodae,Sinoe,4543.0,277.92172559,2022,4,0,0,0.0,213.83094177246093,26.31873348781041,2022-04-01,0,16.346329134059836,0.0,0.0,204.75963592529297,26.09541130065918,0.0,0,0.000108024215,0
LR1501,Bodae,Sinoe,4543.0,277.92172559,2022,5,0,0,0.0,303.5385375976563,26.03881972176688,2022-05-01,0,16.346329134059836,0.0,0.0,213.83094177246093,26.31873348781041,0.0,1,0.0005084542,0
LR1501,Bodae,Sinoe,4543.0,277.92172559,2022,6,0,0,0.0,581.0382507324221,25.244297300066265,2022-06-01,0,16.346329134059836,0.0,0.0,303.5385375976563,26.03881972176688,0.0,1,0.00029288267,0
LR1501,Bodae,Sinoe,4543.0,277.92172559,2022,7,0,0,0.0,49.72220764160157,24.127808707101003,2022-07-01,0,16.346329134059836,0.0,0.0,581.0382507324221,25.244297300066265,0.0,1,6.152991e-05,0
LR1501,Bodae,Sinoe,4543.0,277.92172559,2022,8,0,0,0.0,158.85870819091795,23.98501777648925,2022-08-01,0,16.346329134059836,0.0,0.0,49.72220764160157,24.127808707101003,0.0,1,2.0499985e-05,0
LR1501,Bodae,Sinoe,4543.0,277.92172559,2022,9,0,0,0.0,304.40101318359376,24.46063504900251,2022-09-01,0,16.346329134059836,0.0,0.0,158.85870819091795,23.98501777648925,0.0,1,0.00013063656,0
LR1501,Bodae,Sinoe,4543.0,277.92172559,2022,10,0,0,0.0,382.6129333496093,25.51983152117048,2022-10-01,0,16.346329134059836,0.0,0.0,304.40101318359376,24.46063504900251,0.0,1,0.00014878187,0
LR1501,Bodae,Sinoe,4543.0,277.92172559,2022,11,0,0,0.0,272.74601593017576,25.5863208770752,2022-11-01,0,16.346329134059836,0.0,0.0,382.6129333496093,25.51983152117048,0.0,0,1.9694628e-05,0
LR1501,Bodae,Sinoe,4543.0,277.92172559,2022,12,0,0,0.0,119.52778244018556,25.69080897739956,2022-12-01,0,16.346329134059836,0.0,0.0,272.74601593017576,25.5863208770752,0.0,0,2.1679838e-05,0
LR1501,Bodae,Sinoe,4543.0,277.92172559,2023,1,0,0,0.0,43.7380874633789,25.799731390816824,2023-01-01,0,16.346329134059836,0.0,0.0,119.52778244018556,25.69080897739956,0.0,0,0.00017844493,0
LR1501,Bodae,Sinoe,4543.0,277.92172559,2023,2,0,0,0.0,70.08557586669922,26.569176265171595,2023-02-01,0,16.346329134059836,0.0,0.0,43.7380874633789,25.799731390816824,0.0,0,3.7135092e-06,0
LR1502,Bokon,Sinoe,10364.0,139.3493694,2020,4,0,0,0.0,186.64409255981445,26.944881757100426,2020-04-01,0,74.37421528798106,0.0,0.0,306.1345748901367,26.94329865773519,0.0,0,0.0010896428,0
LR1502,Bokon,Sinoe,10364.0,139.3493694,2020,5,0,0,0.0,317.47164154052734,26.674782752990723,2020-05-01,0,74.37421528798106,0.0,0.0,186.64409255981445,26.944881757100426,0.0,1,0.0053816647,0
LR1502,Bokon,Sinoe,10364.0,139.3493694,2020,6,0,0,0.0,525.2998046875,25.45747915903728,2020-06-01,0,74.37421528798106,0.0,0.0,317.47164154052734,26.674782752990723,0.0,1,0.014167111,0
LR1502,Bokon,Sinoe,10364.0,139.3493694,2020,7,0,0,0.0,144.87322616577148,24.460570971171062,2020-07-01,0,74.37421528798106,0.0,0.0,525.2998046875,25.45747915903728,0.0,1,0.0008118068,0
LR1502,Bokon,Sinoe,10364.0,139.3493694,2020,8,0,0,0.0,84.8397102355957,24.26848856608073,2020-08-01,0,74.37421528798106,0.0,0.0,144.87322616577148,24.460570971171062,0.0,1,4.8371883e-05,0
LR1502,Bokon,Sinoe,10364.0,139.3493694,2020,9,0,0,0.0,391.8640670776367,24.901042302449543,2020-09-01,0,74.37421528798106,0.0,0.0,84.8397102355957,24.26848856608073,0.0,1,0.00017315718,0
LR1502,Bokon,Sinoe,10364.0,139.3493694,2020,10,0,0,0.0,453.33841705322266,25.6868855158488,2020-10-01,0,74.37421528798106,0.0,0.0,391.8640670776367,24.901042302449543,0.0,1,0.00028356578,0
LR1502,Bokon,Sinoe,10364.0,139.3493694,2020,11,0,0,0.0,281.6812057495117,26.01070181528728,2020-11-01,0,74.37421528798106,0.0,0.0,453.33841705322266,25.6868855158488,0.0,0,0.00018006525,0
LR1502,Bokon,Sinoe,10364.0,139.3493694,2020,12,0,0,0.0,118.16113662719728,26.152326265970867,2020-12-01,0,74.37421528798106,0.0,0.0,281.6812057495117,26.01070181528728,0.0,0,0.00022421981,0
LR1502,Bokon,Sinoe,10364.0,139.3493694,2021,1,0,0,0.0,48.96535682678223,26.1547794342041,2021-01-01,0,74.37421528798106,0.0,0.0,118.16113662719728,26.152326265970867,0.0,0,0.0056790044,0
LR1502,Bokon,Sinoe,10364.0,139.3493694,2021,2,0,0,0.0,164.05349731445312,26.66010284423828,2021-02-01,0,74.37421528798106,0.0,0.0,48.96535682678223,26.1547794342041,0.0,0,4.721888e-06,0
LR1502,Bokon,Sinoe,10364.0,139.3493694,2021,3,0,0,0.0,226.6159896850586,26.04899406433105,2021-03-01,0,74.37421528798106,0.0,0.0,164.05349731445312,26.66010284423828,0.0,0,0.00052375626,0
LR1502,Bokon,Sinoe,10364.0,139.3493694,2021,4,0,0,0.0,165.28959274291992,26.63341840108236,2021-04-01,0,74.37421528798106,0.0,0.0,226.6159896850586,26.04899406433105,0.0,0,0.000114295115,0
LR1502,Bokon,Sinoe,10364.0,139.3493694,2021,5,0,0,0.0,247.6908226013184,26.59350363413493,2021-05-01,0,74.37421528798106,0.0,0.0,165.28959274291992,26.63341840108236,0.0,1,0.0009027136,0
LR1502,Bokon,Sinoe,10364.0,139.3493694,2021,6,0,0,0.0,685.5850677490234,25.84460926055908,2021-06-01,0,74.37421528798106,0.0,0.0,247.6908226013184,26.59350363413493,0.0,1,0.00045936895,0
LR1502,Bokon,Sinoe,10364.0,139.3493694,2021,7,0,0,0.0,281.27379608154297,24.7905387878418,2021-07-01,0,74.37421528798106,0.0,0.0,685.5850677490234,25.84460926055908,0.0,1,0.01466597,0
LR1502,Bokon,Sinoe,10364.0,139.3493694,2021,8,0,0,0.0,281.21897888183594,24.900080680847168,2021-08-01,0,74.37421528798106,0.0,0.0,281.27379608154297,24.7905387878418,0.0,1,0.0017452709,0
LR1502,Bokon,Sinoe,10364.0,139.3493694,2021,9,0,0,0.0,475.9644393920898,25.3037535349528,2021-09-01,0,74.37421528798106,0.0,0.0,281.21897888183594,24.900080680847168,0.0,1,0.00018805062,0
LR1502,Bokon,Sinoe,10364.0,139.3493694,2021,10,0,0,0.0,371.53836822509766,25.96944459279378,2021-10-01,0,74.37421528798106,0.0,0.0,475.9644393920898,25.3037535349528,0.0,1,0.00011004969,0
LR1502,Bokon,Sinoe,10364.0,139.3493694,2021,11,0,0,0.0,211.7544212341309,26.103996912638344,2021-11-01,0,74.37421528798106,0.0,0.0,371.53836822509766,25.96944459279378,0.0,0,0.00038478553,0
LR1502,Bokon,Sinoe,10364.0,139.3493694,2021,12,0,0,0.0,88.9527816772461,26.55480194091797,2021-12-01,0,74.37421528798106,0.0,0.0,211.7544212341309,26.103996912638344,0.0,0,5.7413432e-05,0
LR1502,Bokon,Sinoe,10364.0,139.3493694,2022,1,0,0,0.0,34.368218421936035,26.120649337768555,2022-01-01,0,74.37421528798106,0.0,0.0,88.9527816772461,26.55480194091797,0.0,0,0.00018406867,0
LR1502,Bokon,Sinoe,10364.0,139.3493694,2022,2,0,0,0.0,89.03215980529785,26.531371752421062,2022-02-01,0,74.37421528798106,0.0,0.0,34.368218421936035,26.120649337768555,0.0,0,3.046738e-06,0
LR1502,Bokon,Sinoe,10364.0,139.3493694,2022,3,0,0,0.0,199.55904006958008,26.335103352864586,2022-03-01,0,74.37421528798106,0.0,0.0,89.03215980529785,26.531371752421062,0.0,0,9.831482e-06,0
LR1502,Bokon,Sinoe,10364.0,139.3493694,2022,4,0,0,0.0,200.33677673339844,26.60648727416992,2022-04-01,0,74.37421528798106,0.0,0.0,199.55904006958008,26.335103352864586,0.0,0,0.00028776377,0
LR1502,Bokon,Sinoe,10364.0,139.3493694,2022,5,0,0,0.0,331.6895217895508,26.336883544921875,2022-05-01,0,74.37421528798106,0.0,0.0,200.33677673339844,26.60648727416992,0.0,1,0.0022490164,0
LR1502,Bokon,Sinoe,10364.0,139.3493694,2022,6,0,0,0.0,645.1819458007812,25.525723775227863,2022-06-01,0,74.37421528798106,0.0,0.0,331.6895217895508,26.336883544921875,0.0,1,0.005460608,0
LR1502,Bokon,Sinoe,10364.0,139.3493694,2022,7,0,0,0.0,65.07331085205078,24.423222223917644,2022-07-01,0,74.37421528798106,0.0,0.0,645.1819458007812,25.525723775227863,0.0,1,0.0009726783,0
LR1502,Bokon,Sinoe,10364.0,139.3493694,2022,8,0,0,0.0,135.4546127319336,24.24618371327718,2022-08-01,0,74.37421528798106,0.0,0.0,65.07331085205078,24.423222223917644,0.0,1,1.2169291e-05,0
LR1502,Bokon,Sinoe,10364.0,139.3493694,2022,9,0,0,0.0,321.5517044067383,24.697165489196777,2022-09-01,0,74.37421528798106,0.0,0.0,135.4546127319336,24.24618371327718,0.0,1,0.00058577297,0
LR1502,Bokon,Sinoe,10364.0,139.3493694,2022,10,0,0,0.0,416.1475677490234,25.72915236155192,2022-10-01,0,74.37421528798106,0.0,0.0,321.5517044067383,24.697165489196777,0.0,1,0.00013121298,0
LR1502,Bokon,Sinoe,10364.0,139.3493694,2022,11,0,0,0.0,316.8362350463867,25.8146915435791,2022-11-01,0,74.37421528798106,0.0,0.0,416.1475677490234,25.72915236155192,0.0,0,0.0003922878,0
LR1502,Bokon,Sinoe,10364.0,139.3493694,2022,12,0,0,0.0,124.94541931152344,25.976412455240887,2022-12-01,0,74.37421528798106,0.0,0.0,316.8362350463867,25.8146915435791,0.0,0,7.185054e-05,0
LR1502,Bokon,Sinoe,10364.0,139.3493694,2023,1,0,0,0.0,39.0620059967041,26.147379875183105,2023-01-01,0,74.37421528798106,0.0,0.0,124.94541931152344,25.976412455240887,0.0,0,0.013887926,0
LR1502,Bokon,Sinoe,10364.0,139.3493694,2023,2,0,0,0.0,65.41474533081055,26.831061999003094,2023-02-01,0,74.37421528798106,0.0,0.0,39.0620059967041,26.147379875183105,0.0,0,1.402317e-05,0
LR1503,Butaw,Sinoe,9760.0,241.97943403,2020,4,0,0,0.0,183.3828386579241,27.342674016952515,2020-04-01,0,40.33400623124848,0.0,0.0,314.65364728655135,27.375689029693604,0.0,0,0.0005461466,0
LR1503,Butaw,Sinoe,9760.0,241.97943403,2020,5,0,0,0.0,540.5686994280134,27.09515905380249,2020-05-01,0,40.33400623124848,0.0,0.0,183.3828386579241,27.342674016952515,0.0,1,0.0010825539,0
LR1503,Butaw,Sinoe,9760.0,241.97943403,2020,6,1,1,10.245901639344265,779.6326729910714,25.970582008361816,2020-06-01,0,40.33400623124848,0.0,0.0,540.5686994280134,27.09515905380249,0.0,1,0.0015936513,0
LR1503,Butaw,Sinoe,9760.0,241.97943403,2020,7,0,0,0.0,174.23844255719868,24.9090576171875,2020-07-01,0,40.33400623124848,1.0,10.245901639344265,779.6326729910714,25.970582008361816,0.3333333333333333,1,0.006400615,0
LR1503,Butaw,Sinoe,9760.0,241.97943403,2020,8,0,0,0.0,83.87321036202567,24.677550077438354,2020-08-01,0,40.33400623124848,0.0,0.0,174.23844255719868,24.9090576171875,0.3333333333333333,1,0.00012787704,0
LR1503,Butaw,Sinoe,9760.0,241.97943403,2020,9,0,0,0.0,589.2015293666294,25.26489353179932,2020-09-01,0,40.33400623124848,0.0,0.0,83.87321036202567,24.677550077438354,0.3333333333333333,1,8.938078e-05,0
LR1503,Butaw,Sinoe,9760.0,241.97943403,2020,10,0,0,0.0,509.3575788225446,26.051870346069336,2020-10-01,0,40.33400623124848,0.0,0.0,589.2015293666294,25.26489353179932,0.0,1,0.0001520268,0
LR1503,Butaw,Sinoe,9760.0,241.97943403,2020,11,0,0,0.0,275.5752868652344,26.37459397315979,2020-11-01,0,40.33400623124848,0.0,0.0,509.3575788225446,26.051870346069336,0.0,0,0.00011272663,0
LR1503,Butaw,Sinoe,9760.0,241.97943403,2020,12,0,0,0.0,132.52179173060827,26.522024393081665,2020-12-01,0,40.33400623124848,0.0,0.0,275.5752868652344,26.37459397315979,0.0,0,0.00026898913,0
LR1503,Butaw,Sinoe,9760.0,241.97943403,2021,1,0,0,0.0,44.23375047956195,26.53726077079773,2021-01-01,0,40.33400623124848,0.0,0.0,132.52179173060827,26.522024393081665,0.0,0,0.0004971528,0
LR1503,Butaw,Sinoe,9760.0,241.97943403,2021,2,0,0,0.0,175.56388636997767,27.08899259567261,2021-02-01,0,40.33400623124848,0.0,0.0,44.23375047956195,26.53726077079773,0.0,0,5.336822e-06,0
LR1503,Butaw,Sinoe,9760.0,241.97943403,2021,3,0,0,0.0,299.4759281703404,26.42184853553772,2021-03-01,0,40.33400623124848,0.0,0.0,175.56388636997767,27.08899259567261,0.0,0,7.45563e-05,0
LR1503,Butaw,Sinoe,9760.0,241.97943403,2021,4,0,0,0.0,158.95246015276226,27.032206296920776,2021-04-01,0,40.33400623124848,0.0,0.0,299.4759281703404,26.42184853553772,0.0,0,0.00054928125,0
LR1503,Butaw,Sinoe,9760.0,241.97943403,2021,5,0,0,0.0,393.15442330496654,27.041596174240112,2021-05-01,0,40.33400623124848,0.0,0.0,158.95246015276226,27.032206296920776,0.0,1,0.00015790218,0
LR1503,Butaw,Sinoe,9760.0,241.97943403,2021,6,4,4,40.98360655737705,906.2760096958704,26.23689985275269,2021-06-01,0,40.33400623124848,0.0,0.0,393.15442330496654,27.041596174240112,0.0,1,0.01096227,0
LR1503,Butaw,Sinoe,9760.0,241.97943403,2021,7,1,1,10.245901639344265,345.0449741908482,25.317325592041016,2021-07-01,0,40.33400623124848,4.0,40.98360655737705,906.2760096958704,26.23689985275269,1.3333333333333333,1,0.03007572,0
LR1503,Butaw,Sinoe,9760.0,241.97943403,2021,8,0,0,0.0,297.85555158342635,25.380751371383667,2021-08-01,0,40.33400623124848,1.0,10.245901639344265,345.0449741908482,25.317325592041016,1.6666666666666667,1,0.0005691173,0
LR1503,Butaw,Sinoe,9760.0,241.97943403,2021,9,0,0,0.0,826.5023803710936,25.65738797187805,2021-09-01,0,40.33400623124848,0.0,0.0,297.85555158342635,25.380751371383667,1.6666666666666667,1,0.0036602153,0
LR1503,Butaw,Sinoe,9760.0,241.97943403,2021,10,0,0,0.0,482.67181396484375,26.374121189117428,2021-10-01,0,40.33400623124848,0.0,0.0,826.5023803710936,25.65738797187805,0.3333333333333333,1,0.0034980853,0
LR1503,Butaw,Sinoe,9760.0,241.97943403,2021,11,0,0,0.0,254.305167061942,26.51980447769165,2021-11-01,0,40.33400623124848,0.0,0.0,482.67181396484375,26.374121189117428,0.0,0,0.0002671044,0
LR1503,Butaw,Sinoe,9760.0,241.97943403,2021,12,1,1,10.245901639344265,86.48504420689173,26.903303623199463,2021-12-01,0,40.33400623124848,0.0,0.0,254.305167061942,26.51980447769165,0.0,0,8.952733e-05,0
LR1503,Butaw,Sinoe,9760.0,241.97943403,2022,1,0,0,0.0,32.36527688162668,26.59947371482849,2022-01-01,0,40.33400623124848,1.0,10.245901639344265,86.48504420689173,26.903303623199463,0.3333333333333333,0,0.0012419849,0
LR1503,Butaw,Sinoe,9760.0,241.97943403,2022,2,0,0,0.0,116.0707048688616,26.961391925811768,2022-02-01,0,40.33400623124848,0.0,0.0,32.36527688162668,26.59947371482849,0.3333333333333333,0,2.5938647e-05,0
LR1503,Butaw,Sinoe,9760.0,241.97943403,2022,3,0,0,0.0,204.97415161132807,26.71554040908813,2022-03-01,0,40.33400623124848,0.0,0.0,116.0707048688616,26.961391925811768,0.3333333333333333,0,0.00035200745,0
LR1503,Butaw,Sinoe,9760.0,241.97943403,2022,4,0,0,0.0,201.4493626185826,27.04822874069214,2022-04-01,0,40.33400623124848,0.0,0.0,204.97415161132807,26.71554040908813,0.0,0,0.000109229186,0
LR1503,Butaw,Sinoe,9760.0,241.97943403,2022,5,0,0,0.0,526.164036342076,26.83526396751404,2022-05-01,0,40.33400623124848,0.0,0.0,201.4493626185826,27.04822874069214,0.0,1,0.00031145682,0
LR1503,Butaw,Sinoe,9760.0,241.97943403,2022,6,0,0,0.0,960.735866001674,25.99620413780212,2022-06-01,0,40.33400623124848,0.0,0.0,526.164036342076,26.83526396751404,0.0,1,0.0015748581,0
LR1503,Butaw,Sinoe,9760.0,241.97943403,2022,7,0,0,0.0,78.97018868582589,24.955199718475345,2022-07-01,0,40.33400623124848,0.0,0.0,960.735866001674,25.99620413780212,0.0,1,0.00016000344,0
LR1503,Butaw,Sinoe,9760.0,241.97943403,2022,8,0,0,0.0,207.01778084891183,24.686836719512943,2022-08-01,0,40.33400623124848,0.0,0.0,78.97018868582589,24.955199718475345,0.0,1,9.8812625e-06,0
LR1503,Butaw,Sinoe,9760.0,241.97943403,2022,9,0,0,0.0,567.01318359375,25.107542753219604,2022-09-01,0,40.33400623124848,0.0,0.0,207.01778084891183,24.686836719512943,0.0,1,1.257485e-05,0
LR1503,Butaw,Sinoe,9760.0,241.97943403,2022,10,0,0,0.0,455.5219944545201,26.06162118911743,2022-10-01,0,40.33400623124848,0.0,0.0,567.01318359375,25.107542753219604,0.0,1,6.0205042e-05,0
LR1503,Butaw,Sinoe,9760.0,241.97943403,2022,11,0,0,0.0,333.06213378906256,26.122673273086548,2022-11-01,0,40.33400623124848,0.0,0.0,455.5219944545201,26.06162118911743,0.0,0,0.0009891914,0
LR1503,Butaw,Sinoe,9760.0,241.97943403,2022,12,0,0,0.0,107.90093340192524,26.306883573532104,2022-12-01,0,40.33400623124848,0.0,0.0,333.06213378906256,26.122673273086548,0.0,0,3.5995232e-05,0
LR1503,Butaw,Sinoe,9760.0,241.97943403,2023,1,0,0,0.0,30.113064629690985,26.468382120132443,2023-01-01,0,40.33400623124848,0.0,0.0,107.90093340192524,26.306883573532104,0.0,0,5.9143593e-05,0
LR1503,Butaw,Sinoe,9760.0,241.97943403,2023,2,0,0,0.0,70.68669782366071,27.120052337646484,2023-02-01,0,40.33400623124848,0.0,0.0,30.113064629690985,26.468382120132443,0.0,0,1.6930955e-05,0
LR1504,Dugbe River,Sinoe,17478.0,674.03957168,2020,4,0,0,0.0,178.4681838186164,27.21212577819824,2020-04-01,0,25.93022833427601,0.0,0.0,261.2067477577611,27.23673595081676,0.0,0,0.00060107495,0
LR1504,Dugbe River,Sinoe,17478.0,674.03957168,2020,5,0,0,0.0,374.0104129188939,26.93450251492587,2020-05-01,0,25.93022833427601,0.0,0.0,178.4681838186164,27.21212577819824,0.0,1,0.00041912135,0
LR1504,Dugbe River,Sinoe,17478.0,674.03957168,2020,6,0,0,0.0,558.4354842336555,25.7227765863592,2020-06-01,0,25.93022833427601,0.0,0.0,374.0104129188939,26.93450251492587,0.0,1,0.0056645903,0
LR1504,Dugbe River,Sinoe,17478.0,674.03957168,2020,7,0,0,0.0,153.5661532753392,24.744004769758742,2020-07-01,0,25.93022833427601,0.0,0.0,558.4354842336555,25.7227765863592,0.0,1,0.0014315908,0
LR1504,Dugbe River,Sinoe,17478.0,674.03957168,2020,8,0,0,0.0,87.46430487381785,24.575840343128554,2020-08-01,0,25.93022833427601,0.0,0.0,153.5661532753392,24.744004769758742,0.0,1,4.521511e-05,0
LR1504,Dugbe River,Sinoe,17478.0,674.03957168,2020,9,0,0,0.0,421.2216138337788,25.13536687330766,2020-09-01,0,25.93022833427601,0.0,0.0,87.46430487381785,24.575840343128554,0.0,1,6.106904e-05,0
LR1504,Dugbe River,Sinoe,17478.0,674.03957168,2020,10,0,0,0.0,483.17302503083874,25.89165895635432,2020-10-01,0,25.93022833427601,0.0,0.0,421.2216138337788,25.13536687330766,0.0,1,0.00011850875,0
LR1504,Dugbe River,Sinoe,17478.0,674.03957168,2020,11,0,0,0.0,270.9803402549342,26.24815663424405,2020-11-01,0,25.93022833427601,0.0,0.0,483.17302503083874,25.89165895635432,0.0,0,0.00014436762,0
LR1504,Dugbe River,Sinoe,17478.0,674.03957168,2020,12,0,0,0.0,124.6427664505808,26.40592913194136,2020-12-01,0,25.93022833427601,0.0,0.0,270.9803402549342,26.24815663424405,0.0,0,8.7018794e-05,0
LR1504,Dugbe River,Sinoe,17478.0,674.03957168,2021,1,0,0,0.0,43.26899879857114,26.44483739679509,2021-01-01,0,25.93022833427601,0.0,0.0,124.6427664505808,26.40592913194136,0.0,0,0.00046804067,0
LR1504,Dugbe River,Sinoe,17478.0,674.03957168,2021,2,0,0,0.0,149.1423106946443,26.99944903633812,2021-02-01,0,25.93022833427601,0.0,0.0,43.26899879857114,26.44483739679509,0.0,0,6.6306284e-06,0
LR1504,Dugbe River,Sinoe,17478.0,674.03957168,2021,3,0,0,0.0,200.39354745965247,26.30468966744163,2021-03-01,0,25.93022833427601,0.0,0.0,149.1423106946443,26.99944903633812,0.0,0,3.2110715e-05,0
LR1504,Dugbe River,Sinoe,17478.0,674.03957168,2021,4,0,0,0.0,150.97203706440175,26.89718567241321,2021-04-01,0,25.93022833427601,0.0,0.0,200.39354745965247,26.30468966744163,0.0,0,3.282071e-05,0
LR1504,Dugbe River,Sinoe,17478.0,674.03957168,2021,5,0,0,0.0,281.31742778577296,26.883561221036043,2021-05-01,0,25.93022833427601,0.0,0.0,150.97203706440175,26.89718567241321,0.0,1,5.7450456e-05,0
LR1504,Dugbe River,Sinoe,17478.0,674.03957168,2021,6,0,0,0.0,748.937907971834,26.093223745172672,2021-06-01,0,25.93022833427601,0.0,0.0,281.31742778577296,26.883561221036043,0.0,1,0.013821715,0
LR1504,Dugbe River,Sinoe,17478.0,674.03957168,2021,7,0,0,0.0,309.00141505191203,25.09894847869873,2021-07-01,0,25.93022833427601,0.0,0.0,748.937907971834,26.093223745172672,0.0,1,0.0007134278,0
LR1504,Dugbe River,Sinoe,17478.0,674.03957168,2021,8,0,0,0.0,308.3615433542352,25.217029311440207,2021-08-01,0,25.93022833427601,0.0,0.0,309.00141505191203,25.09894847869873,0.0,1,0.00039699167,0
LR1504,Dugbe River,Sinoe,17478.0,674.03957168,2021,9,0,0,0.0,549.6162350303248,25.52305577018044,2021-09-01,0,25.93022833427601,0.0,0.0,308.3615433542352,25.217029311440207,0.0,1,0.0006364635,0
LR1504,Dugbe River,Sinoe,17478.0,674.03957168,2021,10,0,0,0.0,365.47587986996297,26.221155686811965,2021-10-01,0,25.93022833427601,0.0,0.0,549.6162350303248,25.52305577018044,0.0,1,7.8068806e-05,0
LR1504,Dugbe River,Sinoe,17478.0,674.03957168,2021,11,0,0,0.0,230.78261445697987,26.358097249811347,2021-11-01,0,25.93022833427601,0.0,0.0,365.47587986996297,26.221155686811965,0.0,0,0.0011835363,0
LR1504,Dugbe River,Sinoe,17478.0,674.03957168,2021,12,0,0,0.0,88.86977988795232,26.83248320492832,2021-12-01,0,25.93022833427601,0.0,0.0,230.78261445697987,26.358097249811347,0.0,0,3.418115e-05,0
LR1504,Dugbe River,Sinoe,17478.0,674.03957168,2022,1,0,0,0.0,29.972256108334182,26.51836265217173,2022-01-01,0,25.93022833427601,0.0,0.0,88.86977988795232,26.83248320492832,0.0,0,9.362297e-05,0
LR1504,Dugbe River,Sinoe,17478.0,674.03957168,2022,2,0,0,0.0,92.1803532650596,26.85811493613503,2022-02-01,0,25.93022833427601,0.0,0.0,29.972256108334182,26.51836265217173,0.0,0,3.349551e-06,0
LR1504,Dugbe River,Sinoe,17478.0,674.03957168,2022,3,0,0,0.0,176.84485345137747,26.570116563276816,2022-03-01,0,25.93022833427601,0.0,0.0,92.1803532650596,26.85811493613503,0.0,0,7.0106207e-06,0
LR1504,Dugbe River,Sinoe,17478.0,674.03957168,2022,4,0,0,0.0,192.25942993164065,26.902859774502843,2022-04-01,0,25.93022833427601,0.0,0.0,176.84485345137747,26.570116563276816,0.0,0,4.937007e-05,0
LR1504,Dugbe River,Sinoe,17478.0,674.03957168,2022,5,0,0,0.0,379.983303672389,26.645312569358136,2022-05-01,0,25.93022833427601,0.0,0.0,192.25942993164065,26.902859774502843,0.0,1,0.00023894919,0
LR1504,Dugbe River,Sinoe,17478.0,674.03957168,2022,6,0,0,0.0,687.7988602487665,25.81717109680176,2022-06-01,0,25.93022833427601,0.0,0.0,379.983303672389,26.645312569358136,0.0,1,0.003943872,0
LR1504,Dugbe River,Sinoe,17478.0,674.03957168,2022,7,0,0,0.0,77.23076308401008,24.72993191805753,2022-07-01,0,25.93022833427601,0.0,0.0,687.7988602487665,25.81717109680176,0.0,1,0.001967666,0
LR1504,Dugbe River,Sinoe,17478.0,674.03957168,2022,8,0,0,0.0,116.29386179070724,24.5225981799039,2022-08-01,0,25.93022833427601,0.0,0.0,77.23076308401008,24.72993191805753,0.0,1,2.4917163e-05,0
LR1504,Dugbe River,Sinoe,17478.0,674.03957168,2022,9,0,0,0.0,314.51980751439146,24.94216199354692,2022-09-01,0,25.93022833427601,0.0,0.0,116.29386179070724,24.5225981799039,0.0,1,0.0013528146,0
LR1504,Dugbe River,Sinoe,17478.0,674.03957168,2022,10,0,0,0.0,406.2979029605264,25.94285366751931,2022-10-01,0,25.93022833427601,0.0,0.0,314.51980751439146,24.94216199354692,0.0,1,0.00038500712,0
LR1504,Dugbe River,Sinoe,17478.0,674.03957168,2022,11,0,0,0.0,313.2836689196134,26.07389493422075,2022-11-01,0,25.93022833427601,0.0,0.0,406.2979029605264,25.94285366751931,0.0,0,0.0018698509,0
LR1504,Dugbe River,Sinoe,17478.0,674.03957168,2022,12,0,0,0.0,118.30279741789168,26.30157071893866,2022-12-01,0,25.93022833427601,0.0,0.0,313.2836689196134,26.07389493422075,0.0,0,2.8304006e-05,0
LR1504,Dugbe River,Sinoe,17478.0,674.03957168,2023,1,0,0,0.0,34.489479868035566,26.564104600386184,2023-01-01,0,25.93022833427601,0.0,0.0,118.30279741789168,26.30157071893866,0.0,0,0.0005269488,0
LR1504,Dugbe River,Sinoe,17478.0,674.03957168,2023,2,0,0,0.0,63.07080298975894,27.13554018194025,2023-02-01,0,25.93022833427601,0.0,0.0,34.489479868035566,26.564104600386184,0.0,0,2.7236269e-05,0
LR1505,Greenville,Sinoe,28503.0,83.64755527,2020,4,1,1,3.5084026242851625,174.71388244628906,27.352107048034668,2020-04-01,0,340.7511421941405,0.0,0.0,281.58380126953125,27.37890148162841,0.0,0,0.013744182,0
LR1505,Greenville,Sinoe,28503.0,83.64755527,2020,5,1,1,3.5084026242851625,517.5348510742188,27.10265254974365,2020-05-01,0,340.7511421941405,1.0,3.5084026242851625,174.71388244628906,27.352107048034668,0.5,1,0.061721705,0
LR1505,Greenville,Sinoe,28503.0,83.64755527,2020,6,0,0,0.0,732.396484375,25.96836948394776,2020-06-01,0,340.7511421941405,1.0,3.5084026242851625,517.5348510742188,27.10265254974365,0.6666666666666666,1,0.013938247,0
LR1505,Greenville,Sinoe,28503.0,83.64755527,2020,7,2,2,7.016805248570325,153.67933146158853,24.91643142700196,2020-07-01,0,340.7511421941405,0.0,0.0,732.396484375,25.96836948394776,0.6666666666666666,1,0.03781518,0
LR1505,Greenville,Sinoe,28503.0,83.64755527,2020,8,0,0,0.0,81.42887115478516,24.691022872924805,2020-08-01,0,340.7511421941405,2.0,7.016805248570325,153.67933146158853,24.91643142700196,1.0,1,0.00048030893,0
LR1505,Greenville,Sinoe,28503.0,83.64755527,2020,9,0,0,0.0,573.7037963867188,25.27016925811768,2020-09-01,0,340.7511421941405,0.0,0.0,81.42887115478516,24.691022872924805,0.6666666666666666,1,0.00027132014,0
LR1505,Greenville,Sinoe,28503.0,83.64755527,2020,10,0,0,0.0,537.7351684570312,26.05398368835449,2020-10-01,0,340.7511421941405,0.0,0.0,573.7037963867188,25.27016925811768,0.6666666666666666,1,0.002381468,0
LR1505,Greenville,Sinoe,28503.0,83.64755527,2020,11,0,0,0.0,271.34136962890625,26.38017177581787,2020-11-01,0,340.7511421941405,0.0,0.0,537.7351684570312,26.05398368835449,0.0,0,0.000920328,0
LR1505,Greenville,Sinoe,28503.0,83.64755527,2020,12,0,0,0.0,128.03024291992188,26.526365280151367,2020-12-01,0,340.7511421941405,0.0,0.0,271.34136962890625,26.38017177581787,0.0,0,0.0014851041,0
LR1505,Greenville,Sinoe,28503.0,83.64755527,2021,1,0,0,0.0,48.40337626139323,26.55041885375977,2021-01-01,0,340.7511421941405,0.0,0.0,128.03024291992188,26.526365280151367,0.0,0,0.03161255,0
LR1505,Greenville,Sinoe,28503.0,83.64755527,2021,2,0,0,0.0,191.3628896077474,27.098630905151367,2021-02-01,0,340.7511421941405,0.0,0.0,48.40337626139323,26.55041885375977,0.0,0,9.376646e-05,0
LR1505,Greenville,Sinoe,28503.0,83.64755527,2021,3,0,0,0.0,253.12943522135416,26.42984771728516,2021-03-01,0,340.7511421941405,0.0,0.0,191.3628896077474,27.098630905151367,0.0,0,0.005254286,0
LR1505,Greenville,Sinoe,28503.0,83.64755527,2021,4,0,0,0.0,156.84125773111978,27.04102897644043,2021-04-01,0,340.7511421941405,0.0,0.0,253.12943522135416,26.42984771728516,0.0,0,0.0026484444,0
LR1505,Greenville,Sinoe,28503.0,83.64755527,2021,5,0,0,0.0,379.13576253255206,27.04910373687744,2021-05-01,0,340.7511421941405,0.0,0.0,156.84125773111978,27.04102897644043,0.0,1,0.009405683,0
LR1505,Greenville,Sinoe,28503.0,83.64755527,2021,6,1,1,3.5084026242851625,903.91259765625,26.245518684387207,2021-06-01,0,340.7511421941405,0.0,0.0,379.13576253255206,27.04910373687744,0.0,1,0.0382356,0
LR1505,Greenville,Sinoe,28503.0,83.64755527,2021,7,0,0,0.0,326.1702372233073,25.31990146636963,2021-07-01,0,340.7511421941405,1.0,3.5084026242851625,903.91259765625,26.245518684387207,0.3333333333333333,1,0.016877228,0
LR1505,Greenville,Sinoe,28503.0,83.64755527,2021,8,0,0,0.0,326.34914143880206,25.387694358825684,2021-08-01,0,340.7511421941405,0.0,0.0,326.1702372233073,25.31990146636963,0.3333333333333333,1,0.0038332974,0
LR1505,Greenville,Sinoe,28503.0,83.64755527,2021,9,0,0,0.0,804.1292724609375,25.664626121521,2021-09-01,0,340.7511421941405,0.0,0.0,326.34914143880206,25.387694358825684,0.3333333333333333,1,0.0027313682,0
LR1505,Greenville,Sinoe,28503.0,83.64755527,2021,10,0,0,0.0,487.1002909342448,26.3806095123291,2021-10-01,0,340.7511421941405,0.0,0.0,804.1292724609375,25.664626121521,0.0,1,0.0032259247,0
LR1505,Greenville,Sinoe,28503.0,83.64755527,2021,11,0,0,0.0,240.8992462158203,26.520219802856445,2021-11-01,0,340.7511421941405,0.0,0.0,487.1002909342448,26.3806095123291,0.0,0,0.0016022262,0
LR1505,Greenville,Sinoe,28503.0,83.64755527,2021,12,0,0,0.0,91.37357076009114,26.914779663085938,2021-12-01,0,340.7511421941405,0.0,0.0,240.8992462158203,26.520219802856445,0.0,0,0.0014310183,0
LR1505,Greenville,Sinoe,28503.0,83.64755527,2022,1,0,0,0.0,32.068373362223305,26.622960090637207,2022-01-01,0,340.7511421941405,0.0,0.0,91.37357076009114,26.914779663085938,0.0,0,0.001796209,0
LR1505,Greenville,Sinoe,28503.0,83.64755527,2022,2,0,0,0.0,114.67416381835938,26.970462799072266,2022-02-01,0,340.7511421941405,0.0,0.0,32.068373362223305,26.622960090637207,0.0,0,0.00012318954,0
LR1505,Greenville,Sinoe,28503.0,83.64755527,2022,3,0,0,0.0,177.51558939615884,26.71689796447754,2022-03-01,0,340.7511421941405,0.0,0.0,114.67416381835938,26.970462799072266,0.0,0,0.00027620344,0
LR1505,Greenville,Sinoe,28503.0,83.64755527,2022,4,0,0,0.0,200.3370005289713,27.05568027496338,2022-04-01,0,340.7511421941405,0.0,0.0,177.51558939615884,26.71689796447754,0.0,0,0.0059140227,0
LR1505,Greenville,Sinoe,28503.0,83.64755527,2022,5,0,0,0.0,502.2460123697917,26.83722305297852,2022-05-01,0,340.7511421941405,0.0,0.0,200.3370005289713,27.05568027496338,0.0,1,0.029479004,0
LR1505,Greenville,Sinoe,28503.0,83.64755527,2022,6,0,0,0.0,892.8956502278646,26.00254535675049,2022-06-01,0,340.7511421941405,0.0,0.0,502.2460123697917,26.83722305297852,0.0,1,0.015654285,0
LR1505,Greenville,Sinoe,28503.0,83.64755527,2022,7,0,0,0.0,72.86452992757161,24.95489883422852,2022-07-01,0,340.7511421941405,0.0,0.0,892.8956502278646,26.00254535675049,0.0,1,0.003808038,0
LR1505,Greenville,Sinoe,28503.0,83.64755527,2022,8,0,0,0.0,203.73654174804688,24.68952369689941,2022-08-01,0,340.7511421941405,0.0,0.0,72.86452992757161,24.95489883422852,0.0,1,4.1560223e-05,0
LR1505,Greenville,Sinoe,28503.0,83.64755527,2022,9,0,0,0.0,527.6285298665365,25.11195182800293,2022-09-01,0,340.7511421941405,0.0,0.0,203.73654174804688,24.68952369689941,0.0,1,0.0005956205,0
LR1505,Greenville,Sinoe,28503.0,83.64755527,2022,10,0,0,0.0,468.6014607747396,26.068819999694824,2022-10-01,0,340.7511421941405,0.0,0.0,527.6285298665365,25.11195182800293,0.0,1,0.00017248552,0
LR1505,Greenville,Sinoe,28503.0,83.64755527,2022,11,0,0,0.0,310.3749287923177,26.13441371917725,2022-11-01,0,340.7511421941405,0.0,0.0,468.6014607747396,26.068819999694824,0.0,0,0.0041607837,0
LR1505,Greenville,Sinoe,28503.0,83.64755527,2022,12,0,0,0.0,105.79325103759766,26.33196258544922,2022-12-01,0,340.7511421941405,0.0,0.0,310.3749287923177,26.13441371917725,0.0,0,0.0004949178,0
LR1505,Greenville,Sinoe,28503.0,83.64755527,2023,1,0,0,0.0,31.3549296061198,26.51082801818848,2023-01-01,0,340.7511421941405,0.0,0.0,105.79325103759766,26.33196258544922,0.0,0,0.0025686913,0
LR1505,Greenville,Sinoe,28503.0,83.64755527,2023,2,0,0,0.0,70.18702189127605,27.13932514190674,2023-02-01,0,340.7511421941405,0.0,0.0,31.3549296061198,26.51082801818848,0.0,0,0.00012936917,0
LR1506,Jaedae,Sinoe,6831.0,292.82747216,2020,4,0,0,0.0,202.16207377115887,26.93320121765137,2020-04-01,0,23.32772929265176,0.0,0.0,298.9719746907552,26.94595031738281,0.0,0,0.0012738063,0
LR1506,Jaedae,Sinoe,6831.0,292.82747216,2020,5,0,0,0.0,323.59782240125867,26.668242073059087,2020-05-01,0,23.32772929265176,0.0,0.0,202.16207377115887,26.93320121765137,0.0,1,9.477941e-05,0
LR1506,Jaedae,Sinoe,6831.0,292.82747216,2020,6,0,0,0.0,540.6127861870659,25.45848789215088,2020-06-01,0,23.32772929265176,0.0,0.0,323.59782240125867,26.668242073059087,0.0,1,0.00093317067,0
LR1506,Jaedae,Sinoe,6831.0,292.82747216,2020,7,0,0,0.0,139.28360239664713,24.458337020874023,2020-07-01,0,23.32772929265176,0.0,0.0,540.6127861870659,25.45848789215088,0.0,1,0.0042780135,0
LR1506,Jaedae,Sinoe,6831.0,292.82747216,2020,8,0,0,0.0,91.77395545111762,24.26746025085449,2020-08-01,0,23.32772929265176,0.0,0.0,139.28360239664713,24.458337020874023,0.0,1,0.0001697814,0
LR1506,Jaedae,Sinoe,6831.0,292.82747216,2020,9,0,0,0.0,414.2799818250868,24.90302467346192,2020-09-01,0,23.32772929265176,0.0,0.0,91.77395545111762,24.26746025085449,0.0,1,0.0003252581,0
LR1506,Jaedae,Sinoe,6831.0,292.82747216,2020,10,0,0,0.0,440.2974989149305,25.68142890930176,2020-10-01,0,23.32772929265176,0.0,0.0,414.2799818250868,24.90302467346192,0.0,1,0.000740748,0
LR1506,Jaedae,Sinoe,6831.0,292.82747216,2020,11,0,0,0.0,264.7624918619792,26.011365509033205,2020-11-01,0,23.32772929265176,0.0,0.0,440.2974989149305,25.68142890930176,0.0,0,9.296322e-05,0
LR1506,Jaedae,Sinoe,6831.0,292.82747216,2020,12,0,0,0.0,127.25860595703124,26.15209903717041,2020-12-01,0,23.32772929265176,0.0,0.0,264.7624918619792,26.011365509033205,0.0,0,9.923218e-05,0
LR1506,Jaedae,Sinoe,6831.0,292.82747216,2021,1,0,0,0.0,42.82426749335395,26.143886566162102,2021-01-01,0,23.32772929265176,0.0,0.0,127.25860595703124,26.15209903717041,0.0,0,0.0009544852,0
LR1506,Jaedae,Sinoe,6831.0,292.82747216,2021,2,0,0,0.0,175.3325720893012,26.67249183654785,2021-02-01,0,23.32772929265176,0.0,0.0,42.82426749335395,26.143886566162102,0.0,0,2.237451e-06,0
LR1506,Jaedae,Sinoe,6831.0,292.82747216,2021,3,0,0,0.0,238.47874959309897,26.047169494628903,2021-03-01,0,23.32772929265176,0.0,0.0,175.3325720893012,26.67249183654785,0.0,0,2.8860146e-05,0
LR1506,Jaedae,Sinoe,6831.0,292.82747216,2021,4,0,0,0.0,171.84778849283853,26.623737144470216,2021-04-01,0,23.32772929265176,0.0,0.0,238.47874959309897,26.047169494628903,0.0,0,5.14325e-05,0
LR1506,Jaedae,Sinoe,6831.0,292.82747216,2021,5,0,0,0.0,256.6521165635851,26.58902778625488,2021-05-01,0,23.32772929265176,0.0,0.0,171.84778849283853,26.623737144470216,0.0,1,4.7175945e-05,0
LR1506,Jaedae,Sinoe,6831.0,292.82747216,2021,6,0,0,0.0,693.0804104275174,25.83376655578613,2021-06-01,0,23.32772929265176,0.0,0.0,256.6521165635851,26.58902778625488,0.0,1,0.00044575345,0
LR1506,Jaedae,Sinoe,6831.0,292.82747216,2021,7,0,0,0.0,263.98594156901044,24.788184547424315,2021-07-01,0,23.32772929265176,0.0,0.0,693.0804104275174,25.83376655578613,0.0,1,0.0014892401,0
LR1506,Jaedae,Sinoe,6831.0,292.82747216,2021,8,0,0,0.0,271.5243021647136,24.903113937377928,2021-08-01,0,23.32772929265176,0.0,0.0,263.98594156901044,24.788184547424315,0.0,1,0.0013028627,0
LR1506,Jaedae,Sinoe,6831.0,292.82747216,2021,9,0,0,0.0,504.2771979437934,25.295385742187506,2021-09-01,0,23.32772929265176,0.0,0.0,271.5243021647136,24.903113937377928,0.0,1,8.5423286e-05,0
LR1506,Jaedae,Sinoe,6831.0,292.82747216,2021,10,0,0,0.0,348.37757364908856,25.96902961730957,2021-10-01,0,23.32772929265176,0.0,0.0,504.2771979437934,25.295385742187506,0.0,1,3.7215836e-05,0
LR1506,Jaedae,Sinoe,6831.0,292.82747216,2021,11,0,0,0.0,207.9330308702257,26.10750617980957,2021-11-01,0,23.32772929265176,0.0,0.0,348.37757364908856,25.96902961730957,0.0,0,0.000124144,0
LR1506,Jaedae,Sinoe,6831.0,292.82747216,2021,12,0,0,0.0,87.29719628228082,26.545068550109864,2021-12-01,0,23.32772929265176,0.0,0.0,207.9330308702257,26.10750617980957,0.0,0,8.1675535e-06,0
LR1506,Jaedae,Sinoe,6831.0,292.82747216,2022,1,0,0,0.0,32.784431881374786,26.09025497436524,2022-01-01,0,23.32772929265176,0.0,0.0,87.29719628228082,26.545068550109864,0.0,0,0.00012472495,0
LR1506,Jaedae,Sinoe,6831.0,292.82747216,2022,2,0,0,0.0,91.76714833577476,26.53590106964112,2022-02-01,0,23.32772929265176,0.0,0.0,32.784431881374786,26.09025497436524,0.0,0,1.1190069e-06,0
LR1506,Jaedae,Sinoe,6831.0,292.82747216,2022,3,0,0,0.0,197.67105102539065,26.338406562805176,2022-03-01,0,23.32772929265176,0.0,0.0,91.76714833577476,26.53590106964112,0.0,0,4.332897e-06,0
LR1506,Jaedae,Sinoe,6831.0,292.82747216,2022,4,0,0,0.0,212.8379686143663,26.60402565002441,2022-04-01,0,23.32772929265176,0.0,0.0,197.67105102539065,26.338406562805176,0.0,0,0.00014821377,0
LR1506,Jaedae,Sinoe,6831.0,292.82747216,2022,5,0,0,0.0,340.81547715928826,26.341771507263186,2022-05-01,0,23.32772929265176,0.0,0.0,212.8379686143663,26.60402565002441,0.0,1,0.0005181901,0
LR1506,Jaedae,Sinoe,6831.0,292.82747216,2022,6,0,0,0.0,630.4179890950521,25.525274658203127,2022-06-01,0,23.32772929265176,0.0,0.0,340.81547715928826,26.341771507263186,0.0,1,0.0030846028,0
LR1506,Jaedae,Sinoe,6831.0,292.82747216,2022,7,0,0,0.0,62.51165050930448,24.432880210876466,2022-07-01,0,23.32772929265176,0.0,0.0,630.4179890950521,25.525274658203127,0.0,1,0.004183267,0
LR1506,Jaedae,Sinoe,6831.0,292.82747216,2022,8,0,0,0.0,149.71526590983072,24.250393104553225,2022-08-01,0,23.32772929265176,0.0,0.0,62.51165050930448,24.432880210876466,0.0,1,4.2730066e-05,0
LR1506,Jaedae,Sinoe,6831.0,292.82747216,2022,9,0,0,0.0,314.4892340766059,24.69756145477295,2022-09-01,0,23.32772929265176,0.0,0.0,149.71526590983072,24.250393104553225,0.0,1,0.002224593,0
LR1506,Jaedae,Sinoe,6831.0,292.82747216,2022,10,0,0,0.0,400.47542995876734,25.72410030364989,2022-10-01,0,23.32772929265176,0.0,0.0,314.4892340766059,24.69756145477295,0.0,1,0.00012574812,0
LR1506,Jaedae,Sinoe,6831.0,292.82747216,2022,11,0,0,0.0,302.3919881184896,25.81075916290284,2022-11-01,0,23.32772929265176,0.0,0.0,400.47542995876734,25.72410030364989,0.0,0,8.27852e-05,0
LR1506,Jaedae,Sinoe,6831.0,292.82747216,2022,12,0,0,0.0,124.5618379380968,25.95065174102784,2022-12-01,0,23.32772929265176,0.0,0.0,302.3919881184896,25.81075916290284,0.0,0,0.00011580091,0
LR1506,Jaedae,Sinoe,6831.0,292.82747216,2023,1,0,0,0.0,37.964170667860245,26.11723499298096,2023-01-01,0,23.32772929265176,0.0,0.0,124.5618379380968,25.95065174102784,0.0,0,0.00083546754,0
LR1506,Jaedae,Sinoe,6831.0,292.82747216,2023,2,0,0,0.0,60.67729314168295,26.825148582458496,2023-02-01,0,23.32772929265176,0.0,0.0,37.964170667860245,26.11723499298096,0.0,0,5.7741386e-06,0
LR1507,Jeadepo,Sinoe,5862.0,1677.15166088,2020,4,0,0,0.0,199.71505848277693,26.46205492886629,2020-04-01,0,3.4952116357349663,0.0,0.0,321.2011125044389,26.480958765203297,0.0,0,9.1298076e-05,0
LR1507,Jeadepo,Sinoe,5862.0,1677.15166088,2020,5,0,0,0.0,286.820556640625,26.229665132002395,2020-05-01,0,3.4952116357349663,0.0,0.0,199.71505848277693,26.46205492886629,0.0,1,0.00032890457,0
LR1507,Jeadepo,Sinoe,5862.0,1677.15166088,2020,6,0,0,0.0,488.1721923828125,25.038902143998577,2020-06-01,0,3.4952116357349663,0.0,0.0,286.820556640625,26.229665132002395,0.0,1,0.00042129046,0
LR1507,Jeadepo,Sinoe,5862.0,1677.15166088,2020,7,0,0,0.0,123.24406502463604,24.010096636685457,2020-07-01,0,3.4952116357349663,0.0,0.0,488.1721923828125,25.038902143998577,0.0,1,0.0001226195,0
LR1507,Jeadepo,Sinoe,5862.0,1677.15166088,2020,8,0,0,0.0,104.03196008855646,23.79327288540928,2020-08-01,0,3.4952116357349663,0.0,0.0,123.24406502463604,24.010096636685457,0.0,1,7.898237e-06,0
LR1507,Jeadepo,Sinoe,5862.0,1677.15166088,2020,9,0,0,0.0,441.51645729758513,24.54820379777388,2020-09-01,0,3.4952116357349663,0.0,0.0,104.03196008855646,23.79327288540928,0.0,1,0.00035199604,0
LR1507,Jeadepo,Sinoe,5862.0,1677.15166088,2020,10,0,0,0.0,385.1282437411222,25.329781618985265,2020-10-01,0,3.4952116357349663,0.0,0.0,441.51645729758513,24.54820379777388,0.0,1,6.921233e-05,0
LR1507,Jeadepo,Sinoe,5862.0,1677.15166088,2020,11,0,0,0.0,208.05446250221945,25.64355541576039,2020-11-01,0,3.4952116357349663,0.0,0.0,385.1282437411222,25.329781618985265,0.0,0,3.514933e-05,0
LR1507,Jeadepo,Sinoe,5862.0,1677.15166088,2020,12,0,0,0.0,128.8465680209073,25.75194448991255,2020-12-01,0,3.4952116357349663,0.0,0.0,208.05446250221945,25.64355541576039,0.0,0,0.000109990935,0
LR1507,Jeadepo,Sinoe,5862.0,1677.15166088,2021,1,0,0,0.0,43.02093346335671,25.65468836697665,2021-01-01,0,3.4952116357349663,0.0,0.0,128.8465680209073,25.75194448991255,0.0,0,0.0007649602,0
LR1507,Jeadepo,Sinoe,5862.0,1677.15166088,2021,2,0,0,0.0,167.21389909224078,26.196321764859285,2021-02-01,0,3.4952116357349663,0.0,0.0,43.02093346335671,25.65468836697665,0.0,0,1.3008766e-05,0
LR1507,Jeadepo,Sinoe,5862.0,1677.15166088,2021,3,0,0,0.0,258.18321449973365,25.63415034901012,2021-03-01,0,3.4952116357349663,0.0,0.0,167.21389909224078,26.196321764859285,0.0,0,2.942174e-05,0
LR1507,Jeadepo,Sinoe,5862.0,1677.15166088,2021,4,0,0,0.0,169.47124245383523,26.165842229669742,2021-04-01,0,3.4952116357349663,0.0,0.0,258.18321449973365,25.63415034901012,0.0,0,0.00022322005,0
LR1507,Jeadepo,Sinoe,5862.0,1677.15166088,2021,5,0,0,0.0,251.0589768843217,26.110801592740145,2021-05-01,0,3.4952116357349663,0.0,0.0,169.47124245383523,26.165842229669742,0.0,1,0.00018502523,0
LR1507,Jeadepo,Sinoe,5862.0,1677.15166088,2021,6,0,0,0.0,555.4278153852982,25.39427264820446,2021-06-01,0,3.4952116357349663,0.0,0.0,251.0589768843217,26.110801592740145,0.0,1,0.00045094767,0
LR1507,Jeadepo,Sinoe,5862.0,1677.15166088,2021,7,0,0,0.0,202.35162825150925,24.28454950506037,2021-07-01,0,3.4952116357349663,0.0,0.0,555.4278153852982,25.39427264820446,0.0,1,0.00016359896,0
LR1507,Jeadepo,Sinoe,5862.0,1677.15166088,2021,8,0,0,0.0,233.30105091441763,24.41483958851208,2021-08-01,0,3.4952116357349663,0.0,0.0,202.35162825150925,24.28454950506037,0.0,1,0.0004889039,0
LR1507,Jeadepo,Sinoe,5862.0,1677.15166088,2021,9,0,0,0.0,472.49771894975146,24.919247471202503,2021-09-01,0,3.4952116357349663,0.0,0.0,233.30105091441763,24.41483958851208,0.0,1,0.00024283337,0
LR1507,Jeadepo,Sinoe,5862.0,1677.15166088,2021,10,0,0,0.0,288.49836703213776,25.57192875255238,2021-10-01,0,3.4952116357349663,0.0,0.0,472.49771894975146,24.919247471202503,0.0,1,5.2076717e-05,0
LR1507,Jeadepo,Sinoe,5862.0,1677.15166088,2021,11,0,0,0.0,157.6201826615767,25.709697966142134,2021-11-01,0,3.4952116357349663,0.0,0.0,288.49836703213776,25.57192875255238,0.0,0,0.0001528186,0
LR1507,Jeadepo,Sinoe,5862.0,1677.15166088,2021,12,0,0,0.0,70.97126756147905,26.076654468883167,2021-12-01,0,3.4952116357349663,0.0,0.0,157.6201826615767,25.709697966142134,0.0,0,0.00014198167,0
LR1507,Jeadepo,Sinoe,5862.0,1677.15166088,2022,1,0,0,0.0,28.19177010276101,25.352981879494408,2022-01-01,0,3.4952116357349663,0.0,0.0,70.97126756147905,26.076654468883167,0.0,0,0.00058668654,0
LR1507,Jeadepo,Sinoe,5862.0,1677.15166088,2022,2,0,0,0.0,91.64056715531784,26.04427348050205,2022-02-01,0,3.4952116357349663,0.0,0.0,28.19177010276101,25.352981879494408,0.0,0,9.866526e-06,0
LR1507,Jeadepo,Sinoe,5862.0,1677.15166088,2022,3,0,0,0.0,202.09845858487213,25.95984771034934,2022-03-01,0,3.4952116357349663,0.0,0.0,91.64056715531784,26.04427348050205,0.0,0,9.922424e-06,0
LR1507,Jeadepo,Sinoe,5862.0,1677.15166088,2022,4,0,0,0.0,215.36672113591976,26.114304629239168,2022-04-01,0,3.4952116357349663,0.0,0.0,202.09845858487213,25.95984771034934,0.0,0,0.0008443499,0
LR1507,Jeadepo,Sinoe,5862.0,1677.15166088,2022,5,0,0,0.0,299.68067959872155,25.858546898581764,2022-05-01,0,3.4952116357349663,0.0,0.0,215.36672113591976,26.114304629239168,0.0,1,0.0007354365,0
LR1507,Jeadepo,Sinoe,5862.0,1677.15166088,2022,6,0,0,0.0,542.3898210005327,25.06668694236062,2022-06-01,0,3.4952116357349663,0.0,0.0,299.68067959872155,25.858546898581764,0.0,1,0.00010662198,0
LR1507,Jeadepo,Sinoe,5862.0,1677.15166088,2022,7,0,0,0.0,49.31541463678535,23.983997761119497,2022-07-01,0,3.4952116357349663,0.0,0.0,542.3898210005327,25.06668694236062,0.0,1,0.00011424303,0
LR1507,Jeadepo,Sinoe,5862.0,1677.15166088,2022,8,0,0,0.0,181.1378240411932,23.82795406688344,2022-08-01,0,3.4952116357349663,0.0,0.0,49.31541463678535,23.983997761119497,0.0,1,3.799314e-06,0
LR1507,Jeadepo,Sinoe,5862.0,1677.15166088,2022,9,0,0,0.0,287.86599897904824,24.31538651206277,2022-09-01,0,3.4952116357349663,0.0,0.0,181.1378240411932,23.82795406688344,0.0,1,0.00014588024,0
LR1507,Jeadepo,Sinoe,5862.0,1677.15166088,2022,10,0,0,0.0,343.2540188876066,25.36831782947887,2022-10-01,0,3.4952116357349663,0.0,0.0,287.86599897904824,24.31538651206277,0.0,1,0.00092742033,0
LR1507,Jeadepo,Sinoe,5862.0,1677.15166088,2022,11,0,0,0.0,224.4897521972656,25.395138064297765,2022-11-01,0,3.4952116357349663,0.0,0.0,343.2540188876066,25.36831782947887,0.0,0,0.0002022054,0
LR1507,Jeadepo,Sinoe,5862.0,1677.15166088,2022,12,0,0,0.0,107.7400328202681,25.35601203224876,2022-12-01,0,3.4952116357349663,0.0,0.0,224.4897521972656,25.395138064297765,0.0,0,0.00016632242,0
LR1507,Jeadepo,Sinoe,5862.0,1677.15166088,2023,1,0,0,0.0,38.94309914328835,25.371720747514203,2023-01-01,0,3.4952116357349663,0.0,0.0,107.7400328202681,25.35601203224876,0.0,0,0.00050581637,0
LR1507,Jeadepo,Sinoe,5862.0,1677.15166088,2023,2,0,0,0.0,68.74443948919122,26.32174235257236,2023-02-01,0,3.4952116357349663,0.0,0.0,38.94309914328835,25.371720747514203,0.0,0,1.6105632e-05,0
LR1508,Juarzon,Sinoe,7192.0,199.39928553,2020,4,0,0,0.0,194.6781005859375,26.76805305480957,2020-04-01,0,36.06833385026322,0.0,0.0,289.2128601074219,26.863824571881977,0.0,0,0.0005074172,0
LR1508,Juarzon,Sinoe,7192.0,199.39928553,2020,5,0,0,0.0,375.10062517438615,26.521298544747488,2020-05-01,0,36.06833385026322,0.0,0.0,194.6781005859375,26.76805305480957,0.0,1,0.000249579,0
LR1508,Juarzon,Sinoe,7192.0,199.39928553,2020,6,0,0,0.0,622.1262642996652,25.332136154174805,2020-06-01,0,36.06833385026322,0.0,0.0,375.10062517438615,26.521298544747488,0.0,1,0.0018102007,0
LR1508,Juarzon,Sinoe,7192.0,199.39928553,2020,7,0,0,0.0,171.14908272879464,24.29911885942732,2020-07-01,0,36.06833385026322,0.0,0.0,622.1262642996652,25.332136154174805,0.0,1,0.006517798,0
LR1508,Juarzon,Sinoe,7192.0,199.39928553,2020,8,0,0,0.0,95.9257354736328,24.099231447492325,2020-08-01,0,36.06833385026322,0.0,0.0,171.14908272879464,24.29911885942732,0.0,1,2.6538357e-05,0
LR1508,Juarzon,Sinoe,7192.0,199.39928553,2020,9,0,0,0.0,520.3372977120536,24.78551319667272,2020-09-01,0,36.06833385026322,0.0,0.0,95.9257354736328,24.099231447492325,0.0,1,3.541625e-05,0
LR1508,Juarzon,Sinoe,7192.0,199.39928553,2020,10,0,0,0.0,402.9593375069754,25.566753659929542,2020-10-01,0,36.06833385026322,0.0,0.0,520.3372977120536,24.78551319667272,0.0,1,7.000943e-05,0
LR1508,Juarzon,Sinoe,7192.0,199.39928553,2020,11,0,0,0.0,263.61364528111045,25.90109470912388,2020-11-01,0,36.06833385026322,0.0,0.0,402.9593375069754,25.566753659929542,0.0,0,4.9457154e-05,0
LR1508,Juarzon,Sinoe,7192.0,199.39928553,2020,12,0,0,0.0,145.56780351911272,26.041914803641184,2020-12-01,0,36.06833385026322,0.0,0.0,263.61364528111045,25.90109470912388,0.0,0,0.000116614705,0
LR1508,Juarzon,Sinoe,7192.0,199.39928553,2021,1,0,0,0.0,42.43729891095843,25.96476255144392,2021-01-01,0,36.06833385026322,0.0,0.0,145.56780351911272,26.041914803641184,0.0,0,0.00046381386,0
LR1508,Juarzon,Sinoe,7192.0,199.39928553,2021,2,0,0,0.0,163.60316467285153,26.580271312168662,2021-02-01,0,36.06833385026322,0.0,0.0,42.43729891095843,25.96476255144392,0.0,0,1.2040483e-06,0
LR1508,Juarzon,Sinoe,7192.0,199.39928553,2021,3,0,0,0.0,263.14985438755576,25.932715552193777,2021-03-01,0,36.06833385026322,0.0,0.0,163.60316467285153,26.580271312168662,0.0,0,1.52147895e-05,0
LR1508,Juarzon,Sinoe,7192.0,199.39928553,2021,4,0,0,0.0,167.23368617466517,26.4634644644601,2021-04-01,0,36.06833385026322,0.0,0.0,263.14985438755576,25.932715552193777,0.0,0,2.7163896e-05,0
LR1508,Juarzon,Sinoe,7192.0,199.39928553,2021,5,0,0,0.0,303.31872122628346,26.43944358825684,2021-05-01,0,36.06833385026322,0.0,0.0,167.23368617466517,26.4634644644601,0.0,1,7.5983626e-05,0
LR1508,Juarzon,Sinoe,7192.0,199.39928553,2021,6,0,0,0.0,709.7135358537947,25.67686080932617,2021-06-01,0,36.06833385026322,0.0,0.0,303.31872122628346,26.43944358825684,0.0,1,0.00309885,0
LR1508,Juarzon,Sinoe,7192.0,199.39928553,2021,7,0,0,0.0,259.7142377580915,24.636383056640625,2021-07-01,0,36.06833385026322,0.0,0.0,709.7135358537947,25.67686080932617,0.0,1,0.0030174016,0
LR1508,Juarzon,Sinoe,7192.0,199.39928553,2021,8,0,0,0.0,297.341073172433,24.76539393833705,2021-08-01,0,36.06833385026322,0.0,0.0,259.7142377580915,24.636383056640625,0.0,1,0.000298819,0
LR1508,Juarzon,Sinoe,7192.0,199.39928553,2021,9,0,0,0.0,676.0516357421874,25.14531053815569,2021-09-01,0,36.06833385026322,0.0,0.0,297.341073172433,24.76539393833705,0.0,1,3.291901e-05,0
LR1508,Juarzon,Sinoe,7192.0,199.39928553,2021,10,0,0,0.0,379.2813720703125,25.837324414934432,2021-10-01,0,36.06833385026322,0.0,0.0,676.0516357421874,25.14531053815569,0.0,1,6.109653e-05,0
LR1508,Juarzon,Sinoe,7192.0,199.39928553,2021,11,0,0,0.0,221.65872410365515,26.017947878156388,2021-11-01,0,36.06833385026322,0.0,0.0,379.2813720703125,25.837324414934432,0.0,0,0.00027985428,0
LR1508,Juarzon,Sinoe,7192.0,199.39928553,2021,12,0,0,0.0,77.94711630684989,26.37963812691825,2021-12-01,0,36.06833385026322,0.0,0.0,221.65872410365515,26.017947878156388,0.0,0,2.5574658e-05,0
LR1508,Juarzon,Sinoe,7192.0,199.39928553,2022,1,0,0,0.0,32.757541928972515,25.78029469081334,2022-01-01,0,36.06833385026322,0.0,0.0,77.94711630684989,26.37963812691825,0.0,0,5.159269e-05,0
LR1508,Juarzon,Sinoe,7192.0,199.39928553,2022,2,0,0,0.0,104.08367047991072,26.4304689679827,2022-02-01,0,36.06833385026322,0.0,0.0,32.757541928972515,25.78029469081334,0.0,0,1.7026982e-06,0
LR1508,Juarzon,Sinoe,7192.0,199.39928553,2022,3,0,0,0.0,203.87679617745536,26.28224291120257,2022-03-01,0,36.06833385026322,0.0,0.0,104.08367047991072,26.4304689679827,0.0,0,8.597528e-06,0
LR1508,Juarzon,Sinoe,7192.0,199.39928553,2022,4,0,0,0.0,205.915764944894,26.48047774178641,2022-04-01,0,36.06833385026322,0.0,0.0,203.87679617745536,26.28224291120257,0.0,0,2.6718222e-05,0
LR1508,Juarzon,Sinoe,7192.0,199.39928553,2022,5,0,0,0.0,372.9758562360491,26.24152673993792,2022-05-01,0,36.06833385026322,0.0,0.0,205.915764944894,26.48047774178641,0.0,1,0.0002644594,0
LR1508,Juarzon,Sinoe,7192.0,199.39928553,2022,6,0,0,0.0,755.5730590820312,25.379861286708287,2022-06-01,0,36.06833385026322,0.0,0.0,372.9758562360491,26.24152673993792,0.0,1,0.002420779,0
LR1508,Juarzon,Sinoe,7192.0,199.39928553,2022,7,0,0,0.0,66.70454624720982,24.326544080461773,2022-07-01,0,36.06833385026322,0.0,0.0,755.5730590820312,25.379861286708287,0.0,1,0.003956559,0
LR1508,Juarzon,Sinoe,7192.0,199.39928553,2022,8,0,0,0.0,200.5875440325056,24.137222290039062,2022-08-01,0,36.06833385026322,0.0,0.0,66.70454624720982,24.326544080461773,0.0,1,1.659451e-05,0
LR1508,Juarzon,Sinoe,7192.0,199.39928553,2022,9,0,0,0.0,396.4299185616629,24.564538138253347,2022-09-01,0,36.06833385026322,0.0,0.0,200.5875440325056,24.137222290039062,0.0,1,5.483936e-05,0
LR1508,Juarzon,Sinoe,7192.0,199.39928553,2022,10,0,0,0.0,412.3615199497768,25.59606388636998,2022-10-01,0,36.06833385026322,0.0,0.0,396.4299185616629,24.564538138253347,0.0,1,0.00020402487,0
LR1508,Juarzon,Sinoe,7192.0,199.39928553,2022,11,0,0,0.0,304.6986519949777,25.672180448259628,2022-11-01,0,36.06833385026322,0.0,0.0,412.3615199497768,25.59606388636998,0.0,0,0.00010312493,0
LR1508,Juarzon,Sinoe,7192.0,199.39928553,2022,12,0,0,0.0,107.79534258161272,25.68385124206543,2022-12-01,0,36.06833385026322,0.0,0.0,304.6986519949777,25.672180448259628,0.0,0,1.4377883e-05,0
LR1508,Juarzon,Sinoe,7192.0,199.39928553,2023,1,0,0,0.0,30.90609087262835,25.81440162658692,2023-01-01,0,36.06833385026322,0.0,0.0,107.79534258161272,25.68385124206543,0.0,0,0.00022224315,0
LR1508,Juarzon,Sinoe,7192.0,199.39928553,2023,2,0,0,0.0,52.11925070626396,26.708433968680247,2023-02-01,0,36.06833385026322,0.0,0.0,30.90609087262835,25.81440162658692,0.0,0,1.1093611e-05,0
LR1509,Kpayan,Sinoe,8973.0,1005.34145144,2020,4,0,0,0.0,190.18571795839253,27.13658158919391,2020-04-01,0,8.925325805623086,0.0,0.0,270.7859714392461,27.17576228871065,0.0,0,0.00039093447,0
LR1509,Kpayan,Sinoe,8973.0,1005.34145144,2020,5,0,0,0.0,386.0275240811434,26.87059054655188,2020-05-01,0,8.925325805623086,0.0,0.0,190.18571795839253,27.13658158919391,0.0,1,0.00013400358,0
LR1509,Kpayan,Sinoe,8973.0,1005.34145144,2020,6,0,0,0.0,635.1459942441999,25.67538368000704,2020-06-01,0,8.925325805623086,0.0,0.0,386.0275240811434,26.87059054655188,0.0,1,0.00038507467,0
LR1509,Kpayan,Sinoe,8973.0,1005.34145144,2020,7,0,0,0.0,163.20849609375,24.672771453857425,2020-07-01,0,8.925325805623086,0.0,0.0,635.1459942441999,25.67538368000704,0.0,1,0.00078036566,0
LR1509,Kpayan,Sinoe,8973.0,1005.34145144,2020,8,0,0,0.0,88.7964227849787,24.488770316628848,2020-08-01,0,8.925325805623086,0.0,0.0,163.20849609375,24.672771453857425,0.0,1,3.1454274e-05,0
LR1509,Kpayan,Sinoe,8973.0,1005.34145144,2020,9,0,0,0.0,520.6024965228456,25.078934164608228,2020-09-01,0,8.925325805623086,0.0,0.0,88.7964227849787,24.488770316628848,0.0,1,3.0434296e-05,0
LR1509,Kpayan,Sinoe,8973.0,1005.34145144,2020,10,0,0,0.0,464.457255045573,25.846276675953582,2020-10-01,0,8.925325805623086,0.0,0.0,520.6024965228456,25.078934164608228,0.0,1,1.3383818e-05,0
LR1509,Kpayan,Sinoe,8973.0,1005.34145144,2020,11,0,0,0.0,282.5888778224135,26.19253231497372,2020-11-01,0,8.925325805623086,0.0,0.0,464.457255045573,25.846276675953582,0.0,0,7.9481855e-05,0
LR1509,Kpayan,Sinoe,8973.0,1005.34145144,2020,12,0,0,0.0,135.41632172555637,26.342964452855725,2020-12-01,0,8.925325805623086,0.0,0.0,282.5888778224135,26.19253231497372,0.0,0,0.0003321369,0
LR1509,Kpayan,Sinoe,8973.0,1005.34145144,2021,1,0,0,0.0,43.954275420217805,26.35394085154814,2021-01-01,0,8.925325805623086,0.0,0.0,135.41632172555637,26.342964452855725,0.0,0,0.0007874041,0
LR1509,Kpayan,Sinoe,8973.0,1005.34145144,2021,2,0,0,0.0,176.0131017511541,26.919274274040667,2021-02-01,0,8.925325805623086,0.0,0.0,43.954275420217805,26.35394085154814,0.0,0,1.9407258e-05,0
LR1509,Kpayan,Sinoe,8973.0,1005.34145144,2021,3,0,0,0.0,224.435385501746,26.24266876893885,2021-03-01,0,8.925325805623086,0.0,0.0,176.0131017511541,26.919274274040667,0.0,0,0.00038365167,0
LR1509,Kpayan,Sinoe,8973.0,1005.34145144,2021,4,0,0,0.0,162.85248033928156,26.825339205124795,2021-04-01,0,8.925325805623086,0.0,0.0,224.435385501746,26.24266876893885,0.0,0,0.00062827155,0
LR1509,Kpayan,Sinoe,8973.0,1005.34145144,2021,5,0,0,0.0,307.4826724890507,26.81171013327207,2021-05-01,0,8.925325805623086,0.0,0.0,162.85248033928156,26.825339205124795,0.0,1,0.00013055264,0
LR1509,Kpayan,Sinoe,8973.0,1005.34145144,2021,6,0,0,0.0,785.4017666903409,26.026619125815,2021-06-01,0,8.925325805623086,0.0,0.0,307.4826724890507,26.81171013327207,0.0,1,0.0003290683,0
LR1509,Kpayan,Sinoe,8973.0,1005.34145144,2021,7,0,0,0.0,299.88138233531606,25.03177480136647,2021-07-01,0,8.925325805623086,0.0,0.0,785.4017666903409,26.026619125815,0.0,1,0.0004058238,0
LR1509,Kpayan,Sinoe,8973.0,1005.34145144,2021,8,0,0,0.0,313.83850467566293,25.143495784086344,2021-08-01,0,8.925325805623086,0.0,0.0,299.88138233531606,25.03177480136647,0.0,1,0.0012050954,0
LR1509,Kpayan,Sinoe,8973.0,1005.34145144,2021,9,0,0,0.0,662.0118667140152,25.46235729666317,2021-09-01,0,8.925325805623086,0.0,0.0,313.83850467566293,25.143495784086344,0.0,1,2.3975766e-05,0
LR1509,Kpayan,Sinoe,8973.0,1005.34145144,2021,10,0,0,0.0,377.5218394886364,26.16261886147892,2021-10-01,0,8.925325805623086,0.0,0.0,662.0118667140152,25.46235729666317,0.0,1,7.104352e-05,0
LR1509,Kpayan,Sinoe,8973.0,1005.34145144,2021,11,0,0,0.0,240.6389941591205,26.30740698646097,2021-11-01,0,8.925325805623086,0.0,0.0,377.5218394886364,26.16261886147892,0.0,0,0.00014978826,0
LR1509,Kpayan,Sinoe,8973.0,1005.34145144,2021,12,0,0,0.0,86.62195101651277,26.743330057929548,2021-12-01,0,8.925325805623086,0.0,0.0,240.6389941591205,26.30740698646097,0.0,0,0.00019049559,0
LR1509,Kpayan,Sinoe,8973.0,1005.34145144,2022,1,0,0,0.0,31.895213271632347,26.371706962585453,2022-01-01,0,8.925325805623086,0.0,0.0,86.62195101651277,26.743330057929548,0.0,0,0.0002672669,0
LR1509,Kpayan,Sinoe,8973.0,1005.34145144,2022,2,0,0,0.0,105.11505219430636,26.77847121743596,2022-02-01,0,8.925325805623086,0.0,0.0,31.895213271632347,26.371706962585453,0.0,0,1.4311944e-05,0
LR1509,Kpayan,Sinoe,8973.0,1005.34145144,2022,3,0,0,0.0,179.7686971028646,26.530298906214096,2022-03-01,0,8.925325805623086,0.0,0.0,105.11505219430636,26.77847121743596,0.0,0,3.0454647e-05,0
LR1509,Kpayan,Sinoe,8973.0,1005.34145144,2022,4,0,0,0.0,204.49238401470765,26.834555738112503,2022-04-01,0,8.925325805623086,0.0,0.0,179.7686971028646,26.530298906214096,0.0,0,8.828474e-05,0
LR1509,Kpayan,Sinoe,8973.0,1005.34145144,2022,5,0,0,0.0,395.4306196732954,26.5853567684398,2022-05-01,0,8.925325805623086,0.0,0.0,204.49238401470765,26.834555738112503,0.0,1,0.00013765018,0
LR1509,Kpayan,Sinoe,8973.0,1005.34145144,2022,6,0,0,0.0,766.014580004143,25.750194773954508,2022-06-01,0,8.925325805623086,0.0,0.0,395.4306196732954,26.5853567684398,0.0,1,0.00071822136,0
LR1509,Kpayan,Sinoe,8973.0,1005.34145144,2022,7,0,0,0.0,70.97872393059009,24.6751708984375,2022-07-01,0,8.925325805623086,0.0,0.0,766.014580004143,25.750194773954508,0.0,1,0.0005923911,0
LR1509,Kpayan,Sinoe,8973.0,1005.34145144,2022,8,0,0,0.0,171.24412259188566,24.462093577665435,2022-08-01,0,8.925325805623086,0.0,0.0,70.97872393059009,24.6751708984375,0.0,1,8.334705e-06,0
LR1509,Kpayan,Sinoe,8973.0,1005.34145144,2022,9,0,0,0.0,384.65608261570793,24.88527786030489,2022-09-01,0,8.925325805623086,0.0,0.0,171.24412259188566,24.462093577665435,0.0,1,0.00021524391,0
LR1509,Kpayan,Sinoe,8973.0,1005.34145144,2022,10,0,0,0.0,401.85648877692944,25.886882557588468,2022-10-01,0,8.925325805623086,0.0,0.0,384.65608261570793,24.88527786030489,0.0,1,5.1303326e-05,0
LR1509,Kpayan,Sinoe,8973.0,1005.34145144,2022,11,0,0,0.0,313.6332980069247,25.99420592364143,2022-11-01,0,8.925325805623086,0.0,0.0,401.85648877692944,25.886882557588468,0.0,0,0.0002096139,0
LR1509,Kpayan,Sinoe,8973.0,1005.34145144,2022,12,0,0,0.0,114.13477718468867,26.169773438397577,2022-12-01,0,8.925325805623086,0.0,0.0,313.6332980069247,25.99420592364143,0.0,0,5.1038696e-05,0
LR1509,Kpayan,Sinoe,8973.0,1005.34145144,2023,1,0,0,0.0,32.66710408528646,26.39216529621797,2023-01-01,0,8.925325805623086,0.0,0.0,114.13477718468867,26.169773438397577,0.0,0,0.0010705543,0
LR1509,Kpayan,Sinoe,8973.0,1005.34145144,2023,2,0,0,0.0,63.68242021040482,27.04280056672937,2023-02-01,0,8.925325805623086,0.0,0.0,32.66710408528646,26.39216529621797,0.0,0,6.598931e-05,0
LR1510,Kulu Shaw Boe,Sinoe,5978.0,1325.72505189,2020,4,0,0,0.0,192.45453378428587,26.687888365525467,2020-04-01,0,4.509230621747363,0.0,0.0,289.6480099221933,26.8172530638866,0.0,0,0.00029852998,0
LR1510,Kulu Shaw Boe,Sinoe,5978.0,1325.72505189,2020,5,0,0,0.0,311.5654184092647,26.46316181085049,2020-05-01,0,4.509230621747363,0.0,0.0,192.45453378428587,26.687888365525467,0.0,1,0.0003244931,0
LR1510,Kulu Shaw Boe,Sinoe,5978.0,1325.72505189,2020,6,0,0,0.0,526.48623590884,25.29399465903257,2020-06-01,0,4.509230621747363,0.0,0.0,311.5654184092647,26.46316181085049,0.0,1,0.00018971869,0
LR1510,Kulu Shaw Boe,Sinoe,5978.0,1325.72505189,2020,7,0,0,0.0,161.24917768395466,24.224775999020306,2020-07-01,0,4.509230621747363,0.0,0.0,526.48623590884,25.29399465903257,0.0,1,5.5356428e-05,0
LR1510,Kulu Shaw Boe,Sinoe,5978.0,1325.72505189,2020,8,0,0,0.0,110.89658156685208,23.999480027418866,2020-08-01,0,4.509230621747363,0.0,0.0,161.24917768395466,24.224775999020306,0.0,1,2.5580048e-05,0
LR1510,Kulu Shaw Boe,Sinoe,5978.0,1325.72505189,2020,9,0,0,0.0,469.7979590374491,24.72317993946565,2020-09-01,0,4.509230621747363,0.0,0.0,110.89658156685208,23.999480027418866,0.0,1,7.871078e-05,0
LR1510,Kulu Shaw Boe,Sinoe,5978.0,1325.72505189,2020,10,0,0,0.0,328.14987182617176,25.518461471948868,2020-10-01,0,4.509230621747363,0.0,0.0,469.7979590374491,24.72317993946565,0.0,1,9.11821e-05,0
LR1510,Kulu Shaw Boe,Sinoe,5978.0,1325.72505189,2020,11,0,0,0.0,164.77125234189236,25.833314064221504,2020-11-01,0,4.509230621747363,0.0,0.0,328.14987182617176,25.518461471948868,0.0,0,7.0836104e-05,0
LR1510,Kulu Shaw Boe,Sinoe,5978.0,1325.72505189,2020,12,0,0,0.0,130.06049363509467,25.96437845474634,2020-12-01,0,4.509230621747363,0.0,0.0,164.77125234189236,25.833314064221504,0.0,0,4.3824548e-05,0
LR1510,Kulu Shaw Boe,Sinoe,5978.0,1325.72505189,2021,1,0,0,0.0,31.30099698771601,25.84323389102252,2021-01-01,0,4.509230621747363,0.0,0.0,130.06049363509467,25.96437845474634,0.0,0,0.0016072073,0
LR1510,Kulu Shaw Boe,Sinoe,5978.0,1325.72505189,2021,2,0,0,0.0,148.1347926595937,26.48771344698392,2021-02-01,0,4.509230621747363,0.0,0.0,31.30099698771601,25.84323389102252,0.0,0,1.348057e-05,0
LR1510,Kulu Shaw Boe,Sinoe,5978.0,1325.72505189,2021,3,0,0,0.0,268.0443791928499,25.88063831818409,2021-03-01,0,4.509230621747363,0.0,0.0,148.1347926595937,26.48771344698392,0.0,0,6.124078e-05,0
LR1510,Kulu Shaw Boe,Sinoe,5978.0,1325.72505189,2021,4,0,0,0.0,168.17824123216712,26.388104805579548,2021-04-01,0,4.509230621747363,0.0,0.0,268.0443791928499,25.88063831818409,0.0,0,0.00018301653,0
LR1510,Kulu Shaw Boe,Sinoe,5978.0,1325.72505189,2021,5,0,0,0.0,281.54895848813266,26.365874461638622,2021-05-01,0,4.509230621747363,0.0,0.0,168.17824123216712,26.388104805579548,0.0,1,9.4111245e-05,0
LR1510,Kulu Shaw Boe,Sinoe,5978.0,1325.72505189,2021,6,0,0,0.0,534.0647231392238,25.60229521531325,2021-06-01,0,4.509230621747363,0.0,0.0,281.54895848813266,26.365874461638622,0.0,1,0.00015548564,0
LR1510,Kulu Shaw Boe,Sinoe,5978.0,1325.72505189,2021,7,0,0,0.0,211.26643039869225,24.57660953815166,2021-07-01,0,4.509230621747363,0.0,0.0,534.0647231392238,25.60229521531325,0.0,1,0.00609686,0
LR1510,Kulu Shaw Boe,Sinoe,5978.0,1325.72505189,2021,8,0,0,0.0,345.24178679093075,24.677438295804546,2021-08-01,0,4.509230621747363,0.0,0.0,211.26643039869225,24.57660953815166,0.0,1,0.0018182063,0
LR1510,Kulu Shaw Boe,Sinoe,5978.0,1325.72505189,2021,9,0,0,0.0,566.0392840841541,25.06324616456644,2021-09-01,0,4.509230621747363,0.0,0.0,345.24178679093075,24.677438295804546,0.0,1,7.2330244e-05,0
LR1510,Kulu Shaw Boe,Sinoe,5978.0,1325.72505189,2021,10,0,0,0.0,319.856197854747,25.76756941966521,2021-10-01,0,4.509230621747363,0.0,0.0,566.0392840841541,25.06324616456644,0.0,1,2.9245588e-05,0
LR1510,Kulu Shaw Boe,Sinoe,5978.0,1325.72505189,2021,11,0,0,0.0,187.32765065068784,25.971970631526062,2021-11-01,0,4.509230621747363,0.0,0.0,319.856197854747,25.76756941966521,0.0,0,4.7971214e-05,0
LR1510,Kulu Shaw Boe,Sinoe,5978.0,1325.72505189,2021,12,0,0,0.0,62.27113856440005,26.26751958406888,2021-12-01,0,4.509230621747363,0.0,0.0,187.32765065068784,25.971970631526062,0.0,0,5.2457366e-05,0
LR1510,Kulu Shaw Boe,Sinoe,5978.0,1325.72505189,2022,1,0,0,0.0,26.70263833584993,25.587556496644627,2022-01-01,0,4.509230621747363,0.0,0.0,62.27113856440005,26.26751958406888,0.0,0,8.7078886e-05,0
LR1510,Kulu Shaw Boe,Sinoe,5978.0,1325.72505189,2022,2,0,0,0.0,90.03219422050142,26.338601430257167,2022-02-01,0,4.509230621747363,0.0,0.0,26.70263833584993,25.587556496644627,0.0,0,7.630693e-06,0
LR1510,Kulu Shaw Boe,Sinoe,5978.0,1325.72505189,2022,3,0,0,0.0,209.61931278394616,26.271209276639503,2022-03-01,0,4.509230621747363,0.0,0.0,90.03219422050142,26.338601430257167,0.0,0,7.2730916e-05,0
LR1510,Kulu Shaw Boe,Sinoe,5978.0,1325.72505189,2022,4,0,0,0.0,207.43942161228347,26.430253738012063,2022-04-01,0,4.509230621747363,0.0,0.0,209.61931278394616,26.271209276639503,0.0,0,0.00013708588,0
LR1510,Kulu Shaw Boe,Sinoe,5978.0,1325.72505189,2022,5,0,0,0.0,314.52957020635193,26.18199191949306,2022-05-01,0,4.509230621747363,0.0,0.0,207.43942161228347,26.430253738012063,0.0,1,0.00086261635,0
LR1510,Kulu Shaw Boe,Sinoe,5978.0,1325.72505189,2022,6,0,0,0.0,604.5111329451851,25.308759249173672,2022-06-01,0,4.509230621747363,0.0,0.0,314.52957020635193,26.18199191949306,0.0,1,0.00020137939,0
LR1510,Kulu Shaw Boe,Sinoe,5978.0,1325.72505189,2022,7,0,0,0.0,78.29129476132601,24.28075927343124,2022-07-01,0,4.509230621747363,0.0,0.0,604.5111329451851,25.308759249173672,0.0,1,0.00013060057,0
LR1510,Kulu Shaw Boe,Sinoe,5978.0,1325.72505189,2022,8,0,0,0.0,223.9703999394956,24.0771855085324,2022-08-01,0,4.509230621747363,0.0,0.0,78.29129476132601,24.28075927343124,0.0,1,2.4905163e-05,0
LR1510,Kulu Shaw Boe,Sinoe,5978.0,1325.72505189,2022,9,0,0,0.0,354.6858646558678,24.504721714900093,2022-09-01,0,4.509230621747363,0.0,0.0,223.9703999394956,24.0771855085324,0.0,1,0.0010019663,0
LR1510,Kulu Shaw Boe,Sinoe,5978.0,1325.72505189,2022,10,0,0,0.0,326.61658510954487,25.52376047770182,2022-10-01,0,4.509230621747363,0.0,0.0,354.6858646558678,24.504721714900093,0.0,1,0.0004087556,0
LR1510,Kulu Shaw Boe,Sinoe,5978.0,1325.72505189,2022,11,0,0,0.0,252.65689086914065,25.582095512977,2022-11-01,0,4.509230621747363,0.0,0.0,326.61658510954487,25.52376047770182,0.0,0,4.207645e-05,0
LR1510,Kulu Shaw Boe,Sinoe,5978.0,1325.72505189,2022,12,0,0,0.0,87.33938283505648,25.52286617572491,2022-12-01,0,4.509230621747363,0.0,0.0,252.65689086914065,25.582095512977,0.0,0,0.00042748696,0
LR1510,Kulu Shaw Boe,Sinoe,5978.0,1325.72505189,2023,1,0,0,0.0,28.72381056909976,25.58748675615359,2023-01-01,0,4.509230621747363,0.0,0.0,87.33938283505648,25.52286617572491,0.0,0,0.00053584564,0
LR1510,Kulu Shaw Boe,Sinoe,5978.0,1325.72505189,2023,2,0,0,0.0,38.74180155215056,26.609514089731064,2023-02-01,0,4.509230621747363,0.0,0.0,28.72381056909976,25.58748675615359,0.0,0,4.4766035e-05,0
LR1511,Plahn Nyarn,Sinoe,4748.0,280.16044565,2020,4,0,0,0.0,196.28892178005643,27.02880802154541,2020-04-01,0,16.94743163683999,0.0,0.0,290.35557047526044,27.10394096374512,0.0,0,0.00030601516,0
LR1511,Plahn Nyarn,Sinoe,4748.0,280.16044565,2020,5,0,0,0.0,414.8312547471788,26.78314781188965,2020-05-01,0,16.94743163683999,0.0,0.0,196.28892178005643,27.02880802154541,0.0,1,7.6257864e-05,0
LR1511,Plahn Nyarn,Sinoe,4748.0,280.16044565,2020,6,0,0,0.0,688.0674641927084,25.62717990875244,2020-06-01,0,16.94743163683999,0.0,0.0,414.8312547471788,26.78314781188965,0.0,1,0.00046685766,0
LR1511,Plahn Nyarn,Sinoe,4748.0,280.16044565,2020,7,0,0,0.0,174.00482686360675,24.57678394317628,2020-07-01,0,16.94743163683999,0.0,0.0,688.0674641927084,25.62717990875244,0.0,1,0.010104581,0
LR1511,Plahn Nyarn,Sinoe,4748.0,280.16044565,2020,8,0,0,0.0,95.44664425320096,24.358083724975582,2020-08-01,0,16.94743163683999,0.0,0.0,174.00482686360675,24.57678394317628,0.0,1,2.8066506e-05,0
LR1511,Plahn Nyarn,Sinoe,4748.0,280.16044565,2020,9,0,0,0.0,552.5100267198351,25.00313034057617,2020-09-01,0,16.94743163683999,0.0,0.0,95.44664425320096,24.358083724975582,0.0,1,4.337257e-05,0
LR1511,Plahn Nyarn,Sinoe,4748.0,280.16044565,2020,10,0,0,0.0,427.3990410698785,25.79119205474853,2020-10-01,0,16.94743163683999,0.0,0.0,552.5100267198351,25.00313034057617,0.0,1,4.6589063e-05,0
LR1511,Plahn Nyarn,Sinoe,4748.0,280.16044565,2020,11,0,0,0.0,268.9728190104167,26.116967391967773,2020-11-01,0,16.94743163683999,0.0,0.0,427.3990410698785,25.79119205474853,0.0,0,4.5769055e-05,0
LR1511,Plahn Nyarn,Sinoe,4748.0,280.16044565,2020,12,0,0,0.0,146.7610253228082,26.26365776062012,2020-12-01,0,16.94743163683999,0.0,0.0,268.9728190104167,26.116967391967773,0.0,0,4.9472346e-05,0
LR1511,Plahn Nyarn,Sinoe,4748.0,280.16044565,2021,1,0,0,0.0,41.17414813571506,26.22286186218261,2021-01-01,0,16.94743163683999,0.0,0.0,146.7610253228082,26.26365776062012,0.0,0,0.00016691328,0
LR1511,Plahn Nyarn,Sinoe,4748.0,280.16044565,2021,2,0,0,0.0,166.76727634006076,26.807048797607425,2021-02-01,0,16.94743163683999,0.0,0.0,41.17414813571506,26.22286186218261,0.0,0,2.7048866e-06,0
LR1511,Plahn Nyarn,Sinoe,4748.0,280.16044565,2021,3,0,0,0.0,284.8250376383464,26.15498752593994,2021-03-01,0,16.94743163683999,0.0,0.0,166.76727634006076,26.807048797607425,0.0,0,2.8536195e-05,0
LR1511,Plahn Nyarn,Sinoe,4748.0,280.16044565,2021,4,0,0,0.0,166.4798685709635,26.72242889404297,2021-04-01,0,16.94743163683999,0.0,0.0,284.8250376383464,26.15498752593994,0.0,0,0.000107649816,0
LR1511,Plahn Nyarn,Sinoe,4748.0,280.16044565,2021,5,0,0,0.0,334.8837381998698,26.7137788772583,2021-05-01,0,16.94743163683999,0.0,0.0,166.4798685709635,26.72242889404297,0.0,1,5.8130503e-05,0
LR1511,Plahn Nyarn,Sinoe,4748.0,280.16044565,2021,6,0,0,0.0,768.8797132703993,25.9304277420044,2021-06-01,0,16.94743163683999,0.0,0.0,334.8837381998698,26.7137788772583,0.0,1,0.00037766367,0
LR1511,Plahn Nyarn,Sinoe,4748.0,280.16044565,2021,7,1,1,21.061499578770007,282.872077094184,24.949522399902342,2021-07-01,0,16.94743163683999,0.0,0.0,768.8797132703993,25.9304277420044,0.0,1,7.090565e-05,0
LR1511,Plahn Nyarn,Sinoe,4748.0,280.16044565,2021,8,0,0,0.0,310.81123521592883,25.043246459960937,2021-08-01,0,16.94743163683999,1.0,21.061499578770007,282.872077094184,24.949522399902342,0.3333333333333333,1,0.010830957,0
LR1511,Plahn Nyarn,Sinoe,4748.0,280.16044565,2021,9,0,0,0.0,735.7490505642361,25.374087142944337,2021-09-01,0,16.94743163683999,0.0,0.0,310.81123521592883,25.043246459960937,0.3333333333333333,1,0.0014567197,0
LR1511,Plahn Nyarn,Sinoe,4748.0,280.16044565,2021,10,0,0,0.0,406.14497545030383,26.079073905944824,2021-10-01,0,16.94743163683999,0.0,0.0,735.7490505642361,25.374087142944337,0.3333333333333333,1,0.00015493037,0
LR1511,Plahn Nyarn,Sinoe,4748.0,280.16044565,2021,11,0,0,0.0,237.70513407389325,26.25285530090332,2021-11-01,0,16.94743163683999,0.0,0.0,406.14497545030383,26.079073905944824,0.0,0,2.9635896e-05,0
LR1511,Plahn Nyarn,Sinoe,4748.0,280.16044565,2021,12,0,0,0.0,81.79726155598958,26.621739387512203,2021-12-01,0,16.94743163683999,0.0,0.0,237.70513407389325,26.25285530090332,0.0,0,3.4548782e-05,0
LR1511,Plahn Nyarn,Sinoe,4748.0,280.16044565,2022,1,0,0,0.0,32.816260443793404,26.14950523376465,2022-01-01,0,16.94743163683999,0.0,0.0,81.79726155598958,26.621739387512203,0.0,0,0.000108657405,0
LR1511,Plahn Nyarn,Sinoe,4748.0,280.16044565,2022,2,0,0,0.0,111.27234988742404,26.671458625793456,2022-02-01,0,16.94743163683999,0.0,0.0,32.816260443793404,26.14950523376465,0.0,0,1.3390713e-06,0
LR1511,Plahn Nyarn,Sinoe,4748.0,280.16044565,2022,3,0,0,0.0,208.9730919731988,26.486214256286623,2022-03-01,0,16.94743163683999,0.0,0.0,111.27234988742404,26.671458625793456,0.0,0,5.2603995e-05,0
LR1511,Plahn Nyarn,Sinoe,4748.0,280.16044565,2022,4,0,0,0.0,201.2258792453342,26.74221611022949,2022-04-01,0,16.94743163683999,0.0,0.0,208.9730919731988,26.486214256286623,0.0,0,4.3680393e-05,0
LR1511,Plahn Nyarn,Sinoe,4748.0,280.16044565,2022,5,0,0,0.0,408.74796888563367,26.51405601501465,2022-05-01,0,16.94743163683999,0.0,0.0,201.2258792453342,26.74221611022949,0.0,1,5.707928e-05,0
LR1511,Plahn Nyarn,Sinoe,4748.0,280.16044565,2022,6,0,0,0.0,837.1385091145833,25.659504699707032,2022-06-01,0,16.94743163683999,0.0,0.0,408.74796888563367,26.51405601501465,0.0,1,0.0006297214,0
LR1511,Plahn Nyarn,Sinoe,4748.0,280.16044565,2022,7,0,0,0.0,69.7948515150282,24.616724014282227,2022-07-01,0,16.94743163683999,0.0,0.0,837.1385091145833,25.659504699707032,0.0,1,0.006083623,0
LR1511,Plahn Nyarn,Sinoe,4748.0,280.16044565,2022,8,0,0,0.0,210.9781968858507,24.390424919128417,2022-08-01,0,16.94743163683999,0.0,0.0,69.7948515150282,24.616724014282227,0.0,1,1.2596466e-05,0
LR1511,Plahn Nyarn,Sinoe,4748.0,280.16044565,2022,9,0,0,0.0,441.867441813151,24.81342010498047,2022-09-01,0,16.94743163683999,0.0,0.0,210.9781968858507,24.390424919128417,0.0,1,0.0006175802,0
LR1511,Plahn Nyarn,Sinoe,4748.0,280.16044565,2022,10,0,0,0.0,397.5883314344618,25.80599517822266,2022-10-01,0,16.94743163683999,0.0,0.0,441.867441813151,24.81342010498047,0.0,1,2.5421079e-05,0
LR1511,Plahn Nyarn,Sinoe,4748.0,280.16044565,2022,11,0,0,0.0,330.3344963921441,25.87718334197998,2022-11-01,0,16.94743163683999,0.0,0.0,397.5883314344618,25.80599517822266,0.0,0,2.460997e-05,0
LR1511,Plahn Nyarn,Sinoe,4748.0,280.16044565,2022,12,0,0,0.0,105.8167961968316,25.96443710327149,2022-12-01,0,16.94743163683999,0.0,0.0,330.3344963921441,25.87718334197998,0.0,0,4.2686814e-05,0
LR1511,Plahn Nyarn,Sinoe,4748.0,280.16044565,2023,1,0,0,0.0,31.170261594984268,26.09197750091553,2023-01-01,0,16.94743163683999,0.0,0.0,105.8167961968316,25.96443710327149,0.0,0,0.00017954732,0
LR1511,Plahn Nyarn,Sinoe,4748.0,280.16044565,2023,2,0,0,0.0,57.74219936794705,26.89126396179199,2023-02-01,0,16.94743163683999,0.0,0.0,31.170261594984268,26.09197750091553,0.0,0,6.4706537e-06,0
LR1512,Pynes Town,Sinoe,5131.0,776.07966764,2020,4,0,0,0.0,203.09662246704104,26.375393066406254,2020-04-01,0,6.6114346425322355,0.0,0.0,314.30382283528644,26.46574028015136,0.0,0,0.0001143433,0
LR1512,Pynes Town,Sinoe,5131.0,776.07966764,2020,5,0,0,0.0,259.99019622802734,26.161337127685545,2020-05-01,0,6.6114346425322355,0.0,0.0,203.09662246704104,26.375393066406254,0.0,1,0.0008066377,0
LR1512,Pynes Town,Sinoe,5131.0,776.07966764,2020,6,0,0,0.0,467.39351145426434,24.96794410705565,2020-06-01,0,6.6114346425322355,0.0,0.0,259.99019622802734,26.161337127685545,0.0,1,0.00063834887,0
LR1512,Pynes Town,Sinoe,5131.0,776.07966764,2020,7,0,0,0.0,151.56967608133948,23.92478797912598,2020-07-01,0,6.6114346425322355,0.0,0.0,467.39351145426434,24.96794410705565,0.0,1,0.0001589939,0
LR1512,Pynes Town,Sinoe,5131.0,776.07966764,2020,8,0,0,0.0,101.96607303619386,23.7146021270752,2020-08-01,0,6.6114346425322355,0.0,0.0,151.56967608133948,23.92478797912598,0.0,1,5.640059e-06,0
LR1512,Pynes Town,Sinoe,5131.0,776.07966764,2020,9,0,0,0.0,416.3674570719401,24.486768417358395,2020-09-01,0,6.6114346425322355,0.0,0.0,101.96607303619386,23.7146021270752,0.0,1,0.0002352789,0
LR1512,Pynes Town,Sinoe,5131.0,776.07966764,2020,10,0,0,0.0,343.64975611368817,25.26069404602051,2020-10-01,0,6.6114346425322355,0.0,0.0,416.3674570719401,24.486768417358395,0.0,1,0.00016041147,0
LR1512,Pynes Town,Sinoe,5131.0,776.07966764,2020,11,0,0,0.0,162.38806947072342,25.582710037231443,2020-11-01,0,6.6114346425322355,0.0,0.0,343.64975611368817,25.26069404602051,0.0,0,2.1150972e-05,0
LR1512,Pynes Town,Sinoe,5131.0,776.07966764,2020,12,0,0,0.0,137.0609086354574,25.68654426574708,2020-12-01,0,6.6114346425322355,0.0,0.0,162.38806947072342,25.582710037231443,0.0,0,3.0936586e-05,0
LR1512,Pynes Town,Sinoe,5131.0,776.07966764,2021,1,0,0,0.0,39.550006071726486,25.54140411376953,2021-01-01,0,6.6114346425322355,0.0,0.0,137.0609086354574,25.68654426574708,0.0,0,0.011273001,0
LR1512,Pynes Town,Sinoe,5131.0,776.07966764,2021,2,0,0,0.0,165.85827700297037,26.17775123596192,2021-02-01,0,6.6114346425322355,0.0,0.0,39.550006071726486,25.54140411376953,0.0,0,1.3008766e-05,0
LR1512,Pynes Town,Sinoe,5131.0,776.07966764,2021,3,0,0,0.0,256.33318456014,25.598337097167967,2021-03-01,0,6.6114346425322355,0.0,0.0,165.85827700297037,26.17775123596192,0.0,0,2.942174e-05,0
LR1512,Pynes Town,Sinoe,5131.0,776.07966764,2021,4,0,0,0.0,174.84135500590006,26.08556762695312,2021-04-01,0,6.6114346425322355,0.0,0.0,256.33318456014,25.598337097167967,0.0,0,0.0005274128,0
LR1512,Pynes Town,Sinoe,5131.0,776.07966764,2021,5,0,0,0.0,252.8784128824869,26.04400093078614,2021-05-01,0,6.6114346425322355,0.0,0.0,174.84135500590006,26.08556762695312,0.0,1,8.333361e-05,0
LR1512,Pynes Town,Sinoe,5131.0,776.07966764,2021,6,0,0,0.0,451.07573699951183,25.315076293945307,2021-06-01,0,6.6114346425322355,0.0,0.0,252.8784128824869,26.04400093078614,0.0,1,0.0009294682,0
LR1512,Pynes Town,Sinoe,5131.0,776.07966764,2021,7,0,0,0.0,179.78142992655432,24.215825881958008,2021-07-01,0,6.6114346425322355,0.0,0.0,451.07573699951183,25.315076293945307,0.0,1,0.00022509825,0
LR1512,Pynes Town,Sinoe,5131.0,776.07966764,2021,8,0,0,0.0,274.3638394673666,24.356737136840817,2021-08-01,0,6.6114346425322355,0.0,0.0,179.78142992655432,24.215825881958008,0.0,1,0.00015437663,0
LR1512,Pynes Town,Sinoe,5131.0,776.07966764,2021,9,0,0,0.0,474.0601908365886,24.82639205932617,2021-09-01,0,6.6114346425322355,0.0,0.0,274.3638394673666,24.356737136840817,0.0,1,0.00019464604,0
LR1512,Pynes Town,Sinoe,5131.0,776.07966764,2021,10,0,0,0.0,296.0404561360677,25.50235626220704,2021-10-01,0,6.6114346425322355,0.0,0.0,474.0601908365886,24.82639205932617,0.0,1,0.00020280338,0
LR1512,Pynes Town,Sinoe,5131.0,776.07966764,2021,11,0,0,0.0,129.4963970184326,25.674915847778323,2021-11-01,0,6.6114346425322355,0.0,0.0,296.0404561360677,25.50235626220704,0.0,0,0.00044699849,0
LR1512,Pynes Town,Sinoe,5131.0,776.07966764,2021,12,0,0,0.0,55.117746671040855,25.96906372070313,2021-12-01,0,6.6114346425322355,0.0,0.0,129.4963970184326,25.674915847778323,0.0,0,9.4190254e-05,0
LR1512,Pynes Town,Sinoe,5131.0,776.07966764,2022,1,0,0,0.0,29.761635621388752,25.155808792114257,2022-01-01,0,6.6114346425322355,0.0,0.0,55.117746671040855,25.96906372070313,0.0,0,0.00023810542,0
LR1512,Pynes Town,Sinoe,5131.0,776.07966764,2022,2,0,0,0.0,99.09296067555748,26.00641754150391,2022-02-01,0,6.6114346425322355,0.0,0.0,29.761635621388752,25.155808792114257,0.0,0,1.0525858e-05,0
LR1512,Pynes Town,Sinoe,5131.0,776.07966764,2022,3,0,0,0.0,203.7119642893473,25.97517570495605,2022-03-01,0,6.6114346425322355,0.0,0.0,99.09296067555748,26.00641754150391,0.0,0,1.15207495e-05,0
LR1512,Pynes Town,Sinoe,5131.0,776.07966764,2022,4,0,0,0.0,219.4970906575521,26.083953323364256,2022-04-01,0,6.6114346425322355,0.0,0.0,203.7119642893473,25.97517570495605,0.0,0,0.0008443499,0
LR1512,Pynes Town,Sinoe,5131.0,776.07966764,2022,5,0,0,0.0,284.2282206217448,25.834883728027343,2022-05-01,0,6.6114346425322355,0.0,0.0,219.4970906575521,26.083953323364256,0.0,1,0.00051560835,0
LR1512,Pynes Town,Sinoe,5131.0,776.07966764,2022,6,0,0,0.0,507.9275410970052,24.995298080444336,2022-06-01,0,6.6114346425322355,0.0,0.0,284.2282206217448,25.834883728027343,0.0,1,0.00010326299,0
LR1512,Pynes Town,Sinoe,5131.0,776.07966764,2022,7,0,0,0.0,55.560027440389,23.944956970214843,2022-07-01,0,6.6114346425322355,0.0,0.0,507.9275410970052,24.995298080444336,0.0,1,0.00010039297,0
LR1512,Pynes Town,Sinoe,5131.0,776.07966764,2022,8,0,0,0.0,199.07384745279944,23.779527053833007,2022-08-01,0,6.6114346425322355,0.0,0.0,55.560027440389,23.944956970214843,0.0,1,3.799314e-06,0
LR1512,Pynes Town,Sinoe,5131.0,776.07966764,2022,9,0,0,0.0,291.7311719258626,24.236168975830086,2022-09-01,0,6.6114346425322355,0.0,0.0,199.07384745279944,23.779527053833007,0.0,1,0.00032130236,0
LR1512,Pynes Town,Sinoe,5131.0,776.07966764,2022,10,0,0,0.0,338.3087565104167,25.289878845214847,2022-10-01,0,6.6114346425322355,0.0,0.0,291.7311719258626,24.236168975830086,0.0,1,0.0007339036,0
LR1512,Pynes Town,Sinoe,5131.0,776.07966764,2022,11,0,0,0.0,204.36567370096847,25.32918891906738,2022-11-01,0,6.6114346425322355,0.0,0.0,338.3087565104167,25.289878845214847,0.0,0,2.8826147e-05,0
LR1512,Pynes Town,Sinoe,5131.0,776.07966764,2022,12,0,0,0.0,93.04330603281656,25.188958435058595,2022-12-01,0,6.6114346425322355,0.0,0.0,204.36567370096847,25.32918891906738,0.0,0,4.8523005e-05,0
LR1512,Pynes Town,Sinoe,5131.0,776.07966764,2023,1,0,0,0.0,40.18865712483724,25.22242927551269,2023-01-01,0,6.6114346425322355,0.0,0.0,93.04330603281656,25.188958435058595,0.0,0,0.00016983369,0
LR1512,Pynes Town,Sinoe,5131.0,776.07966764,2023,2,0,0,0.0,60.94635041554768,26.304370956420897,2023-02-01,0,6.6114346425322355,0.0,0.0,40.18865712483724,25.22242927551269,0.0,0,1.2242533e-05,0
LR1513,Sanquin Dist #1,Sinoe,2375.0,366.36208227,2020,4,0,0,0.0,185.094469510592,27.01860982721502,2020-04-01,0,6.482657772017145,0.0,0.0,274.8814204289363,27.156615343960848,0.0,0,0.00035882537,0
LR1513,Sanquin Dist #1,Sinoe,2375.0,366.36208227,2020,5,0,0,0.0,343.5579552283654,26.775340687144887,2020-05-01,0,6.482657772017145,0.0,0.0,185.094469510592,27.01860982721502,0.0,1,0.00019596466,0
LR1513,Sanquin Dist #1,Sinoe,2375.0,366.36208227,2020,6,0,0,0.0,581.1375544621395,25.643077676946465,2020-06-01,0,6.482657772017145,0.0,0.0,343.5579552283654,26.775340687144887,0.0,1,0.0008560275,0
LR1513,Sanquin Dist #1,Sinoe,2375.0,366.36208227,2020,7,0,0,0.0,128.72700500488278,24.565532510930844,2020-07-01,0,6.482657772017145,0.0,0.0,581.1375544621395,25.643077676946465,0.0,1,0.0028469136,0
LR1513,Sanquin Dist #1,Sinoe,2375.0,366.36208227,2020,8,0,0,0.0,116.799318753756,24.320598775690254,2020-08-01,0,6.482657772017145,0.0,0.0,128.72700500488278,24.565532510930844,0.0,1,2.863223e-05,0
LR1513,Sanquin Dist #1,Sinoe,2375.0,366.36208227,2020,9,0,0,0.0,481.6736074594351,24.99175279790705,2020-09-01,0,6.482657772017145,0.0,0.0,116.799318753756,24.320598775690254,0.0,1,0.000105602936,0
LR1513,Sanquin Dist #1,Sinoe,2375.0,366.36208227,2020,10,0,0,0.0,389.7986919696514,25.79920872774991,2020-10-01,0,6.482657772017145,0.0,0.0,481.6736074594351,24.99175279790705,0.0,1,4.8298134e-05,0
LR1513,Sanquin Dist #1,Sinoe,2375.0,366.36208227,2020,11,0,0,0.0,201.88763779860275,26.11337349631569,2020-11-01,0,6.482657772017145,0.0,0.0,389.7986919696514,25.79920872774991,0.0,0,0.00016379688,0
LR1513,Sanquin Dist #1,Sinoe,2375.0,366.36208227,2020,12,0,0,0.0,130.650882427509,26.284619418057527,2020-12-01,0,6.482657772017145,0.0,0.0,201.88763779860275,26.11337349631569,0.0,0,3.9103797e-05,0
LR1513,Sanquin Dist #1,Sinoe,2375.0,366.36208227,2021,1,0,0,0.0,30.45312015826886,26.2048643285578,2021-01-01,0,6.482657772017145,0.0,0.0,130.650882427509,26.284619418057527,0.0,0,0.0023118826,0
LR1513,Sanquin Dist #1,Sinoe,2375.0,366.36208227,2021,2,0,0,0.0,132.74741070087143,26.7974853515625,2021-02-01,0,6.482657772017145,0.0,0.0,30.45312015826886,26.2048643285578,0.0,0,1.2616568e-05,0
LR1513,Sanquin Dist #1,Sinoe,2375.0,366.36208227,2021,3,0,0,0.0,270.8770552415114,26.15421936728737,2021-03-01,0,6.482657772017145,0.0,0.0,132.74741070087143,26.7974853515625,0.0,0,0.00031436153,0
LR1513,Sanquin Dist #1,Sinoe,2375.0,366.36208227,2021,4,0,0,0.0,161.9189957838792,26.717166380448774,2021-04-01,0,6.482657772017145,0.0,0.0,270.8770552415114,26.15421936728737,0.0,0,0.00016312636,0
LR1513,Sanquin Dist #1,Sinoe,2375.0,366.36208227,2021,5,0,0,0.0,296.4142362154447,26.705030267888848,2021-05-01,0,6.482657772017145,0.0,0.0,161.9189957838792,26.717166380448774,0.0,1,7.9706224e-05,0
LR1513,Sanquin Dist #1,Sinoe,2375.0,366.36208227,2021,6,0,0,0.0,558.2565424992488,25.906971671364524,2021-06-01,0,6.482657772017145,0.0,0.0,296.4142362154447,26.705030267888848,0.0,1,0.00050854246,0
LR1513,Sanquin Dist #1,Sinoe,2375.0,366.36208227,2021,7,0,0,0.0,193.3707521878756,24.96086623451927,2021-07-01,0,6.482657772017145,0.0,0.0,558.2565424992488,25.906971671364524,0.0,1,3.651874e-05,0
LR1513,Sanquin Dist #1,Sinoe,2375.0,366.36208227,2021,8,0,0,0.0,393.9545569786659,25.02993080832741,2021-08-01,0,6.482657772017145,0.0,0.0,193.3707521878756,24.96086623451927,0.0,1,0.0001483457,0
LR1513,Sanquin Dist #1,Sinoe,2375.0,366.36208227,2021,9,0,0,0.0,607.1674335186299,25.341204209761187,2021-09-01,0,6.482657772017145,0.0,0.0,393.9545569786659,25.02993080832741,0.0,1,0.0001677199,0
LR1513,Sanquin Dist #1,Sinoe,2375.0,366.36208227,2021,10,0,0,0.0,356.20175875150244,26.05720155889338,2021-10-01,0,6.482657772017145,0.0,0.0,607.1674335186299,25.341204209761187,0.0,1,5.690672e-05,0
LR1513,Sanquin Dist #1,Sinoe,2375.0,366.36208227,2021,11,0,0,0.0,208.87173227163456,26.28540732643821,2021-11-01,0,6.482657772017145,0.0,0.0,356.20175875150244,26.05720155889338,0.0,0,0.00018601582,0
LR1513,Sanquin Dist #1,Sinoe,2375.0,366.36208227,2021,12,0,0,0.0,70.72707132192758,26.632415424693715,2021-12-01,0,6.482657772017145,0.0,0.0,208.87173227163456,26.28540732643821,0.0,0,4.894676e-05,0
LR1513,Sanquin Dist #1,Sinoe,2375.0,366.36208227,2022,1,0,0,0.0,25.630681844858028,26.11069939353249,2022-01-01,0,6.482657772017145,0.0,0.0,70.72707132192758,26.632415424693715,0.0,0,0.00065846427,0
LR1513,Sanquin Dist #1,Sinoe,2375.0,366.36208227,2022,2,0,0,0.0,88.85748467078575,26.6784220608798,2022-02-01,0,6.482657772017145,0.0,0.0,25.630681844858028,26.11069939353249,0.0,0,5.383236e-06,0
LR1513,Sanquin Dist #1,Sinoe,2375.0,366.36208227,2022,3,0,0,0.0,211.5821591890776,26.527450908314098,2022-03-01,0,6.482657772017145,0.0,0.0,88.85748467078575,26.6784220608798,0.0,0,4.4542085e-05,0
LR1513,Sanquin Dist #1,Sinoe,2375.0,366.36208227,2022,4,0,0,0.0,199.51525057279147,26.75751478021796,2022-04-01,0,6.482657772017145,0.0,0.0,211.5821591890776,26.527450908314098,0.0,0,0.000364613,0
LR1513,Sanquin Dist #1,Sinoe,2375.0,366.36208227,2022,5,0,0,0.0,330.8315218411959,26.53145703402432,2022-05-01,0,6.482657772017145,0.0,0.0,199.51525057279147,26.75751478021796,0.0,1,0.00021181285,0
LR1513,Sanquin Dist #1,Sinoe,2375.0,366.36208227,2022,6,0,0,0.0,678.9607731745793,25.645632657137785,2022-06-01,0,6.482657772017145,0.0,0.0,330.8315218411959,26.53145703402432,0.0,1,0.00044919833,0
LR1513,Sanquin Dist #1,Sinoe,2375.0,366.36208227,2022,7,0,0,0.0,63.13725104698767,24.637262170965023,2022-07-01,0,6.482657772017145,0.0,0.0,678.9607731745793,25.645632657137785,0.0,1,0.0007170806,0
LR1513,Sanquin Dist #1,Sinoe,2375.0,366.36208227,2022,8,0,0,0.0,233.1529998779297,24.403552142056554,2022-08-01,0,6.482657772017145,0.0,0.0,63.13725104698767,24.637262170965023,0.0,1,2.0337935e-05,0
LR1513,Sanquin Dist #1,Sinoe,2375.0,366.36208227,2022,9,0,0,0.0,379.7255530724159,24.80964071100408,2022-09-01,0,6.482657772017145,0.0,0.0,233.1529998779297,24.403552142056554,0.0,1,0.0004386431,0
LR1513,Sanquin Dist #1,Sinoe,2375.0,366.36208227,2022,10,0,0,0.0,352.0279353215144,25.78679709001021,2022-10-01,0,6.482657772017145,0.0,0.0,379.7255530724159,24.80964071100408,0.0,1,4.7297883e-05,0
LR1513,Sanquin Dist #1,Sinoe,2375.0,366.36208227,2022,11,0,0,0.0,293.3834909292368,25.87361526489257,2022-11-01,0,6.482657772017145,0.0,0.0,352.0279353215144,25.78679709001021,0.0,0,4.269581e-05,0
LR1513,Sanquin Dist #1,Sinoe,2375.0,366.36208227,2022,12,0,0,0.0,94.61898510272684,25.925921353426844,2022-12-01,0,6.482657772017145,0.0,0.0,293.3834909292368,25.87361526489257,0.0,0,0.00015923771,0
LR1513,Sanquin Dist #1,Sinoe,2375.0,366.36208227,2023,1,0,0,0.0,29.087088511540337,25.9586313421076,2023-01-01,0,6.482657772017145,0.0,0.0,94.61898510272684,25.925921353426844,0.0,0,0.0005604009,0
LR1513,Sanquin Dist #1,Sinoe,2375.0,366.36208227,2023,2,0,0,0.0,46.265974191518936,26.8762470592152,2023-02-01,0,6.482657772017145,0.0,0.0,29.087088511540337,25.9586313421076,0.0,0,4.638217e-05,0
LR1514,Sanquin Dist #3,Sinoe,2175.0,432.76580458,2020,4,0,0,0.0,159.55279159545898,27.312731043497724,2020-04-01,0,5.025812984717777,0.0,0.0,244.1102472941081,27.39617970784505,0.0,0,0.00083542016,0
LR1514,Sanquin Dist #3,Sinoe,2175.0,432.76580458,2020,5,0,0,0.0,405.0231068929036,27.065267690022782,2020-05-01,0,5.025812984717777,0.0,0.0,159.55279159545898,27.312731043497724,0.0,1,0.0002553643,0
LR1514,Sanquin Dist #3,Sinoe,2175.0,432.76580458,2020,6,0,0,0.0,687.4539235432942,25.96298090616862,2020-06-01,0,5.025812984717777,0.0,0.0,405.0231068929036,27.065267690022782,0.0,1,0.00057487877,0
LR1514,Sanquin Dist #3,Sinoe,2175.0,432.76580458,2020,7,0,0,0.0,146.70341237386066,24.87937825520833,2020-07-01,0,5.025812984717777,0.0,0.0,687.4539235432942,25.96298090616862,0.0,1,0.0027098788,0
LR1514,Sanquin Dist #3,Sinoe,2175.0,432.76580458,2020,8,0,0,0.0,101.2996826171875,24.627437337239584,2020-08-01,0,5.025812984717777,0.0,0.0,146.70341237386066,24.87937825520833,0.0,1,5.205289e-05,0
LR1514,Sanquin Dist #3,Sinoe,2175.0,432.76580458,2020,9,0,0,0.0,497.73427836100257,25.24141082763672,2020-09-01,0,5.025812984717777,0.0,0.0,101.2996826171875,24.627437337239584,0.0,1,3.5951492e-05,0
LR1514,Sanquin Dist #3,Sinoe,2175.0,432.76580458,2020,10,0,0,0.0,419.9407806396485,26.042987823486328,2020-10-01,0,5.025812984717777,0.0,0.0,497.73427836100257,25.24141082763672,0.0,1,2.6683185e-05,0
LR1514,Sanquin Dist #3,Sinoe,2175.0,432.76580458,2020,11,0,0,0.0,209.3126513163249,26.35797742207845,2020-11-01,0,5.025812984717777,0.0,0.0,419.9407806396485,26.042987823486328,0.0,0,0.00015089814,0
LR1514,Sanquin Dist #3,Sinoe,2175.0,432.76580458,2020,12,0,0,0.0,140.92011833190918,26.52707328796387,2020-12-01,0,5.025812984717777,0.0,0.0,209.3126513163249,26.35797742207845,0.0,0,8.047983e-05,0
LR1514,Sanquin Dist #3,Sinoe,2175.0,432.76580458,2021,1,0,0,0.0,30.38128916422526,26.50828704833984,2021-01-01,0,5.025812984717777,0.0,0.0,140.92011833190918,26.52707328796387,0.0,0,0.0019496036,0
LR1514,Sanquin Dist #3,Sinoe,2175.0,432.76580458,2021,2,0,0,0.0,136.72040685017905,27.06534423828125,2021-02-01,0,5.025812984717777,0.0,0.0,30.38128916422526,26.50828704833984,0.0,0,2.2210761e-05,0
LR1514,Sanquin Dist #3,Sinoe,2175.0,432.76580458,2021,3,0,0,0.0,248.4905153910319,26.398916498819982,2021-03-01,0,5.025812984717777,0.0,0.0,136.72040685017905,27.06534423828125,0.0,0,0.000100899524,0
LR1514,Sanquin Dist #3,Sinoe,2175.0,432.76580458,2021,4,0,0,0.0,145.15370559692383,27.006637827555338,2021-04-01,0,5.025812984717777,0.0,0.0,248.4905153910319,26.398916498819982,0.0,0,0.0004538253,0
LR1514,Sanquin Dist #3,Sinoe,2175.0,432.76580458,2021,5,0,0,0.0,309.9118881225586,27.01238390604655,2021-05-01,0,5.025812984717777,0.0,0.0,145.15370559692383,27.006637827555338,0.0,1,0.00011118528,0
LR1514,Sanquin Dist #3,Sinoe,2175.0,432.76580458,2021,6,0,0,0.0,689.458033243815,26.198025131225585,2021-06-01,0,5.025812984717777,0.0,0.0,309.9118881225586,27.01238390604655,0.0,1,0.00079206494,0
LR1514,Sanquin Dist #3,Sinoe,2175.0,432.76580458,2021,7,0,0,0.0,257.2648862202962,25.30220082600912,2021-07-01,0,5.025812984717777,0.0,0.0,689.458033243815,26.198025131225585,0.0,1,9.184742e-05,0
LR1514,Sanquin Dist #3,Sinoe,2175.0,432.76580458,2021,8,0,0,0.0,351.00232187906903,25.351992162068687,2021-08-01,0,5.025812984717777,0.0,0.0,257.2648862202962,25.30220082600912,0.0,1,0.00028928136,0
LR1514,Sanquin Dist #3,Sinoe,2175.0,432.76580458,2021,9,0,0,0.0,639.6644032796223,25.61654713948568,2021-09-01,0,5.025812984717777,0.0,0.0,351.00232187906903,25.351992162068687,0.0,1,4.843789e-05,0
LR1514,Sanquin Dist #3,Sinoe,2175.0,432.76580458,2021,10,0,0,0.0,418.3758112589518,26.338524500528973,2021-10-01,0,5.025812984717777,0.0,0.0,639.6644032796223,25.61654713948568,0.0,1,9.08905e-05,0
LR1514,Sanquin Dist #3,Sinoe,2175.0,432.76580458,2021,11,0,0,0.0,220.5955327351888,26.531474685668947,2021-11-01,0,5.025812984717777,0.0,0.0,418.3758112589518,26.338524500528973,0.0,0,0.00023753561,0
LR1514,Sanquin Dist #3,Sinoe,2175.0,432.76580458,2021,12,0,0,0.0,84.13407325744627,26.90013643900553,2021-12-01,0,5.025812984717777,0.0,0.0,220.5955327351888,26.531474685668947,0.0,0,0.00057701586,0
LR1514,Sanquin Dist #3,Sinoe,2175.0,432.76580458,2022,1,0,0,0.0,25.71790107091268,26.544135793050128,2022-01-01,0,5.025812984717777,0.0,0.0,84.13407325744627,26.90013643900553,0.0,0,0.00022324217,0
LR1514,Sanquin Dist #3,Sinoe,2175.0,432.76580458,2022,2,0,0,0.0,93.92563756306966,26.951475143432614,2022-02-01,0,5.025812984717777,0.0,0.0,25.71790107091268,26.544135793050128,0.0,0,1.2255954e-05,0
LR1514,Sanquin Dist #3,Sinoe,2175.0,432.76580458,2022,3,0,0,0.0,175.46630859375,26.726500701904296,2022-03-01,0,5.025812984717777,0.0,0.0,93.92563756306966,26.951475143432614,0.0,0,2.931123e-05,0
LR1514,Sanquin Dist #3,Sinoe,2175.0,432.76580458,2022,4,0,0,0.0,178.14694086710614,27.03188705444336,2022-04-01,0,5.025812984717777,0.0,0.0,175.46630859375,26.726500701904296,0.0,0,5.0193863e-05,0
LR1514,Sanquin Dist #3,Sinoe,2175.0,432.76580458,2022,5,0,0,0.0,388.6113204956055,26.82969029744466,2022-05-01,0,5.025812984717777,0.0,0.0,178.14694086710614,27.03188705444336,0.0,1,0.00014485962,0
LR1514,Sanquin Dist #3,Sinoe,2175.0,432.76580458,2022,6,0,0,0.0,810.4095865885416,25.963786315917968,2022-06-01,0,5.025812984717777,0.0,0.0,388.6113204956055,26.82969029744466,0.0,1,0.0004540609,0
LR1514,Sanquin Dist #3,Sinoe,2175.0,432.76580458,2022,7,0,0,0.0,60.7187967300415,24.95225067138672,2022-07-01,0,5.025812984717777,0.0,0.0,810.4095865885416,25.963786315917968,0.0,1,0.0001504381,0
LR1514,Sanquin Dist #3,Sinoe,2175.0,432.76580458,2022,8,0,0,0.0,220.3188781738281,24.68198776245117,2022-08-01,0,5.025812984717777,0.0,0.0,60.7187967300415,24.95225067138672,0.0,1,1.6005572e-05,0
LR1514,Sanquin Dist #3,Sinoe,2175.0,432.76580458,2022,9,0,0,0.0,428.8911412556967,25.08743782043457,2022-09-01,0,5.025812984717777,0.0,0.0,220.3188781738281,24.68198776245117,0.0,1,0.0001554474,0
LR1514,Sanquin Dist #3,Sinoe,2175.0,432.76580458,2022,10,0,0,0.0,377.5901336669922,26.0310162862142,2022-10-01,0,5.025812984717777,0.0,0.0,428.8911412556967,25.08743782043457,0.0,1,5.5894994e-05,0
LR1514,Sanquin Dist #3,Sinoe,2175.0,432.76580458,2022,11,0,0,0.0,258.3675676981608,26.104543431599936,2022-11-01,0,5.025812984717777,0.0,0.0,377.5901336669922,26.0310162862142,0.0,0,0.00018836376,0
LR1514,Sanquin Dist #3,Sinoe,2175.0,432.76580458,2022,12,0,0,0.0,104.42108472188312,26.25236663818359,2022-12-01,0,5.025812984717777,0.0,0.0,258.3675676981608,26.104543431599936,0.0,0,5.4947563e-05,0
LR1514,Sanquin Dist #3,Sinoe,2175.0,432.76580458,2023,1,0,0,0.0,25.0908416112264,26.33064651489257,2023-01-01,0,5.025812984717777,0.0,0.0,104.42108472188312,26.25236663818359,0.0,0,0.00029326743,0
LR1514,Sanquin Dist #3,Sinoe,2175.0,432.76580458,2023,2,0,0,0.0,58.24989859263103,27.083034896850588,2023-02-01,0,5.025812984717777,0.0,0.0,25.0908416112264,26.33064651489257,0.0,0,4.474115e-05,0
LR1515,Sanquin Dist #2,Sinoe,2837.0,310.79811784,2020,4,0,0,0.0,173.14316350763497,27.36187515258789,2020-04-01,0,9.128111906586572,0.0,0.0,276.57537980513143,27.40787239074707,0.0,0,0.0016445137,0
LR1515,Sanquin Dist #2,Sinoe,2837.0,310.79811784,2020,5,0,0,0.0,500.0993347167969,27.11684017181397,2020-05-01,0,9.128111906586572,0.0,0.0,173.14316350763497,27.36187515258789,0.0,1,0.0010219773,0
LR1515,Sanquin Dist #2,Sinoe,2837.0,310.79811784,2020,6,0,0,0.0,788.8691295276989,26.01109313964844,2020-06-01,0,9.128111906586572,0.0,0.0,500.0993347167969,27.11684017181397,0.0,1,0.00045841403,0
LR1515,Sanquin Dist #2,Sinoe,2837.0,310.79811784,2020,7,0,0,0.0,167.45849331942472,24.93368034362793,2020-07-01,0,9.128111906586572,0.0,0.0,788.8691295276989,26.01109313964844,0.0,1,0.0018602499,0
LR1515,Sanquin Dist #2,Sinoe,2837.0,310.79811784,2020,8,0,0,0.0,92.35520865700462,24.688850021362303,2020-08-01,0,9.128111906586572,0.0,0.0,167.45849331942472,24.93368034362793,0.0,1,2.9501898e-05,0
LR1515,Sanquin Dist #2,Sinoe,2837.0,310.79811784,2020,9,0,0,0.0,591.6839988014914,25.283962440490725,2020-09-01,0,9.128111906586572,0.0,0.0,92.35520865700462,24.688850021362303,0.0,1,4.2029733e-05,0
LR1515,Sanquin Dist #2,Sinoe,2837.0,310.79811784,2020,10,0,0,0.0,469.0798173384233,26.077403068542484,2020-10-01,0,9.128111906586572,0.0,0.0,591.6839988014914,25.283962440490725,0.0,1,4.2255553e-05,0
LR1515,Sanquin Dist #2,Sinoe,2837.0,310.79811784,2020,11,0,0,0.0,243.2862687544389,26.39452972412109,2020-11-01,0,9.128111906586572,0.0,0.0,469.0798173384233,26.077403068542484,0.0,0,5.252875e-05,0
LR1515,Sanquin Dist #2,Sinoe,2837.0,310.79811784,2020,12,0,0,0.0,138.98584123091263,26.54777221679688,2020-12-01,0,9.128111906586572,0.0,0.0,243.2862687544389,26.39452972412109,0.0,0,0.00045047313,0
LR1515,Sanquin Dist #2,Sinoe,2837.0,310.79811784,2021,1,0,0,0.0,37.42262216047808,26.552818107604978,2021-01-01,0,9.128111906586572,0.0,0.0,138.98584123091263,26.54777221679688,0.0,0,0.0012702667,0
LR1515,Sanquin Dist #2,Sinoe,2837.0,310.79811784,2021,2,0,0,0.0,151.97252308238637,27.10563201904297,2021-02-01,0,9.128111906586572,0.0,0.0,37.42262216047808,26.552818107604978,0.0,0,2.3012039e-05,0
LR1515,Sanquin Dist #2,Sinoe,2837.0,310.79811784,2021,3,0,0,0.0,272.4713148637251,26.438879203796382,2021-03-01,0,9.128111906586572,0.0,0.0,151.97252308238637,27.10563201904297,0.0,0,0.00023575811,0
LR1515,Sanquin Dist #2,Sinoe,2837.0,310.79811784,2021,4,0,0,0.0,154.19527782093397,27.05250415802002,2021-04-01,0,9.128111906586572,0.0,0.0,272.4713148637251,26.438879203796382,0.0,0,0.0005367141,0
LR1515,Sanquin Dist #2,Sinoe,2837.0,310.79811784,2021,5,0,0,0.0,367.9288246848366,27.064575386047363,2021-05-01,0,9.128111906586572,0.0,0.0,154.19527782093397,27.05250415802002,0.0,1,0.00012509823,0
LR1515,Sanquin Dist #2,Sinoe,2837.0,310.79811784,2021,6,1,1,35.24850193866761,868.6448142311791,26.25409889221192,2021-06-01,0,9.128111906586572,0.0,0.0,367.9288246848366,27.064575386047363,0.0,1,0.0007107154,0
LR1515,Sanquin Dist #2,Sinoe,2837.0,310.79811784,2021,7,0,0,0.0,321.36337835138494,25.35342788696289,2021-07-01,0,9.128111906586572,1.0,35.24850193866761,868.6448142311791,26.25409889221192,0.3333333333333333,1,0.00014966034,0
LR1515,Sanquin Dist #2,Sinoe,2837.0,310.79811784,2021,8,0,0,0.0,324.4326698996804,25.40533504486084,2021-08-01,0,9.128111906586572,0.0,0.0,321.36337835138494,25.35342788696289,0.3333333333333333,1,0.00015464079,0
LR1515,Sanquin Dist #2,Sinoe,2837.0,310.79811784,2021,9,0,0,0.0,751.4854403409091,25.672452926635746,2021-09-01,0,9.128111906586572,0.0,0.0,324.4326698996804,25.40533504486084,0.3333333333333333,1,0.0011357599,0
LR1515,Sanquin Dist #2,Sinoe,2837.0,310.79811784,2021,10,0,0,0.0,478.7979264692826,26.39318428039551,2021-10-01,0,9.128111906586572,0.0,0.0,751.4854403409091,25.672452926635746,0.0,1,0.00010846951,0
LR1515,Sanquin Dist #2,Sinoe,2837.0,310.79811784,2021,11,0,0,0.0,238.50960193980825,26.552293014526366,2021-11-01,0,9.128111906586572,0.0,0.0,478.7979264692826,26.39318428039551,0.0,0,0.000195057,0
LR1515,Sanquin Dist #2,Sinoe,2837.0,310.79811784,2021,12,0,0,0.0,85.46359183571555,26.92252311706543,2021-12-01,0,9.128111906586572,0.0,0.0,238.50960193980825,26.552293014526366,0.0,0,0.00033605183,0
LR1515,Sanquin Dist #2,Sinoe,2837.0,310.79811784,2022,1,0,0,0.0,29.4017356525768,26.61249885559082,2022-01-01,0,9.128111906586572,0.0,0.0,85.46359183571555,26.92252311706543,0.0,0,0.00030696538,0
LR1515,Sanquin Dist #2,Sinoe,2837.0,310.79811784,2022,2,0,0,0.0,100.60399488969284,26.98248805999756,2022-02-01,0,9.128111906586572,0.0,0.0,29.4017356525768,26.61249885559082,0.0,0,1.6853677e-05,0
LR1515,Sanquin Dist #2,Sinoe,2837.0,310.79811784,2022,3,0,0,0.0,189.0595286976208,26.74236068725586,2022-03-01,0,9.128111906586572,0.0,0.0,100.60399488969284,26.98248805999756,0.0,0,5.2350722e-05,0
LR1515,Sanquin Dist #2,Sinoe,2837.0,310.79811784,2022,4,0,0,0.0,185.69861394708803,27.07167377471924,2022-04-01,0,9.128111906586572,0.0,0.0,189.0595286976208,26.74236068725586,0.0,0,0.00020664459,0
LR1515,Sanquin Dist #2,Sinoe,2837.0,310.79811784,2022,5,0,0,0.0,481.2251642400568,26.86845912933349,2022-05-01,0,9.128111906586572,0.0,0.0,185.69861394708803,27.07167377471924,0.0,1,0.00017424369,0
LR1515,Sanquin Dist #2,Sinoe,2837.0,310.79811784,2022,6,0,0,0.0,920.4611206054686,26.020987129211424,2022-06-01,0,9.128111906586572,0.0,0.0,481.2251642400568,26.86845912933349,0.0,1,0.00053486513,0
LR1515,Sanquin Dist #2,Sinoe,2837.0,310.79811784,2022,7,0,0,0.0,73.41532759232955,24.994437789917,2022-07-01,0,9.128111906586572,0.0,0.0,920.4611206054686,26.020987129211424,0.0,1,0.00020686303,0
LR1515,Sanquin Dist #2,Sinoe,2837.0,310.79811784,2022,8,0,0,0.0,211.8548112349077,24.71741313934326,2022-08-01,0,9.128111906586572,0.0,0.0,73.41532759232955,24.994437789917,0.0,1,2.0446254e-05,0
LR1515,Sanquin Dist #2,Sinoe,2837.0,310.79811784,2022,9,0,0,0.0,529.3832924582742,25.13236026763916,2022-09-01,0,9.128111906586572,0.0,0.0,211.8548112349077,24.71741313934326,0.0,1,7.813621e-05,0
LR1515,Sanquin Dist #2,Sinoe,2837.0,310.79811784,2022,10,0,0,0.0,428.1454523259944,26.07630176544189,2022-10-01,0,9.128111906586572,0.0,0.0,529.3832924582742,25.13236026763916,0.0,1,2.98258e-05,0
LR1515,Sanquin Dist #2,Sinoe,2837.0,310.79811784,2022,11,0,0,0.0,305.798828125,26.13403263092041,2022-11-01,0,9.128111906586572,0.0,0.0,428.1454523259944,26.07630176544189,0.0,0,0.00029591733,0
LR1515,Sanquin Dist #2,Sinoe,2837.0,310.79811784,2022,12,0,0,0.0,109.30913613059305,26.30668659210205,2022-12-01,0,9.128111906586572,0.0,0.0,305.798828125,26.13403263092041,0.0,0,4.3364093e-05,0
LR1515,Sanquin Dist #2,Sinoe,2837.0,310.79811784,2023,1,0,0,0.0,26.20121626420455,26.43420753479004,2023-01-01,0,9.128111906586572,0.0,0.0,109.30913613059305,26.30668659210205,0.0,0,0.00038551103,0
LR1515,Sanquin Dist #2,Sinoe,2837.0,310.79811784,2023,2,0,0,0.0,62.0299318486994,27.11657257080078,2023-02-01,0,9.128111906586572,0.0,0.0,26.20121626420455,26.43420753479004,0.0,0,8.269793e-05,0
LR1516,Seekon,Sinoe,5999.0,932.8411018,2020,4,0,0,0.0,205.0545552571614,26.351377313787285,2020-04-01,0,6.4308915938892435,0.0,0.0,284.31946309407545,26.45701483524207,0.0,0,0.00039195866,0
LR1516,Seekon,Sinoe,5999.0,932.8411018,2020,5,0,0,0.0,260.6774291992187,26.150432297677703,2020-05-01,0,6.4308915938892435,0.0,0.0,205.0545552571614,26.351377313787285,0.0,1,0.0013139766,0
LR1516,Seekon,Sinoe,5999.0,932.8411018,2020,6,0,0,0.0,441.2775085449219,24.95955496123343,2020-06-01,0,6.4308915938892435,0.0,0.0,260.6774291992187,26.150432297677703,0.0,1,0.001110407,0
LR1516,Seekon,Sinoe,5999.0,932.8411018,2020,7,0,0,0.0,141.57324244181316,23.903326670328777,2020-07-01,0,6.4308915938892435,0.0,0.0,441.2775085449219,24.95955496123343,0.0,1,0.00022503946,0
LR1516,Seekon,Sinoe,5999.0,932.8411018,2020,8,0,0,0.0,108.32791544596353,23.689038999152903,2020-08-01,0,6.4308915938892435,0.0,0.0,141.57324244181316,23.903326670328777,0.0,1,1.6593165e-05,0
LR1516,Seekon,Sinoe,5999.0,932.8411018,2020,9,0,0,0.0,398.5449279785156,24.46920920863296,2020-09-01,0,6.4308915938892435,0.0,0.0,108.32791544596353,23.689038999152903,0.0,1,0.00026790547,0
LR1516,Seekon,Sinoe,5999.0,932.8411018,2020,10,0,0,0.0,313.9280944824218,25.24533543442235,2020-10-01,0,6.4308915938892435,0.0,0.0,398.5449279785156,24.46920920863296,0.0,1,0.00024669038,0
LR1516,Seekon,Sinoe,5999.0,932.8411018,2020,11,0,0,0.0,132.06041971842447,25.56377347310384,2020-11-01,0,6.4308915938892435,0.0,0.0,313.9280944824218,25.24533543442235,0.0,0,5.5491044e-05,0
LR1516,Seekon,Sinoe,5999.0,932.8411018,2020,12,0,0,0.0,127.35805867513022,25.65903224367084,2020-12-01,0,6.4308915938892435,0.0,0.0,132.06041971842447,25.56377347310384,0.0,0,6.672225e-05,0
LR1516,Seekon,Sinoe,5999.0,932.8411018,2021,1,0,0,0.0,37.49938735961914,25.493627663814664,2021-01-01,0,6.4308915938892435,0.0,0.0,127.35805867513022,25.65903224367084,0.0,0,0.0050275694,0
LR1516,Seekon,Sinoe,5999.0,932.8411018,2021,2,0,0,0.0,151.0630437215169,26.15530268351237,2021-02-01,0,6.4308915938892435,0.0,0.0,37.49938735961914,25.493627663814664,0.0,0,2.3048364e-05,0
LR1516,Seekon,Sinoe,5999.0,932.8411018,2021,3,0,0,0.0,241.16904551188148,25.59056195345792,2021-03-01,0,6.4308915938892435,0.0,0.0,151.0630437215169,26.15530268351237,0.0,0,2.942174e-05,0
LR1516,Seekon,Sinoe,5999.0,932.8411018,2021,4,0,0,0.0,178.41858469645183,26.065902016379617,2021-04-01,0,6.4308915938892435,0.0,0.0,241.16904551188148,25.59056195345792,0.0,0,0.0005255793,0
LR1516,Seekon,Sinoe,5999.0,932.8411018,2021,5,0,0,0.0,251.89298807779952,26.02900828737201,2021-05-01,0,6.4308915938892435,0.0,0.0,178.41858469645183,26.065902016379617,0.0,1,0.00017861194,0
LR1516,Seekon,Sinoe,5999.0,932.8411018,2021,6,0,0,0.0,448.0051381429036,25.298329151037965,2021-06-01,0,6.4308915938892435,0.0,0.0,251.89298807779952,26.02900828737201,0.0,1,0.0010790295,0
LR1516,Seekon,Sinoe,5999.0,932.8411018,2021,7,0,0,0.0,184.06753641764325,24.20473913712935,2021-07-01,0,6.4308915938892435,0.0,0.0,448.0051381429036,25.298329151037965,0.0,1,5.7889425e-05,0
LR1516,Seekon,Sinoe,5999.0,932.8411018,2021,8,0,0,0.0,306.2042704264323,24.338059801043887,2021-08-01,0,6.4308915938892435,0.0,0.0,184.06753641764325,24.20473913712935,0.0,1,0.000249853,0
LR1516,Seekon,Sinoe,5999.0,932.8411018,2021,9,0,0,0.0,465.59815266927086,24.80010558619644,2021-09-01,0,6.4308915938892435,0.0,0.0,306.2042704264323,24.338059801043887,0.0,1,0.00037360343,0
LR1516,Seekon,Sinoe,5999.0,932.8411018,2021,10,0,0,0.0,270.17854461669924,25.48560073158958,2021-10-01,0,6.4308915938892435,0.0,0.0,465.59815266927086,24.80010558619644,0.0,1,4.311265e-05,0
LR1516,Seekon,Sinoe,5999.0,932.8411018,2021,11,0,0,0.0,122.95753173828126,25.666506564978405,2021-11-01,0,6.4308915938892435,0.0,0.0,270.17854461669924,25.48560073158958,0.0,0,7.353291e-05,0
LR1516,Seekon,Sinoe,5999.0,932.8411018,2021,12,0,0,0.0,49.019736480712886,25.92213330124364,2021-12-01,0,6.4308915938892435,0.0,0.0,122.95753173828126,25.666506564978405,0.0,0,0.00015108992,0
LR1516,Seekon,Sinoe,5999.0,932.8411018,2022,1,0,0,0.0,26.46036523183186,25.07955556927305,2022-01-01,0,6.4308915938892435,0.0,0.0,49.019736480712886,25.92213330124364,0.0,0,0.00026395457,0
LR1516,Seekon,Sinoe,5999.0,932.8411018,2022,2,0,0,0.0,92.0403086344401,25.97852446816184,2022-02-01,0,6.4308915938892435,0.0,0.0,26.46036523183186,25.07955556927305,0.0,0,3.3798742e-06,0
LR1516,Seekon,Sinoe,5999.0,932.8411018,2022,3,0,0,0.0,186.94359334309897,25.9875470941717,2022-03-01,0,6.4308915938892435,0.0,0.0,92.0403086344401,25.97852446816184,0.0,0,1.15207495e-05,0
LR1516,Seekon,Sinoe,5999.0,932.8411018,2022,4,0,0,0.0,218.45892283121745,26.080827944206465,2022-04-01,0,6.4308915938892435,0.0,0.0,186.94359334309897,25.9875470941717,0.0,0,0.00039271114,0
LR1516,Seekon,Sinoe,5999.0,932.8411018,2022,5,0,0,0.0,278.7990931193034,25.831264438051164,2022-05-01,0,6.4308915938892435,0.0,0.0,218.45892283121745,26.080827944206465,0.0,1,0.00073883677,0
LR1516,Seekon,Sinoe,5999.0,932.8411018,2022,6,0,0,0.0,486.2190928141275,24.979418263290864,2022-06-01,0,6.4308915938892435,0.0,0.0,278.7990931193034,25.831264438051164,0.0,1,7.510913e-05,0
LR1516,Seekon,Sinoe,5999.0,932.8411018,2022,7,0,0,0.0,64.38534545898438,23.940267042680222,2022-07-01,0,6.4308915938892435,0.0,0.0,486.2190928141275,24.979418263290864,0.0,1,0.00021739844,0
LR1516,Seekon,Sinoe,5999.0,932.8411018,2022,8,0,0,0.0,210.32546590169272,23.76603479096384,2022-08-01,0,6.4308915938892435,0.0,0.0,64.38534545898438,23.940267042680222,0.0,1,4.284938e-06,0
LR1516,Seekon,Sinoe,5999.0,932.8411018,2022,9,0,0,0.0,301.88677368164065,24.2169901529948,2022-09-01,0,6.4308915938892435,0.0,0.0,210.32546590169272,23.76603479096384,0.0,1,0.00050409685,0
LR1516,Seekon,Sinoe,5999.0,932.8411018,2022,10,0,0,0.0,320.5439768473308,25.2667386604078,2022-10-01,0,6.4308915938892435,0.0,0.0,301.88677368164065,24.2169901529948,0.0,1,0.00077676546,0
LR1516,Seekon,Sinoe,5999.0,932.8411018,2022,11,0,0,0.0,188.5553395589193,25.301542339902934,2022-11-01,0,6.4308915938892435,0.0,0.0,320.5439768473308,25.2667386604078,0.0,0,2.1009308e-05,0
LR1516,Seekon,Sinoe,5999.0,932.8411018,2022,12,0,0,0.0,86.27352778116861,25.12395379037568,2022-12-01,0,6.4308915938892435,0.0,0.0,188.5553395589193,25.301542339902934,0.0,0,2.3462499e-05,0
LR1516,Seekon,Sinoe,5999.0,932.8411018,2023,1,0,0,0.0,35.454931513468416,25.14560208176122,2023-01-01,0,6.4308915938892435,0.0,0.0,86.27352778116861,25.12395379037568,0.0,0,5.63368e-05,0
LR1516,Seekon,Sinoe,5999.0,932.8411018,2023,2,0,0,0.0,48.9164675394694,26.279319185199164,2023-02-01,0,6.4308915938892435,0.0,0.0,35.454931513468416,25.14560208176122,0.0,0,1.1213764e-05,0
LR1517,Wedjah,Sinoe,3021.0,627.07019832,2020,4,0,0,0.0,190.3443917168512,26.708714736135384,2020-04-01,0,4.81764243954447,0.0,0.0,289.3485344780816,26.80519294738769,0.0,0,0.00029852998,0
LR1517,Wedjah,Sinoe,3021.0,627.07019832,2020,5,0,0,0.0,348.8988155788846,26.456686622218083,2020-05-01,0,4.81764243954447,0.0,0.0,190.3443917168512,26.708714736135384,0.0,1,0.00025579464,0
LR1517,Wedjah,Sinoe,3021.0,627.07019832,2020,6,0,0,0.0,584.6492445203993,25.252459475868623,2020-06-01,0,4.81764243954447,0.0,0.0,348.8988155788846,26.456686622218083,0.0,1,0.00078385434,0
LR1517,Wedjah,Sinoe,3021.0,627.07019832,2020,7,0,0,0.0,152.6701176961263,24.23164990073756,2020-07-01,0,4.81764243954447,0.0,0.0,584.6492445203993,25.252459475868623,0.0,1,6.0926406e-05,0
LR1517,Wedjah,Sinoe,3021.0,627.07019832,2020,8,0,0,0.0,94.83215671115452,24.04257282457854,2020-08-01,0,4.81764243954447,0.0,0.0,152.6701176961263,24.23164990073756,0.0,1,2.6162807e-05,0
LR1517,Wedjah,Sinoe,3021.0,627.07019832,2020,9,0,0,0.0,507.7086758083767,24.732872009277344,2020-09-01,0,4.81764243954447,0.0,0.0,94.83215671115452,24.04257282457854,0.0,1,6.0843846e-05,0
LR1517,Wedjah,Sinoe,3021.0,627.07019832,2020,10,0,0,0.0,388.6697709825304,25.50973751670436,2020-10-01,0,4.81764243954447,0.0,0.0,507.7086758083767,24.732872009277344,0.0,1,5.9260172e-05,0
LR1517,Wedjah,Sinoe,3021.0,627.07019832,2020,11,0,0,0.0,254.64268408881293,25.84937316492984,2020-11-01,0,4.81764243954447,0.0,0.0,388.6697709825304,25.50973751670436,0.0,0,3.7467955e-05,0
LR1517,Wedjah,Sinoe,3021.0,627.07019832,2020,12,0,0,0.0,145.25338236490884,25.990561435097145,2020-12-01,0,4.81764243954447,0.0,0.0,254.64268408881293,25.84937316492984,0.0,0,0.0001740358,0
LR1517,Wedjah,Sinoe,3021.0,627.07019832,2021,1,0,0,0.0,42.62706163194444,25.912047335976048,2021-01-01,0,4.81764243954447,0.0,0.0,145.25338236490884,25.990561435097145,0.0,0,0.000614166,0
LR1517,Wedjah,Sinoe,3021.0,627.07019832,2021,2,0,0,0.0,168.28470696343314,26.53281111466257,2021-02-01,0,4.81764243954447,0.0,0.0,42.62706163194444,25.912047335976048,0.0,0,9.646779e-06,0
LR1517,Wedjah,Sinoe,3021.0,627.07019832,2021,3,0,0,0.0,254.68612925211588,25.88006501448782,2021-03-01,0,4.81764243954447,0.0,0.0,168.28470696343314,26.53281111466257,0.0,0,2.8880988e-05,0
LR1517,Wedjah,Sinoe,3021.0,627.07019832,2021,4,0,0,0.0,165.5770526462131,26.403064125462585,2021-04-01,0,4.81764243954447,0.0,0.0,254.68612925211588,25.88006501448782,0.0,0,0.00020541408,0
LR1517,Wedjah,Sinoe,3021.0,627.07019832,2021,5,0,0,0.0,288.343010796441,26.373591874775133,2021-05-01,0,4.81764243954447,0.0,0.0,165.5770526462131,26.403064125462585,0.0,1,9.344441e-05,0
LR1517,Wedjah,Sinoe,3021.0,627.07019832,2021,6,0,0,0.0,678.6628282335068,25.61719753867701,2021-06-01,0,4.81764243954447,0.0,0.0,288.343010796441,26.373591874775133,0.0,1,0.00027105873,0
LR1517,Wedjah,Sinoe,3021.0,627.07019832,2021,7,0,0,0.0,248.43953280978727,24.556722741377985,2021-07-01,0,4.81764243954447,0.0,0.0,678.6628282335068,25.61719753867701,0.0,1,0.00042847323,0
LR1517,Wedjah,Sinoe,3021.0,627.07019832,2021,8,0,0,0.0,290.50784895155164,24.69945365504215,2021-08-01,0,4.81764243954447,0.0,0.0,248.43953280978727,24.556722741377985,0.0,1,0.0013518281,0
LR1517,Wedjah,Sinoe,3021.0,627.07019832,2021,9,0,0,0.0,636.9356689453124,25.092536725496,2021-09-01,0,4.81764243954447,0.0,0.0,290.50784895155164,24.69945365504215,0.0,1,6.593622e-05,0
LR1517,Wedjah,Sinoe,3021.0,627.07019832,2021,10,0,0,0.0,347.1366628011068,25.77865429928428,2021-10-01,0,4.81764243954447,0.0,0.0,636.9356689453124,25.092536725496,0.0,1,2.7747601e-05,0
LR1517,Wedjah,Sinoe,3021.0,627.07019832,2021,11,0,0,0.0,204.79884338378903,25.957615501002262,2021-11-01,0,4.81764243954447,0.0,0.0,347.1366628011068,25.77865429928428,0.0,0,6.997239e-05,0
LR1517,Wedjah,Sinoe,3021.0,627.07019832,2021,12,0,0,0.0,76.94289822048611,26.329812401219417,2021-12-01,0,4.81764243954447,0.0,0.0,204.79884338378903,25.957615501002262,0.0,0,2.6042724e-05,0
LR1517,Wedjah,Sinoe,3021.0,627.07019832,2022,1,0,0,0.0,31.117092238532173,25.710308576885023,2022-01-01,0,4.81764243954447,0.0,0.0,76.94289822048611,26.329812401219417,0.0,0,0.0001988573,0
LR1517,Wedjah,Sinoe,3021.0,627.07019832,2022,2,0,0,0.0,106.94076156616212,26.378633398758737,2022-02-01,0,4.81764243954447,0.0,0.0,31.117092238532173,25.710308576885023,0.0,0,6.303053e-06,0
LR1517,Wedjah,Sinoe,3021.0,627.07019832,2022,3,0,0,0.0,196.0667105780707,26.22763081600792,2022-03-01,0,4.81764243954447,0.0,0.0,106.94076156616212,26.378633398758737,0.0,0,2.9603723e-05,0
LR1517,Wedjah,Sinoe,3021.0,627.07019832,2022,4,0,0,0.0,208.7001266479492,26.4164770025956,2022-04-01,0,4.81764243954447,0.0,0.0,196.0667105780707,26.22763081600792,0.0,0,7.3458614e-05,0
LR1517,Wedjah,Sinoe,3021.0,627.07019832,2022,5,0,0,0.0,359.8411560058594,26.17280849657561,2022-05-01,0,4.81764243954447,0.0,0.0,208.7001266479492,26.4164770025956,0.0,1,0.00047325104,0
LR1517,Wedjah,Sinoe,3021.0,627.07019832,2022,6,0,0,0.0,691.5730692545573,25.311057542499743,2022-06-01,0,4.81764243954447,0.0,0.0,359.8411560058594,26.17280849657561,0.0,1,0.00030696185,0
LR1517,Wedjah,Sinoe,3021.0,627.07019832,2022,7,0,0,0.0,59.69415028889974,24.2493896484375,2022-07-01,0,4.81764243954447,0.0,0.0,691.5730692545573,25.311057542499743,0.0,1,0.00013060057,0
LR1517,Wedjah,Sinoe,3021.0,627.07019832,2022,8,0,0,0.0,188.10160912407767,24.07411394621197,2022-08-01,0,4.81764243954447,0.0,0.0,59.69415028889974,24.2493896484375,0.0,1,1.2677102e-05,0
LR1517,Wedjah,Sinoe,3021.0,627.07019832,2022,9,0,0,0.0,365.6944936116537,24.501954931961865,2022-09-01,0,4.81764243954447,0.0,0.0,188.10160912407767,24.07411394621197,0.0,1,0.00027588842,0
LR1517,Wedjah,Sinoe,3021.0,627.07019832,2022,10,0,0,0.0,395.4407518174913,25.54747340553685,2022-10-01,0,4.81764243954447,0.0,0.0,365.6944936116537,24.501954931961865,0.0,1,0.00023674495,0
LR1517,Wedjah,Sinoe,3021.0,627.07019832,2022,11,0,0,0.0,273.5869318644206,25.629955090974505,2022-11-01,0,4.81764243954447,0.0,0.0,395.4407518174913,25.54747340553685,0.0,0,7.952044e-05,0
LR1517,Wedjah,Sinoe,3021.0,627.07019832,2022,12,0,0,0.0,108.52140341864693,25.6346906360827,2022-12-01,0,4.81764243954447,0.0,0.0,273.5869318644206,25.629955090974505,0.0,0,7.509495e-05,0
LR1517,Wedjah,Sinoe,3021.0,627.07019832,2023,1,0,0,0.0,32.68422561221652,25.782695770263672,2023-01-01,0,4.81764243954447,0.0,0.0,108.52140341864693,25.6346906360827,0.0,0,0.0007946638,0
LR1517,Wedjah,Sinoe,3021.0,627.07019832,2023,2,0,0,0.0,56.28211445278591,26.67978116085655,2023-02-01,0,4.81764243954447,0.0,0.0,32.68422561221652,25.782695770263672,0.0,0,2.5900013e-05,0
